# Blender 5.1.2
# www.blender.org
mtllib obj_23.mtl
o obj_23
v -0.017317 -0.017250 -0.018217
v -0.013788 -0.018250 -0.020977
v -0.011855 -0.018250 -0.022113
v -0.009829 -0.017250 -0.023073
v -0.005562 -0.018250 -0.024439
v -0.005562 -0.017250 -0.024439
v 0.001121 -0.018250 -0.025032
v 0.007725 -0.017250 -0.023851
v 0.011855 -0.018250 -0.022113
v 0.013788 -0.017250 -0.020977
v 0.015614 -0.017250 -0.019675
v -0.011855 -0.017250 -0.022113
v -0.007725 -0.018250 -0.023851
v -0.001121 -0.018250 -0.025032
v 0.001121 -0.017250 -0.025032
v 0.005562 -0.017250 -0.024439
v 0.007725 -0.018250 -0.023851
v 0.009829 -0.018250 -0.023073
v 0.011855 -0.017250 -0.022113
v 0.013788 -0.018250 -0.020977
v 0.017317 -0.017250 -0.018217
v 0.030390 -0.018250 -0.020864
v 0.030390 -0.017250 -0.020864
v 0.034388 -0.018250 -0.022826
v 0.034388 -0.017250 -0.022826
v 0.045333 -0.017250 -0.024379
v 0.047543 -0.018250 -0.024091
v 0.047543 -0.017250 -0.024091
v 0.053895 -0.018250 -0.022060
v 0.055862 -0.018250 -0.021012
v 0.055862 -0.017250 -0.021012
v 0.057727 -0.017250 -0.019791
v 0.059474 -0.017250 -0.018407
v 0.063875 -0.018250 -0.013396
v 0.067773 -0.017250 0.003617
v 0.067374 -0.017250 0.005810
v 0.063875 -0.017250 0.013962
v 0.061090 -0.018250 0.017437
v 0.059474 -0.018250 0.018972
v 0.045333 -0.017250 0.024945
v 0.038673 -0.017250 0.024606
v 0.036503 -0.018250 0.024095
v 0.028540 -0.018250 0.020187
v 0.040880 -0.018250 -0.024353
v 0.043106 -0.018250 -0.024466
v 0.049719 -0.018250 -0.023606
v 0.051842 -0.018250 -0.022927
v 0.057727 -0.018250 -0.019791
v 0.059474 -0.018250 -0.018407
v 0.061090 -0.018250 -0.016871
v 0.062561 -0.017250 -0.015196
v 0.063875 -0.017250 -0.013396
v 0.066779 -0.017250 -0.007393
v 0.067773 -0.018250 -0.003052
v 0.067974 -0.018250 -0.000832
v 0.067974 -0.018250 0.001397
v 0.067773 -0.018250 0.003617
v 0.067374 -0.018250 0.005810
v 0.066779 -0.017250 0.007958
v 0.057727 -0.017250 0.020356
v 0.055862 -0.018250 0.021578
v 0.051842 -0.017250 0.023493
v 0.049719 -0.017250 0.024172
v 0.047543 -0.018250 0.024657
v 0.034388 -0.017250 0.023392
v 0.032345 -0.017250 0.022501
v 0.032345 -0.018250 0.022501
v 0.030390 -0.017250 0.021430
v 0.026808 -0.017250 0.018783
v 0.015637 -0.018250 0.018783
v 0.013956 -0.018250 0.020081
v 0.012168 -0.017250 0.021228
v 0.004228 -0.018250 0.024134
v -0.004228 -0.018250 0.024134
v -0.004228 -0.017250 0.024134
v -0.013956 -0.018250 0.020081
v 0.012168 -0.018250 0.021228
v 0.010286 -0.017250 0.022213
v 0.010286 -0.018250 0.022213
v 0.008326 -0.018250 0.023030
v 0.002122 -0.018250 0.024413
v 0.000000 -0.018250 0.024506
v -0.010286 -0.017250 0.022213
v -0.015637 -0.018250 0.018783
v -0.015637 -0.017250 0.018783
v -0.026808 -0.018250 0.018783
v -0.026808 -0.017250 0.018783
v -0.028540 -0.018250 0.020187
v -0.032345 -0.017250 0.022501
v -0.032345 -0.018250 0.022501
v -0.036503 -0.017250 0.024095
v -0.038673 -0.018250 0.024606
v -0.040880 -0.018250 0.024919
v -0.040880 -0.017250 0.024919
v -0.047543 -0.017250 0.024657
v -0.049719 -0.017250 0.024172
v -0.053895 -0.017250 0.022626
v -0.055862 -0.018250 0.021578
v -0.061090 -0.018250 0.017437
v -0.062561 -0.017250 0.015762
v -0.063875 -0.017250 0.013962
v -0.065993 -0.018250 0.010044
v -0.067974 -0.018250 -0.000832
v -0.067974 -0.017250 -0.000832
v -0.065993 -0.017250 -0.009478
v -0.061090 -0.017250 -0.016871
v -0.059474 -0.018250 -0.018407
v -0.059474 -0.017250 -0.018407
v -0.057727 -0.018250 -0.019791
v -0.057727 -0.017250 -0.019791
v -0.055862 -0.017250 -0.021012
v -0.051842 -0.017250 -0.022927
v -0.049719 -0.017250 -0.023606
v -0.049719 -0.018250 -0.023606
v -0.043106 -0.017250 -0.024466
v -0.040880 -0.017250 -0.024353
v -0.038673 -0.017250 -0.024040
v -0.032345 -0.017250 -0.021935
v -0.030390 -0.017250 -0.020864
v -0.043106 -0.018250 0.025032
v -0.051842 -0.018250 0.023493
v -0.053895 -0.018250 0.022626
v -0.059474 -0.018250 0.018972
v -0.061090 -0.017250 0.017437
v -0.065022 -0.018250 0.012051
v -0.066779 -0.018250 0.007958
v -0.067773 -0.018250 0.003617
v -0.067974 -0.018250 0.001397
v -0.065022 -0.017250 -0.011485
v -0.065022 -0.018250 -0.011485
v -0.063875 -0.017250 -0.013396
v -0.061090 -0.018250 -0.016871
v -0.055862 -0.018250 -0.021012
v -0.053895 -0.018250 -0.022060
v -0.051842 -0.018250 -0.022927
v -0.047543 -0.018250 -0.024091
v -0.043106 -0.018250 -0.024466
v -0.036503 -0.018250 -0.023530
v -0.034388 -0.017250 -0.022826
v -0.032345 -0.018250 -0.021935
v -0.028540 -0.017250 -0.019621
v -0.026808 -0.017250 -0.018217
v -0.017317 -0.018250 -0.018217
v -0.026808 -0.018250 -0.018217
v -0.026433 -0.018250 -0.019217
v -0.028540 -0.018250 -0.019621
v -0.030390 -0.018250 -0.020864
v -0.036527 -0.018250 -0.024574
v -0.040880 -0.018250 -0.024353
v -0.045333 -0.018250 -0.024379
v -0.047946 -0.018250 -0.025035
v -0.050190 -0.018250 -0.024514
v -0.056520 -0.018250 -0.021784
v -0.061899 -0.018250 -0.017472
v -0.065993 -0.018250 -0.009478
v -0.068357 -0.018250 -0.005431
v -0.068767 -0.018250 -0.003164
v -0.068973 -0.018250 -0.000869
v -0.068973 -0.018250 0.001435
v -0.009829 -0.018250 -0.023073
v -0.003355 -0.018250 -0.024834
v -0.001142 -0.018250 -0.026032
v -0.003417 -0.018250 -0.025834
v 0.003417 -0.018250 -0.025834
v 0.003355 -0.018250 -0.024834
v 0.005562 -0.018250 -0.024439
v 0.017317 -0.018250 -0.018217
v 0.026808 -0.018250 -0.018217
v 0.026433 -0.018250 -0.019217
v 0.028243 -0.018250 -0.020642
v 0.028540 -0.018250 -0.019621
v 0.032345 -0.018250 -0.021935
v 0.036503 -0.018250 -0.023530
v 0.038673 -0.018250 -0.024040
v 0.045333 -0.018250 -0.024379
v 0.045664 -0.018250 -0.025353
v 0.043363 -0.018250 -0.025467
v 0.015614 -0.018250 -0.019675
v 0.030174 -0.018250 -0.021900
v 0.041061 -0.018250 -0.025374
v 0.058440 -0.018250 -0.020509
v 0.063412 -0.018250 -0.015734
v 0.065022 -0.018250 -0.011485
v 0.066779 -0.018250 -0.007393
v 0.068973 -0.018250 0.001435
v 0.066779 -0.018250 0.007958
v 0.066938 -0.018250 0.010376
v 0.065993 -0.018250 0.010044
v 0.065022 -0.018250 0.012051
v 0.065941 -0.018250 0.012453
v 0.064763 -0.018250 0.014433
v 0.062561 -0.018250 0.015762
v 0.058440 -0.018250 0.021075
v 0.053895 -0.018250 0.022626
v 0.051842 -0.018250 0.023493
v 0.052379 -0.018250 0.024360
v 0.045664 -0.018250 0.025919
v 0.054495 -0.018250 -0.022882
v 0.060238 -0.018250 -0.019068
v 0.062561 -0.018250 -0.015196
v 0.064763 -0.018250 -0.013867
v 0.066938 -0.018250 -0.009811
v 0.065993 -0.018250 -0.009478
v 0.068357 -0.018250 -0.005431
v 0.067374 -0.018250 -0.005245
v 0.068973 -0.018250 -0.000869
v 0.063875 -0.018250 0.013962
v 0.063412 -0.018250 0.016299
v 0.057727 -0.018250 0.020356
v 0.056520 -0.018250 0.022349
v 0.049719 -0.018250 0.024172
v 0.045333 -0.018250 0.024945
v 0.043106 -0.018250 0.025032
v 0.038673 -0.018250 0.024606
v 0.034388 -0.018250 0.023392
v 0.030174 -0.018250 0.022465
v 0.030390 -0.018250 0.021430
v 0.028243 -0.018250 0.021208
v 0.026433 -0.018250 0.019783
v 0.026808 -0.018250 0.018783
v 0.015999 -0.018250 0.019783
v 0.012430 -0.018250 0.022230
v 0.006301 -0.018250 0.023672
v 0.040880 -0.018250 0.024919
v 0.036527 -0.018250 0.025140
v 0.008496 -0.018250 0.024032
v 0.002164 -0.018250 0.025413
v -0.002122 -0.018250 0.024413
v -0.008326 -0.018250 0.023030
v -0.010286 -0.018250 0.022213
v -0.012168 -0.018250 0.021228
v -0.026433 -0.018250 0.019783
v -0.028243 -0.018250 0.021208
v -0.030390 -0.018250 0.021430
v -0.036503 -0.018250 0.024095
v -0.036527 -0.018250 0.025140
v -0.041061 -0.018250 0.025939
v -0.045333 -0.018250 0.024945
v -0.045664 -0.018250 0.025919
v -0.006427 -0.018250 0.024673
v -0.006301 -0.018250 0.023672
v -0.015999 -0.018250 0.019783
v -0.030174 -0.018250 0.022465
v -0.034388 -0.018250 0.023392
v -0.034332 -0.018250 0.024439
v -0.038776 -0.018250 0.025641
v -0.043363 -0.018250 0.026032
v -0.047543 -0.018250 0.024657
v -0.049719 -0.018250 0.024172
v -0.052379 -0.018250 0.024360
v -0.056520 -0.018250 0.022349
v -0.057727 -0.018250 0.020356
v -0.062561 -0.018250 0.015762
v -0.063875 -0.018250 0.013962
v -0.066938 -0.018250 0.010376
v -0.067374 -0.018250 0.005810
v -0.050190 -0.018250 0.025079
v -0.060238 -0.018250 0.019634
v -0.064763 -0.018250 0.014433
v -0.068357 -0.018250 0.005997
v -0.067773 -0.018250 -0.003052
v -0.067374 -0.018250 -0.005245
v -0.066779 -0.018250 -0.007393
v -0.067746 -0.018250 -0.007653
v -0.066938 -0.018250 -0.009811
v -0.063875 -0.018250 -0.013396
v -0.062561 -0.018250 -0.015196
v -0.060238 -0.018250 -0.019068
v -0.058440 -0.018250 -0.020509
v -0.038673 -0.018250 -0.024040
v -0.034388 -0.018250 -0.022826
v -0.015614 -0.018250 -0.019675
v 0.017707 -0.017250 -0.019217
v 0.028540 -0.017250 -0.019621
v 0.026808 -0.017250 -0.018217
v 0.026433 -0.017250 -0.019217
v 0.032209 -0.017250 -0.022980
v 0.034332 -0.017250 -0.023873
v 0.047946 -0.017250 -0.025035
v 0.050190 -0.017250 -0.024514
v 0.049719 -0.017250 -0.023606
v 0.054495 -0.017250 -0.022882
v 0.053895 -0.017250 -0.022060
v 0.060238 -0.017250 -0.019068
v 0.061899 -0.017250 -0.017472
v 0.063412 -0.017250 -0.015734
v 0.065993 -0.017250 -0.009478
v 0.067746 -0.017250 -0.007653
v 0.068357 -0.017250 -0.005431
v 0.068767 -0.017250 -0.003164
v 0.067773 -0.017250 -0.003052
v 0.068973 -0.017250 -0.000869
v 0.067974 -0.017250 0.001397
v 0.068973 -0.017250 0.001435
v 0.015951 -0.017250 -0.020678
v 0.014076 -0.017250 -0.021981
v 0.009829 -0.017250 -0.023073
v 0.005667 -0.017250 -0.025440
v 0.003355 -0.017250 -0.024834
v -0.001121 -0.017250 -0.025032
v -0.001142 -0.017250 -0.026032
v 0.010022 -0.017250 -0.024076
v 0.007874 -0.017250 -0.024853
v -0.003417 -0.017250 -0.025834
v -0.003355 -0.017250 -0.024834
v -0.007725 -0.017250 -0.023851
v -0.013788 -0.017250 -0.020977
v -0.026433 -0.017250 -0.019217
v -0.028243 -0.017250 -0.020642
v -0.036503 -0.017250 -0.023530
v -0.036527 -0.017250 -0.024574
v -0.038776 -0.017250 -0.025075
v -0.041061 -0.017250 -0.025374
v -0.045333 -0.017250 -0.024379
v -0.045664 -0.017250 -0.025353
v -0.043363 -0.017250 -0.025467
v -0.007874 -0.017250 -0.024853
v -0.010022 -0.017250 -0.024076
v -0.014076 -0.017250 -0.021981
v -0.015614 -0.017250 -0.019675
v -0.017707 -0.017250 -0.019217
v -0.047543 -0.017250 -0.024091
v -0.047946 -0.017250 -0.025035
v -0.050190 -0.017250 -0.024514
v -0.053895 -0.017250 -0.022060
v -0.062561 -0.017250 -0.015196
v -0.067746 -0.017250 -0.007653
v -0.067374 -0.017250 -0.005245
v -0.067773 -0.017250 -0.003052
v -0.067974 -0.017250 0.001397
v -0.067773 -0.017250 0.003617
v -0.067374 -0.017250 0.005810
v -0.066938 -0.017250 0.010376
v -0.065993 -0.017250 0.010044
v -0.065022 -0.017250 0.012051
v -0.059474 -0.017250 0.018972
v -0.057727 -0.017250 0.020356
v -0.055862 -0.017250 0.021578
v -0.051842 -0.017250 0.023493
v -0.045333 -0.017250 0.024945
v -0.058440 -0.017250 -0.020509
v -0.061899 -0.017250 -0.017472
v -0.064763 -0.017250 -0.013867
v -0.065941 -0.017250 -0.011888
v -0.066779 -0.017250 -0.007393
v -0.068767 -0.017250 -0.003164
v -0.068973 -0.017250 -0.000869
v -0.068357 -0.017250 0.005997
v -0.066779 -0.017250 0.007958
v -0.067746 -0.017250 0.008218
v -0.064763 -0.017250 0.014433
v -0.058440 -0.017250 0.021075
v -0.043106 -0.017250 0.025032
v -0.038673 -0.017250 0.024606
v -0.034388 -0.017250 0.023392
v -0.030390 -0.017250 0.021430
v -0.028540 -0.017250 0.020187
v -0.026433 -0.017250 0.019783
v -0.013956 -0.017250 0.020081
v -0.012430 -0.017250 0.022230
v -0.012168 -0.017250 0.021228
v -0.006301 -0.017250 0.023672
v -0.004311 -0.017250 0.025135
v -0.002164 -0.017250 0.025413
v 0.000000 -0.017250 0.024506
v 0.000000 -0.017250 0.025506
v -0.041061 -0.017250 0.025939
v -0.028243 -0.017250 0.021208
v -0.008326 -0.017250 0.023030
v -0.002122 -0.017250 0.024413
v 0.002122 -0.017250 0.024413
v 0.002164 -0.017250 0.025413
v 0.004311 -0.017250 0.025135
v 0.008326 -0.017250 0.023030
v 0.012430 -0.017250 0.022230
v 0.013956 -0.017250 0.020081
v 0.015637 -0.017250 0.018783
v 0.028540 -0.017250 0.020187
v 0.026433 -0.017250 0.019783
v 0.028243 -0.017250 0.021208
v 0.036503 -0.017250 0.024095
v 0.004228 -0.017250 0.024134
v 0.006301 -0.017250 0.023672
v 0.008496 -0.017250 0.024032
v 0.010502 -0.017250 0.023216
v 0.015999 -0.017250 0.019783
v 0.036527 -0.017250 0.025140
v 0.038776 -0.017250 0.025641
v 0.040880 -0.017250 0.024919
v 0.043106 -0.017250 0.025032
v 0.047543 -0.017250 0.024657
v 0.052379 -0.017250 0.024360
v 0.054495 -0.017250 0.023447
v 0.055862 -0.017250 0.021578
v 0.061090 -0.017250 0.017437
v 0.063412 -0.017250 0.016299
v 0.062561 -0.017250 0.015762
v 0.066938 -0.017250 0.010376
v 0.067746 -0.017250 0.008218
v 0.053895 -0.017250 0.022626
v 0.060238 -0.017250 0.019634
v 0.059474 -0.017250 0.018972
v 0.064763 -0.017250 0.014433
v 0.065022 -0.017250 0.012051
v 0.065993 -0.017250 0.010044
v 0.068357 -0.017250 0.005997
v 0.067974 -0.017250 -0.000832
v 0.067374 -0.017250 -0.005245
v 0.065022 -0.017250 -0.011485
v 0.065941 -0.017250 -0.011888
v 0.061090 -0.017250 -0.016871
v 0.058440 -0.017250 -0.020509
v 0.051842 -0.017250 -0.022927
v 0.052379 -0.017250 -0.023794
v 0.043106 -0.017250 -0.024466
v 0.040880 -0.017250 -0.024353
v 0.038673 -0.017250 -0.024040
v 0.036503 -0.017250 -0.023530
v 0.032345 -0.017250 -0.021935
v 0.030174 -0.017250 -0.021900
v 0.028243 -0.034750 -0.020642
v 0.032209 -0.034750 -0.022980
v 0.038776 -0.018250 -0.025075
v 0.045664 -0.034750 -0.025353
v 0.050190 -0.018250 -0.024514
v 0.052379 -0.018250 -0.023794
v 0.056520 -0.018250 -0.021784
v 0.058440 -0.034750 -0.020509
v 0.061899 -0.018250 -0.017472
v 0.063412 -0.034750 -0.015734
v 0.065941 -0.018250 -0.011888
v 0.067746 -0.018250 -0.007653
v 0.068973 -0.034750 0.001435
v 0.068767 -0.018250 0.003730
v 0.068357 -0.018250 0.005997
v 0.061899 -0.018250 0.018038
v 0.061899 -0.034750 0.018038
v 0.060238 -0.018250 0.019634
v 0.054495 -0.034750 0.023447
v 0.047946 -0.018250 0.025601
v 0.038776 -0.018250 0.025641
v 0.034332 -0.034750 0.024439
v 0.034332 -0.018250 0.024439
v 0.032209 -0.018250 -0.022980
v 0.034332 -0.018250 -0.023873
v 0.034332 -0.034750 -0.023873
v 0.036527 -0.018250 -0.024574
v 0.036527 -0.034750 -0.024574
v 0.041061 -0.034750 -0.025374
v 0.043363 -0.034750 -0.025467
v 0.047946 -0.018250 -0.025035
v 0.047946 -0.034750 -0.025035
v 0.050190 -0.034750 -0.024514
v 0.056520 -0.034750 -0.021784
v 0.064763 -0.034750 -0.013867
v 0.065941 -0.034750 -0.011888
v 0.068767 -0.018250 -0.003164
v 0.068973 -0.034750 -0.000869
v 0.067746 -0.018250 0.008218
v 0.067746 -0.034750 0.008218
v 0.065941 -0.034750 0.012453
v 0.064763 -0.034750 0.014433
v 0.063412 -0.034750 0.016299
v 0.056520 -0.034750 0.022349
v 0.054495 -0.018250 0.023447
v 0.052379 -0.034750 0.024360
v 0.050190 -0.018250 0.025079
v 0.043363 -0.018250 0.026032
v 0.043363 -0.034750 0.026032
v 0.041061 -0.018250 0.025939
v 0.041061 -0.034750 0.025939
v 0.038776 -0.034750 0.025641
v 0.032209 -0.018250 0.023545
v 0.030174 -0.034750 0.022465
v 0.028243 -0.034750 0.021208
v 0.032209 -0.017250 0.023545
v 0.034332 -0.017250 0.024439
v 0.036527 0.001250 0.025140
v 0.038776 0.001250 0.025641
v 0.041061 -0.017250 0.025939
v 0.041061 0.001250 0.025939
v 0.043363 -0.017250 0.026032
v 0.045664 -0.017250 0.025919
v 0.047946 -0.017250 0.025601
v 0.050190 -0.017250 0.025079
v 0.056520 -0.017250 0.022349
v 0.058440 -0.017250 0.021075
v 0.060238 0.001250 0.019634
v 0.061899 -0.017250 0.018038
v 0.061899 0.001250 0.018038
v 0.064763 0.001250 0.014433
v 0.065941 -0.017250 0.012453
v 0.067746 0.001250 0.008218
v 0.068767 -0.017250 0.003730
v 0.068973 0.001250 -0.000869
v 0.058440 0.001250 -0.020509
v 0.056520 0.001250 -0.021784
v 0.056520 -0.017250 -0.021784
v 0.052379 0.001250 -0.023794
v 0.047946 0.001250 -0.025035
v 0.045664 -0.017250 -0.025353
v 0.045664 0.001250 -0.025353
v 0.043363 -0.017250 -0.025467
v 0.041061 -0.017250 -0.025374
v 0.041061 0.001250 -0.025374
v 0.036527 0.001250 -0.024574
v 0.036527 -0.017250 -0.024574
v 0.034332 0.001250 -0.023873
v 0.032209 0.001250 -0.022980
v 0.028243 -0.017250 -0.020642
v 0.026433 0.001250 -0.019217
v 0.028243 0.001250 0.021208
v 0.030174 -0.017250 0.022465
v 0.043363 0.001250 0.026032
v 0.052379 0.001250 0.024360
v 0.065941 0.001250 0.012453
v 0.066938 0.001250 0.010376
v 0.068357 0.001250 0.005997
v 0.068767 0.001250 0.003730
v 0.066938 -0.017250 -0.009811
v 0.064763 -0.017250 -0.013867
v 0.061899 0.001250 -0.017472
v 0.050190 0.001250 -0.024514
v 0.038776 -0.017250 -0.025075
v 0.030174 0.001250 -0.021900
v 0.014267 -0.018250 0.021083
v 0.010502 -0.018250 0.023216
v 0.006427 -0.018250 0.024673
v 0.004311 -0.018250 0.025135
v 0.006427 -0.034750 0.024673
v 0.000000 -0.018250 0.025506
v -0.002164 -0.018250 0.025413
v -0.006427 -0.034750 0.024673
v -0.008496 -0.018250 0.024032
v -0.010502 -0.018250 0.023216
v -0.012430 -0.018250 0.022230
v -0.014267 -0.018250 0.021083
v -0.004311 -0.018250 0.025135
v -0.004311 -0.034750 0.025135
v -0.008496 -0.034750 0.024032
v -0.012430 -0.034750 0.022230
v 0.017707 -0.018250 -0.019217
v -0.015951 -0.034750 -0.020678
v -0.015951 -0.018250 -0.020678
v -0.010022 -0.018250 -0.024076
v -0.007874 -0.018250 -0.024853
v -0.005667 -0.034750 -0.025440
v -0.005667 -0.018250 -0.025440
v -0.001142 -0.034750 -0.026032
v 0.001142 -0.018250 -0.026032
v 0.005667 -0.034750 -0.025440
v 0.005667 -0.018250 -0.025440
v 0.007874 -0.018250 -0.024853
v 0.010022 -0.018250 -0.024076
v 0.012094 -0.018250 -0.023116
v 0.015951 -0.018250 -0.020678
v -0.014076 -0.018250 -0.021981
v -0.012094 -0.018250 -0.023116
v 0.001142 -0.034750 -0.026032
v 0.007874 -0.034750 -0.024853
v 0.010022 -0.034750 -0.024076
v 0.012094 -0.034750 -0.023116
v 0.014076 -0.018250 -0.021981
v 0.001142 -0.017250 -0.026032
v -0.001142 0.001250 -0.026032
v -0.005667 0.001250 -0.025440
v -0.010022 0.001250 -0.024076
v -0.012094 0.001250 -0.023116
v -0.014076 0.001250 -0.021981
v -0.015951 0.001250 -0.020678
v 0.012094 -0.017250 -0.023116
v 0.012094 0.001250 -0.023116
v 0.010022 0.001250 -0.024076
v 0.005667 0.001250 -0.025440
v 0.003417 -0.017250 -0.025834
v 0.003417 0.001250 -0.025834
v 0.001142 0.001250 -0.026032
v -0.003417 0.001250 -0.025834
v -0.005667 -0.017250 -0.025440
v -0.012094 -0.017250 -0.023116
v -0.015951 -0.017250 -0.020678
v -0.030174 -0.034750 0.022465
v -0.032209 -0.018250 0.023545
v -0.047946 -0.034750 0.025601
v -0.054495 -0.018250 0.023447
v -0.061899 -0.018250 0.018038
v -0.063412 -0.018250 0.016299
v -0.066938 -0.034750 0.010376
v -0.068357 -0.034750 0.005997
v -0.068767 -0.018250 0.003730
v -0.068973 -0.034750 0.001435
v -0.068357 -0.034750 -0.005431
v -0.067746 -0.034750 -0.007653
v -0.065941 -0.018250 -0.011888
v -0.064763 -0.018250 -0.013867
v -0.063412 -0.018250 -0.015734
v -0.056520 -0.034750 -0.021784
v -0.054495 -0.034750 -0.022882
v -0.045664 -0.034750 -0.025353
v -0.043363 -0.034750 -0.025467
v -0.043363 -0.018250 -0.025467
v -0.041061 -0.034750 -0.025374
v -0.041061 -0.018250 -0.025374
v -0.034332 -0.034750 -0.023873
v -0.034332 -0.018250 -0.023873
v -0.028243 -0.034750 0.021208
v -0.032209 -0.034750 0.023545
v -0.034332 -0.034750 0.024439
v -0.038776 -0.034750 0.025641
v -0.041061 -0.034750 0.025939
v -0.047946 -0.018250 0.025601
v -0.058440 -0.018250 0.021075
v -0.060238 -0.034750 0.019634
v -0.061899 -0.034750 0.018038
v -0.065941 -0.018250 0.012453
v -0.067746 -0.018250 0.008218
v -0.068767 -0.034750 0.003730
v -0.066938 -0.034750 -0.009811
v -0.065941 -0.034750 -0.011888
v -0.063412 -0.034750 -0.015734
v -0.058440 -0.034750 -0.020509
v -0.054495 -0.018250 -0.022882
v -0.052379 -0.018250 -0.023794
v -0.050190 -0.034750 -0.024514
v -0.045664 -0.018250 -0.025353
v -0.038776 -0.018250 -0.025075
v -0.038776 -0.034750 -0.025075
v -0.036527 -0.034750 -0.024574
v -0.032209 -0.018250 -0.022980
v -0.032209 -0.034750 -0.022980
v -0.030174 -0.034750 -0.021900
v -0.030174 -0.018250 -0.021900
v -0.028243 -0.018250 -0.020642
v -0.026433 -0.034750 -0.019217
v -0.017707 -0.018250 -0.019217
v 0.035979 0.000250 -0.016269
v 0.035979 0.001250 -0.016269
v 0.036075 0.000250 -0.016994
v 0.035699 0.000250 -0.015594
v 0.034675 0.001250 -0.014569
v 0.033275 0.001250 -0.014194
v 0.033999 0.000250 -0.014290
v 0.033275 0.000250 -0.014194
v 0.031295 0.001250 -0.015014
v 0.030475 0.001250 -0.016994
v 0.030570 0.000250 -0.016269
v 0.032550 0.000250 -0.019699
v 0.033275 0.000250 -0.019794
v 0.033999 0.001250 -0.019699
v 0.034675 0.000250 -0.019419
v 0.035699 0.000250 -0.018394
v 0.035254 0.000250 -0.015014
v 0.032550 0.000250 -0.014290
v 0.030850 0.000250 -0.015594
v 0.030570 0.001250 -0.016269
v 0.030475 0.000250 -0.016994
v 0.030570 0.001250 -0.017719
v 0.030570 0.000250 -0.017719
v 0.030850 0.001250 -0.018394
v 0.030850 0.000250 -0.018394
v 0.031295 0.001250 -0.018974
v 0.031295 0.000250 -0.018974
v 0.031875 0.001250 -0.019419
v 0.033275 0.001250 -0.019794
v 0.035699 0.001250 -0.018394
v 0.035979 0.000250 -0.017719
v 0.035254 0.000250 -0.018974
v 0.033999 0.000250 -0.019699
v 0.031875 0.000250 -0.019419
v 0.031295 0.000250 -0.015014
v 0.034675 0.000250 -0.014569
v 0.031875 0.000250 -0.014569
v 0.056024 0.000250 0.017560
v 0.055649 0.000250 0.018960
v 0.052500 0.001250 0.020264
v 0.053224 0.000250 0.020360
v 0.051244 0.000250 0.019540
v 0.050520 0.001250 0.016835
v 0.050424 0.000250 0.017560
v 0.052500 0.001250 0.014855
v 0.053224 0.000250 0.014760
v 0.054624 0.001250 0.015135
v 0.053949 0.000250 0.014855
v 0.055929 0.001250 0.016835
v 0.056024 0.001250 0.017560
v 0.051824 0.001250 0.019985
v 0.051824 0.000250 0.019985
v 0.050520 0.000250 0.018285
v 0.050799 0.000250 0.016160
v 0.051244 0.001250 0.015580
v 0.055204 0.001250 0.015580
v 0.055649 0.001250 0.016160
v 0.055649 0.000250 0.016160
v 0.055929 0.000250 0.016835
v 0.050520 0.000250 0.016835
v 0.051244 0.000250 0.015580
v 0.055204 0.000250 0.015580
v 0.054624 0.000250 0.015135
v 0.052500 0.000250 0.014855
v 0.051824 0.000250 0.015135
v 0.054624 0.000250 0.019985
v 0.052500 0.000250 0.020264
v 0.055929 0.000250 0.018285
v 0.050799 0.000250 0.018960
v 0.055204 0.000250 0.019540
v 0.053949 0.000250 0.020264
v -0.050520 0.000250 -0.016269
v -0.050424 0.000250 -0.016994
v -0.050799 0.000250 -0.015594
v -0.051824 0.001250 -0.014569
v -0.053949 0.001250 -0.014290
v -0.053224 0.000250 -0.014194
v -0.055649 0.000250 -0.015594
v -0.055929 0.000250 -0.017719
v -0.055204 0.001250 -0.018974
v -0.054624 0.001250 -0.019419
v -0.053949 0.001250 -0.019699
v -0.053224 0.001250 -0.019794
v -0.052500 0.000250 -0.019699
v -0.050520 0.000250 -0.017719
v -0.050424 0.001250 -0.016994
v -0.054624 0.001250 -0.014569
v -0.054624 0.000250 -0.014569
v -0.055929 0.001250 -0.016269
v -0.055929 0.000250 -0.016269
v -0.055204 0.000250 -0.018974
v -0.053949 0.000250 -0.019699
v -0.053224 0.000250 -0.019794
v -0.051824 0.001250 -0.019419
v -0.051244 0.001250 -0.018974
v -0.050799 0.001250 -0.018394
v -0.055649 0.000250 -0.018394
v -0.050799 0.000250 -0.018394
v -0.051244 0.000250 -0.018974
v -0.051824 0.000250 -0.019419
v -0.054624 0.000250 -0.019419
v -0.056024 0.000250 -0.016994
v -0.051824 0.000250 -0.014569
v -0.055204 0.000250 -0.015014
v -0.052500 0.000250 -0.014290
v -0.053949 0.000250 -0.014290
v -0.051244 0.000250 -0.015014
v -0.030570 0.000250 0.018285
v -0.030570 0.001250 0.018285
v -0.032550 0.000250 0.020264
v -0.035254 0.000250 0.019540
v -0.035699 0.001250 0.016160
v -0.035699 0.000250 0.016160
v -0.034675 0.000250 0.015135
v -0.032550 0.000250 0.014855
v -0.031295 0.001250 0.015580
v -0.030850 0.000250 0.016160
v -0.030570 0.000250 0.016835
v -0.030475 0.001250 0.017560
v -0.031875 0.001250 0.019985
v -0.032550 0.001250 0.020264
v -0.033275 0.000250 0.020360
v -0.033999 0.000250 0.020264
v -0.034675 0.000250 0.019985
v -0.035699 0.001250 0.018960
v -0.035699 0.000250 0.018960
v -0.035979 0.001250 0.018285
v -0.035979 0.000250 0.018285
v -0.034675 0.001250 0.015135
v -0.033275 0.000250 0.014760
v -0.031875 0.001250 0.015135
v -0.031295 0.000250 0.015580
v -0.030475 0.000250 0.017560
v -0.035254 0.000250 0.015580
v -0.031875 0.000250 0.015135
v -0.033999 0.000250 0.014855
v -0.035979 0.000250 0.016835
v -0.036075 0.000250 0.017560
v -0.030850 0.000250 0.018960
v -0.031295 0.000250 0.019540
v -0.031875 0.000250 0.019985
v 0.026433 -0.034750 -0.019217
v 0.027193 -0.036750 -0.017217
v 0.017707 -0.034750 -0.019217
v -0.014076 -0.034750 -0.021981
v -0.012094 -0.034750 -0.023116
v -0.009631 -0.036750 -0.022070
v -0.010022 -0.034750 -0.024076
v -0.007874 -0.034750 -0.024853
v -0.003417 -0.034750 -0.025834
v 0.003417 -0.034750 -0.025834
v 0.015951 -0.034750 -0.020678
v -0.015268 -0.036750 -0.018673
v -0.007574 -0.036750 -0.022849
v -0.001100 -0.036750 -0.024032
v 0.005455 -0.036750 -0.023438
v 0.014076 -0.034750 -0.021981
v 0.013494 -0.036750 -0.019974
v -0.017707 -0.034750 -0.019217
v -0.028879 -0.036750 -0.018626
v -0.028243 -0.034750 -0.020642
v -0.032603 -0.036750 -0.020947
v -0.041003 -0.036750 -0.023360
v -0.047946 -0.034750 -0.025035
v -0.045392 -0.036750 -0.023370
v -0.049708 -0.036750 -0.022572
v -0.052379 -0.034750 -0.023794
v -0.051792 -0.036750 -0.021877
v -0.055723 -0.036750 -0.019927
v -0.060238 -0.034750 -0.019068
v -0.061899 -0.034750 -0.017472
v -0.059229 -0.036750 -0.017287
v -0.062189 -0.036750 -0.014047
v -0.064763 -0.034750 -0.013867
v -0.064502 -0.036750 -0.010317
v -0.068767 -0.034750 -0.003164
v -0.066898 -0.036750 0.002477
v -0.066594 -0.036750 0.004653
v -0.066090 -0.036750 0.006791
v -0.065941 -0.034750 0.012453
v -0.063432 -0.036750 0.012801
v -0.063412 -0.034750 0.016299
v -0.062189 -0.036750 0.014612
v -0.059229 -0.036750 0.017853
v -0.057537 -0.036750 0.019254
v -0.054495 -0.034750 0.023447
v -0.053803 -0.036750 0.021559
v -0.050190 -0.034750 0.025079
v -0.047568 -0.036750 0.023636
v -0.065391 -0.036750 -0.008308
v -0.068973 -0.034750 -0.000869
v -0.067746 -0.034750 0.008218
v -0.064763 -0.034750 0.014433
v -0.058440 -0.034750 0.021075
v -0.056520 -0.034750 0.022349
v -0.051792 -0.036750 0.022443
v -0.052379 -0.034750 0.024360
v -0.045392 -0.036750 0.023936
v -0.045664 -0.034750 0.025919
v -0.043363 -0.034750 0.026032
v -0.036527 -0.034750 0.025140
v -0.034610 -0.036750 0.022406
v -0.028879 -0.036750 0.019191
v -0.026433 -0.034750 0.019783
v -0.027193 -0.036750 0.017783
v -0.038828 -0.036750 0.023617
v -0.030687 -0.036750 0.020438
v -0.015266 -0.036750 0.017783
v 0.015999 -0.034750 0.019783
v 0.011900 -0.036750 0.020225
v 0.012430 -0.034750 0.022230
v 0.010502 -0.034750 0.023216
v 0.008496 -0.034750 0.024032
v 0.004311 -0.034750 0.025135
v 0.002164 -0.034750 0.025413
v 0.000000 -0.034750 0.025506
v -0.002164 -0.034750 0.025413
v -0.004142 -0.036750 0.023133
v -0.010502 -0.034750 0.023216
v -0.014267 -0.034750 0.021083
v -0.015999 -0.034750 0.019783
v 0.014267 -0.034750 0.021083
v 0.006172 -0.036750 0.022671
v 0.004142 -0.036750 0.023133
v 0.002080 -0.036750 0.023412
v -0.008152 -0.036750 0.022028
v -0.010066 -0.036750 0.021211
v 0.026433 -0.034750 0.019783
v 0.030687 -0.036750 0.020438
v 0.032603 -0.036750 0.021513
v 0.036691 -0.036750 0.023109
v 0.050190 -0.034750 0.025079
v 0.047946 -0.034750 0.025601
v 0.032209 -0.034750 0.023545
v 0.036527 -0.034750 0.025140
v 0.038828 -0.036750 0.023617
v 0.045664 -0.034750 0.025919
v 0.049708 -0.036750 0.023138
v 0.051792 -0.036750 0.022443
v 0.059229 -0.036750 0.017853
v 0.060784 -0.036750 0.016301
v 0.062189 -0.036750 0.014612
v 0.063432 -0.036750 0.012801
v 0.064502 -0.036750 0.010883
v 0.066594 -0.036750 0.004653
v 0.068357 -0.034750 -0.005431
v 0.067746 -0.034750 -0.007653
v 0.065391 -0.036750 -0.008308
v 0.064502 -0.036750 -0.010317
v 0.062189 -0.036750 -0.014047
v 0.054495 -0.034750 -0.022882
v 0.047568 -0.036750 -0.023071
v 0.053803 -0.036750 0.021559
v 0.055723 -0.036750 0.020493
v 0.058440 -0.034750 0.021075
v 0.060238 -0.034750 0.019634
v 0.066938 -0.034750 0.010376
v 0.066090 -0.036750 0.006791
v 0.068357 -0.034750 0.005997
v 0.068767 -0.034750 0.003730
v 0.068767 -0.034750 -0.003164
v 0.066594 -0.036750 -0.004087
v 0.066090 -0.036750 -0.006225
v 0.066938 -0.034750 -0.009811
v 0.061899 -0.034750 -0.017472
v 0.059229 -0.036750 -0.017287
v 0.060238 -0.034750 -0.019068
v 0.057537 -0.036750 -0.018688
v 0.055723 -0.036750 -0.019927
v 0.052379 -0.034750 -0.023794
v 0.041003 -0.036750 -0.023360
v 0.038776 -0.034750 -0.025075
v 0.043198 -0.036750 -0.023467
v 0.034610 -0.036750 -0.021840
v 0.032603 -0.036750 -0.020947
v 0.030174 -0.034750 -0.021900
v -0.014267 -0.017250 0.021083
v -0.014267 0.001250 0.021083
v -0.012430 0.001250 0.022230
v -0.010502 -0.017250 0.023216
v -0.004311 0.001250 0.025135
v -0.002164 0.001250 0.025413
v 0.000000 0.001250 0.025506
v -0.008496 -0.017250 0.024032
v -0.008496 0.001250 0.024032
v -0.006427 -0.017250 0.024673
v 0.006427 0.001250 0.024673
v 0.006427 -0.017250 0.024673
v 0.012430 0.001250 0.022230
v 0.014267 -0.017250 0.021083
v 0.015999 0.001250 0.019783
v 0.014267 0.001250 0.021083
v 0.008496 0.001250 0.024032
v 0.019267 -0.036750 0.003284
v 0.012491 -0.036750 0.015256
v 0.010886 -0.036750 0.016461
v 0.013965 -0.036750 0.013893
v 0.018246 -0.036750 0.007161
v 0.026279 -0.036750 0.009887
v 0.027193 -0.036750 0.017783
v 0.034983 -0.036750 0.017944
v 0.036843 -0.036750 0.018700
v 0.040746 -0.036750 0.019621
v 0.034610 -0.036750 0.022406
v 0.028879 -0.036750 0.019191
v 0.038771 -0.036750 0.019261
v 0.041003 -0.036750 0.023926
v 0.043198 -0.036750 0.024032
v 0.045392 -0.036750 0.023936
v 0.042747 -0.036750 0.019776
v 0.044754 -0.036750 0.019724
v 0.047568 -0.036750 0.023636
v 0.046745 -0.036750 0.019467
v 0.048699 -0.036750 0.019006
v 0.057537 -0.036750 0.019254
v 0.054135 -0.036750 0.016461
v 0.057214 -0.036750 0.013893
v 0.058540 -0.036750 0.012385
v 0.061496 -0.036750 0.007161
v 0.062106 -0.036750 0.005249
v 0.066999 -0.036750 0.000283
v 0.060692 -0.036750 -0.008435
v 0.055741 -0.036750 -0.014691
v 0.054135 -0.036750 -0.015896
v 0.060784 -0.036750 -0.015735
v 0.053803 -0.036750 -0.020993
v 0.052414 -0.036750 0.017495
v 0.065391 -0.036750 0.008874
v 0.062517 -0.036750 0.003284
v 0.066898 -0.036750 0.002477
v 0.066898 -0.036750 -0.001912
v 0.062517 -0.036750 -0.002718
v 0.063432 -0.036750 -0.012235
v 0.058540 -0.036750 -0.011819
v 0.057214 -0.036750 -0.013327
v 0.046745 -0.036750 -0.018901
v 0.051792 -0.036750 -0.021877
v 0.049708 -0.036750 -0.022572
v 0.044754 -0.036750 -0.019159
v 0.045392 -0.036750 -0.023370
v 0.036691 -0.036750 -0.022543
v 0.038828 -0.036750 -0.023052
v 0.038771 -0.036750 -0.018696
v 0.030004 -0.036750 -0.014028
v 0.013965 -0.036750 -0.013327
v 0.016917 -0.036750 -0.017217
v 0.010886 -0.036750 -0.015896
v 0.009164 -0.036750 -0.016929
v 0.011610 -0.036750 -0.021110
v 0.007574 -0.036750 -0.022849
v 0.001505 -0.036750 -0.019159
v 0.030687 -0.036750 -0.019873
v 0.028879 -0.036750 -0.018626
v 0.033211 -0.036750 -0.016435
v 0.015290 -0.036750 -0.011819
v 0.024673 -0.036750 -0.005647
v 0.024162 -0.036750 -0.003706
v 0.023853 -0.036750 -0.001722
v 0.027357 -0.036750 -0.011016
v 0.017442 -0.036750 -0.008435
v -0.023775 -0.036750 0.001287
v -0.019396 -0.036750 0.002288
v -0.019087 -0.036750 0.004272
v -0.018576 -0.036750 0.006213
v -0.026796 -0.036750 0.010748
v -0.015893 -0.036750 0.011581
v -0.011704 -0.036750 0.015879
v -0.013638 -0.036750 0.019079
v -0.011900 -0.036750 0.020225
v -0.008266 -0.036750 0.017944
v -0.006172 -0.036750 0.022671
v -0.024393 -0.036750 0.005249
v -0.029285 -0.036750 0.013893
v -0.030758 -0.036750 0.015256
v -0.032603 -0.036750 0.021513
v -0.035903 -0.036750 0.018346
v -0.036691 -0.036750 0.023109
v -0.041003 -0.036750 0.023926
v -0.043752 -0.036750 0.019776
v -0.043198 -0.036750 0.024032
v -0.045753 -0.036750 0.019621
v -0.049708 -0.036750 0.023138
v -0.060784 -0.036750 0.016301
v -0.059142 -0.036750 0.011581
v -0.064502 -0.036750 0.010883
v -0.065391 -0.036750 0.008874
v -0.066999 -0.036750 0.000283
v -0.062749 -0.036750 0.000283
v -0.004479 -0.036750 0.019261
v -0.002080 -0.036750 0.023412
v 0.000000 -0.036750 0.023506
v 0.003496 -0.036750 0.019467
v 0.013638 -0.036750 0.019079
v 0.010066 -0.036750 0.021211
v 0.008152 -0.036750 0.022028
v 0.015266 -0.036750 0.017783
v 0.009164 -0.036750 0.017495
v 0.015268 -0.036750 -0.018673
v 0.007346 -0.036750 -0.017780
v 0.009631 -0.036750 -0.022070
v 0.003496 -0.036750 -0.018901
v 0.003291 -0.036750 -0.023834
v 0.001100 -0.036750 -0.024032
v -0.003291 -0.036750 -0.023834
v -0.000502 -0.036750 -0.019210
v -0.005455 -0.036750 -0.023438
v -0.002504 -0.036750 -0.019055
v -0.004479 -0.036750 -0.018696
v -0.011610 -0.036750 -0.021110
v -0.013494 -0.036750 -0.019974
v -0.006407 -0.036750 -0.018134
v -0.011704 -0.036750 -0.015314
v -0.013246 -0.036750 -0.014028
v -0.016917 -0.036750 -0.017217
v -0.032364 -0.036750 -0.015896
v -0.027193 -0.036750 -0.017217
v -0.030687 -0.036750 -0.019873
v -0.008266 -0.036750 -0.017378
v -0.010038 -0.036750 -0.016435
v -0.017868 -0.036750 -0.007526
v -0.023775 -0.036750 -0.000721
v -0.019500 -0.036750 0.000283
v -0.016970 -0.036750 -0.009322
v -0.025807 -0.036750 -0.008435
v -0.062337 -0.036750 0.004272
v -0.061826 -0.036750 0.006213
v -0.051516 -0.036750 0.017944
v -0.055723 -0.036750 0.020493
v -0.047728 -0.036750 0.019261
v -0.034085 -0.036750 -0.016929
v -0.034610 -0.036750 -0.021840
v -0.037800 -0.036750 -0.018440
v -0.038828 -0.036750 -0.023052
v -0.036691 -0.036750 -0.022543
v -0.043198 -0.036750 -0.023467
v -0.045753 -0.036750 -0.019055
v -0.047568 -0.036750 -0.023071
v -0.047728 -0.036750 -0.018696
v -0.051516 -0.036750 -0.017378
v -0.056495 -0.036750 -0.014028
v -0.063432 -0.036750 -0.012235
v -0.059142 -0.036750 -0.011016
v -0.060220 -0.036750 -0.009322
v -0.061117 -0.036750 -0.007526
v -0.062646 -0.036750 -0.001722
v -0.053803 -0.036750 -0.020993
v -0.057537 -0.036750 -0.018688
v -0.060784 -0.036750 -0.015735
v -0.057896 -0.036750 -0.012590
v -0.066090 -0.036750 -0.006225
v -0.066594 -0.036750 -0.004087
v -0.066898 -0.036750 -0.001912
v 0.001803 0.008750 0.012086
v 0.001275 0.017750 0.012491
v 0.002208 0.008750 0.011558
v 0.000000 0.008750 0.007733
v -0.000660 0.017750 0.007820
v -0.001803 0.008750 0.008480
v -0.001803 0.017750 0.008480
v -0.002208 0.008750 0.009008
v -0.002463 0.017750 0.009623
v -0.002463 0.017750 0.010943
v -0.001803 0.017750 0.012086
v -0.000660 0.008750 0.012746
v 0.000660 0.008750 0.012746
v 0.001275 0.008750 0.012491
v 0.001803 -0.000250 0.012086
v 0.002208 -0.000250 0.011558
v 0.000660 0.017750 0.012746
v 0.000660 -0.000250 0.012746
v 0.000000 0.008750 0.012833
v 0.000000 -0.000250 0.012833
v -0.000660 -0.000250 0.012746
v -0.001275 0.008750 0.012491
v -0.001803 -0.000250 0.012086
v -0.002208 0.008750 0.011558
v -0.001803 0.008750 0.012086
v -0.002463 0.008750 0.010943
v -0.002463 -0.000250 0.010943
v -0.002550 0.008750 0.010283
v -0.002463 -0.000250 0.009623
v -0.002463 0.008750 0.009623
v -0.001275 0.008750 0.008074
v -0.001275 -0.000250 0.008074
v -0.000660 0.008750 0.007820
v 0.000660 0.008750 0.007820
v 0.001275 0.008750 0.008074
v 0.001275 -0.000250 0.008074
v 0.001803 0.017750 0.008480
v 0.001803 0.008750 0.008480
v 0.002208 0.008750 0.009008
v 0.002463 0.008750 0.009623
v 0.002550 0.008750 0.010283
v 0.002463 0.008750 0.010943
v 0.002463 -0.000250 0.009623
v -0.002208 -0.000250 0.009008
v 0.002208 -0.000250 0.009008
v -0.001803 -0.000250 0.008480
v 0.001803 -0.000250 0.008480
v -0.000660 -0.000250 0.007820
v 0.000000 -0.000250 0.007733
v 0.000660 -0.000250 0.007820
v 0.002550 -0.000250 0.010283
v -0.002550 -0.000250 0.010283
v -0.002208 -0.000250 0.011558
v -0.001275 -0.000250 0.012491
v 0.002463 -0.000250 0.010943
v 0.001275 -0.000250 0.012491
v 0.011366 0.035008 -0.000852
v 0.010417 0.035575 -0.001480
v 0.011062 0.034400 -0.001379
v 0.009927 0.035575 -0.001683
v 0.009242 0.036669 -0.000305
v 0.010575 0.034400 -0.001752
v 0.009987 0.035008 -0.001910
v 0.009400 0.035575 -0.001752
v 0.009400 0.034400 -0.002067
v 0.008812 0.035008 -0.001910
v 0.008382 0.036435 -0.000305
v 0.008792 0.034400 -0.001987
v 0.008265 0.035008 -0.001683
v 0.007961 0.035575 -0.001156
v 0.008792 0.036669 0.000283
v 0.007637 0.035575 -0.000735
v 0.008265 0.036435 -0.000021
v 0.008225 0.036435 0.000283
v 0.007795 0.035008 -0.001322
v 0.007434 0.035008 -0.000852
v 0.007434 0.035575 -0.000244
v 0.008812 0.036669 0.000440
v 0.008873 0.036669 0.000587
v 0.007738 0.034400 -0.001379
v 0.007365 0.035575 0.000283
v 0.007795 0.036061 0.000713
v 0.007434 0.035575 0.000810
v 0.007637 0.035575 0.001300
v 0.007961 0.036061 0.001114
v 0.009242 0.036669 0.000870
v 0.007961 0.035575 0.001722
v 0.008225 0.036061 0.001458
v 0.008569 0.036061 0.001722
v 0.007434 0.035008 0.001418
v 0.008382 0.035575 0.002045
v 0.009096 0.036435 0.001418
v 0.007795 0.035008 0.001888
v 0.008265 0.035008 0.002249
v 0.009987 0.036435 0.001300
v 0.009830 0.036061 0.001888
v 0.010231 0.036435 0.001114
v 0.008792 0.034400 0.002553
v 0.009400 0.034400 0.002633
v 0.009987 0.035008 0.002475
v 0.010008 0.034400 0.002553
v 0.010535 0.036435 0.000587
v 0.010575 0.034400 0.002318
v 0.011162 0.035575 0.001300
v 0.010839 0.036061 0.001114
v 0.010008 0.036669 0.000283
v 0.011005 0.035008 0.001888
v 0.011062 0.034400 0.001945
v 0.011366 0.035575 0.000810
v 0.010575 0.036435 0.000283
v 0.011592 0.035008 0.000870
v 0.011062 0.036061 0.000283
v 0.011435 0.035575 0.000283
v 0.009927 0.036669 -0.000021
v 0.011435 0.034400 0.001458
v 0.011670 0.034400 0.000891
v 0.010839 0.036061 -0.000548
v 0.011750 0.034400 0.000283
v 0.011592 0.035008 -0.000305
v 0.011366 0.035575 -0.000244
v 0.011162 0.035575 -0.000735
v 0.010575 0.036061 -0.000892
v 0.008812 0.036669 0.000125
v 0.009704 0.036669 -0.000244
v 0.008970 0.036669 -0.000147
v 0.009096 0.036669 -0.000244
v 0.009400 0.036669 -0.000325
v 0.009400 0.036750 0.000283
v 0.009557 0.036669 -0.000305
v 0.009704 0.036435 -0.000852
v 0.009987 0.036435 -0.000735
v 0.011005 0.035008 -0.001322
v 0.009830 0.036669 -0.000147
v 0.009987 0.036669 0.000125
v 0.009987 0.036669 0.000440
v 0.009704 0.036669 0.000810
v 0.009400 0.036669 0.000891
v 0.009096 0.036669 0.000810
v 0.008970 0.036669 0.000713
v 0.007130 0.035008 0.000283
v 0.007207 0.035008 0.000870
v 0.007738 0.036061 0.000283
v 0.011670 0.035008 0.000283
v 0.011005 0.036061 -0.000147
v 0.010535 0.036435 -0.000021
v 0.010231 0.036435 -0.000548
v 0.010417 0.036435 -0.000305
v 0.010535 0.035008 -0.001683
v 0.010839 0.035575 -0.001156
v 0.010231 0.036061 -0.001156
v 0.009400 0.035008 -0.001987
v 0.009400 0.036435 -0.000892
v 0.009830 0.036061 -0.001322
v 0.009400 0.036061 -0.001379
v 0.008970 0.036061 -0.001322
v 0.008873 0.035575 -0.001683
v 0.008382 0.035575 -0.001480
v 0.009096 0.036435 -0.000852
v 0.008812 0.036435 -0.000735
v 0.008225 0.036061 -0.000892
v 0.008569 0.036435 -0.000548
v 0.008569 0.036061 -0.001156
v 0.007961 0.036061 -0.000548
v 0.008873 0.036669 -0.000021
v 0.007207 0.035008 -0.000305
v 0.007795 0.036061 -0.000147
v 0.008265 0.036435 0.000587
v 0.008382 0.036435 0.000870
v 0.008569 0.036435 0.001114
v 0.008812 0.036435 0.001300
v 0.008873 0.035575 0.002249
v 0.009400 0.035575 0.002318
v 0.008812 0.035008 0.002475
v 0.009400 0.036435 0.001458
v 0.008970 0.036061 0.001888
v 0.009400 0.035008 0.002553
v 0.009400 0.036061 0.001945
v 0.009557 0.036669 0.000870
v 0.010535 0.035008 0.002249
v 0.010231 0.036061 0.001722
v 0.009927 0.035575 0.002249
v 0.010417 0.035575 0.002045
v 0.009704 0.036435 0.001418
v 0.010839 0.035575 0.001722
v 0.010575 0.036061 0.001458
v 0.009830 0.036669 0.000713
v 0.009927 0.036669 0.000587
v 0.011366 0.035008 0.001418
v 0.011005 0.036061 0.000713
v 0.010417 0.036435 0.000870
v 0.011435 0.026075 -0.000892
v 0.011435 0.034400 -0.000892
v 0.011750 0.026075 0.000283
v 0.011670 0.034400 -0.000325
v 0.008792 0.026075 0.002553
v 0.007738 0.034400 0.001945
v 0.007365 0.034400 0.001458
v 0.007050 0.026075 0.000283
v 0.007050 0.034400 0.000283
v 0.007365 0.026075 -0.000892
v 0.008225 0.034400 -0.001752
v 0.010008 0.034400 -0.001987
v 0.010575 0.026075 -0.001752
v 0.011062 0.026075 -0.001379
v 0.011435 0.017750 -0.000892
v 0.011062 0.017750 -0.001379
v 0.010008 0.026075 -0.001987
v 0.009400 0.026075 -0.002067
v 0.008792 0.026075 -0.001987
v 0.008792 0.017750 -0.001987
v 0.008225 0.026075 -0.001752
v 0.008225 0.017750 -0.001752
v 0.007738 0.026075 -0.001379
v 0.007365 0.034400 -0.000892
v 0.007738 0.017750 -0.001379
v 0.007365 0.017750 -0.000892
v 0.007130 0.026075 -0.000325
v 0.007130 0.034400 -0.000325
v 0.007130 0.017750 -0.000325
v 0.007130 0.034400 0.000891
v 0.007130 0.026075 0.000891
v 0.007365 0.017750 0.001458
v 0.007738 0.026075 0.001945
v 0.007365 0.026075 0.001458
v 0.008225 0.034400 0.002318
v 0.008225 0.026075 0.002318
v 0.008225 0.017750 0.002318
v 0.009400 0.026075 0.002633
v 0.008792 0.017750 0.002553
v 0.009400 0.017750 0.002633
v 0.010008 0.026075 0.002553
v 0.010575 0.026075 0.002318
v 0.011062 0.026075 0.001945
v 0.011435 0.026075 0.001458
v 0.011670 0.026075 0.000891
v 0.011670 0.017750 0.000891
v 0.011750 0.017750 0.000283
v 0.011670 0.026075 -0.000325
v -0.007130 0.034400 -0.000325
v -0.007434 0.035008 -0.000852
v -0.008382 0.035575 -0.001480
v -0.007795 0.035008 -0.001322
v -0.008970 0.036061 -0.001322
v -0.009400 0.036061 -0.001379
v -0.008265 0.035008 -0.001683
v -0.009830 0.036061 -0.001322
v -0.008812 0.035008 -0.001910
v -0.009400 0.035008 -0.001987
v -0.010008 0.034400 -0.001987
v -0.010535 0.036435 -0.000021
v -0.010535 0.035008 -0.001683
v -0.011005 0.035008 -0.001322
v -0.010839 0.036061 -0.000548
v -0.011005 0.036061 -0.000147
v -0.010008 0.036669 0.000283
v -0.010575 0.034400 -0.001752
v -0.011062 0.034400 -0.001379
v -0.011366 0.035575 -0.000244
v -0.009987 0.036669 0.000440
v -0.011366 0.035008 -0.000852
v -0.011435 0.035575 0.000283
v -0.010535 0.036435 0.000587
v -0.011005 0.036061 0.000713
v -0.009830 0.036669 0.000713
v -0.011670 0.035008 0.000283
v -0.010231 0.036435 0.001114
v -0.009987 0.036435 0.001300
v -0.009557 0.036669 0.000870
v -0.009704 0.036435 0.001418
v -0.010839 0.035575 0.001722
v -0.009242 0.036669 0.000870
v -0.009927 0.035575 0.002249
v -0.009400 0.036435 0.001458
v -0.011062 0.034400 0.001945
v -0.010575 0.034400 0.002318
v -0.010535 0.035008 0.002249
v -0.009987 0.035008 0.002475
v -0.008970 0.036061 0.001888
v -0.008812 0.036435 0.001300
v -0.010008 0.034400 0.002553
v -0.009400 0.035575 0.002318
v -0.008569 0.036061 0.001722
v -0.008970 0.036669 0.000713
v -0.008873 0.036669 0.000587
v -0.009400 0.035008 0.002553
v -0.009400 0.034400 0.002633
v -0.008812 0.035008 0.002475
v -0.008382 0.035575 0.002045
v -0.008569 0.036435 0.001114
v -0.008382 0.036435 0.000870
v -0.008265 0.035008 0.002249
v -0.007961 0.036061 0.001114
v -0.008812 0.036669 0.000440
v -0.008225 0.034400 0.002318
v -0.007795 0.035008 0.001888
v -0.008792 0.036669 0.000283
v -0.007434 0.035575 0.000810
v -0.007738 0.036061 0.000283
v -0.007434 0.035008 0.001418
v -0.008382 0.036435 -0.000305
v -0.007365 0.034400 0.001458
v -0.007365 0.035575 0.000283
v -0.008970 0.036669 -0.000147
v -0.007130 0.035008 0.000283
v -0.007050 0.034400 0.000283
v -0.007637 0.035575 -0.000735
v -0.009096 0.036669 -0.000244
v -0.009987 0.036669 0.000125
v -0.009927 0.036669 -0.000021
v -0.009557 0.036669 -0.000305
v -0.009096 0.036435 -0.000852
v -0.009242 0.036669 -0.000305
v -0.008569 0.036061 -0.001156
v -0.007207 0.035008 -0.000305
v -0.007961 0.035575 -0.001156
v -0.008873 0.036669 -0.000021
v -0.009400 0.036750 0.000283
v -0.009096 0.036669 0.000810
v -0.009400 0.036669 0.000891
v -0.009704 0.036669 0.000810
v -0.011062 0.036061 0.000283
v -0.010575 0.036435 0.000283
v -0.007434 0.035575 -0.000244
v -0.007795 0.036061 -0.000147
v -0.008265 0.036435 -0.000021
v -0.008812 0.036669 0.000125
v -0.008225 0.036435 0.000283
v -0.008569 0.036435 -0.000548
v -0.007961 0.036061 -0.000548
v -0.008225 0.036061 -0.000892
v -0.008812 0.036435 -0.000735
v -0.008873 0.035575 -0.001683
v -0.009400 0.035575 -0.001752
v -0.009400 0.036669 -0.000325
v -0.009927 0.035575 -0.001683
v -0.009704 0.036435 -0.000852
v -0.009400 0.036435 -0.000892
v -0.009987 0.035008 -0.001910
v -0.010231 0.036061 -0.001156
v -0.009704 0.036669 -0.000244
v -0.009987 0.036435 -0.000735
v -0.010417 0.035575 -0.001480
v -0.009830 0.036669 -0.000147
v -0.010839 0.035575 -0.001156
v -0.011162 0.035575 -0.000735
v -0.010575 0.036061 -0.000892
v -0.010231 0.036435 -0.000548
v -0.011592 0.035008 -0.000305
v -0.010417 0.036435 -0.000305
v -0.011592 0.035008 0.000870
v -0.010839 0.036061 0.001114
v -0.011366 0.035575 0.000810
v -0.009927 0.036669 0.000587
v -0.010417 0.036435 0.000870
v -0.011366 0.035008 0.001418
v -0.011162 0.035575 0.001300
v -0.011005 0.035008 0.001888
v -0.010417 0.035575 0.002045
v -0.010575 0.036061 0.001458
v -0.010231 0.036061 0.001722
v -0.009830 0.036061 0.001888
v -0.009400 0.036061 0.001945
v -0.009096 0.036435 0.001418
v -0.008873 0.035575 0.002249
v -0.007637 0.035575 0.001300
v -0.007961 0.035575 0.001722
v -0.008225 0.036061 0.001458
v -0.007207 0.035008 0.000870
v -0.007795 0.036061 0.000713
v -0.008265 0.036435 0.000587
v -0.007130 0.026075 -0.000325
v -0.007365 0.026075 -0.000892
v -0.007365 0.017750 -0.000892
v -0.007738 0.034400 -0.001379
v -0.008225 0.034400 -0.001752
v -0.007365 0.034400 -0.000892
v -0.007130 0.034400 0.000891
v -0.007738 0.026075 0.001945
v -0.008225 0.026075 0.002318
v -0.007738 0.034400 0.001945
v -0.008792 0.034400 0.002553
v -0.010575 0.026075 0.002318
v -0.011670 0.034400 0.000891
v -0.011750 0.034400 0.000283
v -0.011670 0.034400 -0.000325
v -0.009400 0.034400 -0.002067
v -0.008792 0.034400 -0.001987
v -0.007738 0.026075 -0.001379
v -0.008225 0.026075 -0.001752
v -0.008792 0.026075 -0.001987
v -0.009400 0.026075 -0.002067
v -0.010008 0.017750 -0.001987
v -0.010008 0.026075 -0.001987
v -0.010575 0.026075 -0.001752
v -0.011062 0.026075 -0.001379
v -0.011062 0.017750 -0.001379
v -0.011435 0.026075 -0.000892
v -0.011435 0.034400 -0.000892
v -0.011670 0.026075 -0.000325
v -0.011750 0.026075 0.000283
v -0.011670 0.017750 -0.000325
v -0.011670 0.026075 0.000891
v -0.011435 0.034400 0.001458
v -0.011435 0.026075 0.001458
v -0.011435 0.017750 0.001458
v -0.011062 0.026075 0.001945
v -0.010008 0.026075 0.002553
v -0.009400 0.026075 0.002633
v -0.008792 0.026075 0.002553
v -0.008225 0.017750 0.002318
v -0.007738 0.017750 0.001945
v -0.007365 0.026075 0.001458
v -0.007365 0.017750 0.001458
v -0.007130 0.026075 0.000891
v -0.007050 0.026075 0.000283
v 0.018146 0.001250 0.002223
v 0.018146 0.017750 0.002223
v 0.017837 0.001250 0.004141
v 0.017837 0.017750 0.004141
v 0.017326 0.017750 0.006015
v 0.015723 0.017750 0.009548
v 0.012018 0.001250 0.014017
v 0.012018 0.017750 0.014017
v 0.008843 0.017750 0.016247
v 0.003381 0.017750 0.018217
v -0.002422 0.001250 0.018371
v -0.000486 0.017750 0.018526
v -0.004331 0.001250 0.018011
v -0.007981 0.017750 0.016695
v -0.009680 0.017750 0.015754
v -0.016997 0.017750 0.006929
v -0.018224 0.017750 0.001254
v -0.017607 0.001250 -0.004519
v -0.015208 0.017750 -0.009806
v -0.007981 0.017750 -0.016129
v -0.004331 0.001250 -0.017445
v -0.002422 0.017750 -0.017805
v 0.005269 0.017750 -0.017190
v 0.014649 0.017750 -0.010601
v 0.015723 0.017750 -0.008982
v 0.017326 0.001250 -0.005449
v 0.017326 0.001250 0.006015
v 0.016619 0.001250 0.007824
v 0.016619 0.017750 0.007824
v 0.015723 0.001250 0.009548
v 0.007096 0.017750 0.017097
v 0.005269 0.001250 0.017756
v 0.005269 0.017750 0.017756
v 0.001456 0.001250 0.018474
v 0.001456 0.017750 0.018474
v -0.000486 0.001250 0.018526
v -0.007981 0.001250 0.016695
v -0.012732 0.017750 0.013358
v -0.014049 0.001250 0.011931
v -0.017607 0.001250 0.005084
v -0.017607 0.017750 0.005084
v -0.018017 0.001250 0.003186
v -0.018224 0.001250 0.001254
v -0.018224 0.001250 -0.000688
v -0.012732 0.001250 -0.012792
v -0.011270 0.017750 -0.014072
v -0.007981 0.001250 -0.016129
v -0.004331 0.017750 -0.017445
v 0.003381 0.001250 -0.017651
v 0.003381 0.017750 -0.017651
v 0.005269 0.001250 -0.017190
v 0.008843 0.001250 -0.015681
v 0.008843 0.017750 -0.015681
v 0.013409 0.001250 -0.012096
v 0.013409 0.017750 -0.012096
v 0.014649 0.001250 -0.010601
v 0.016619 0.017750 -0.007258
v 0.017837 0.017750 -0.003575
v 0.018250 0.001250 0.000283
v 0.002550 0.017750 0.010283
v 0.010490 0.017750 0.015217
v 0.002463 0.017750 0.010943
v 0.002208 0.017750 0.011558
v 0.001803 0.017750 0.012086
v 0.000000 0.017750 0.012833
v -0.000660 0.017750 0.012746
v -0.001275 0.017750 0.012491
v -0.004331 0.017750 0.018011
v -0.002208 0.017750 0.011558
v -0.002550 0.017750 0.010283
v -0.011270 0.017750 0.014637
v -0.002422 0.017750 0.018371
v -0.006191 0.017750 0.017450
v -0.009400 0.017750 0.002633
v -0.014049 0.017750 0.011931
v -0.008792 0.017750 0.002553
v -0.001275 0.017750 0.008074
v -0.007050 0.017750 0.000283
v 0.000000 0.017750 0.007733
v -0.000486 0.017750 -0.017960
v -0.007738 0.017750 -0.001379
v -0.008225 0.017750 -0.001752
v -0.006191 0.017750 -0.016885
v -0.009680 0.017750 -0.015188
v -0.008792 0.017750 -0.001987
v -0.012732 0.017750 -0.012792
v -0.014049 0.017750 -0.011365
v -0.016194 0.017750 -0.008132
v -0.017607 0.017750 -0.004519
v -0.018224 0.017750 -0.000688
v -0.018017 0.017750 0.003186
v -0.011062 0.017750 0.001945
v -0.016194 0.017750 0.008698
v -0.010008 0.017750 0.002553
v -0.015208 0.017750 0.010371
v -0.002208 0.017750 0.009008
v -0.007130 0.017750 0.000891
v 0.007050 0.017750 0.000283
v 0.007130 0.017750 0.000891
v 0.000660 0.017750 0.007820
v 0.002208 0.017750 0.009008
v 0.014649 0.017750 0.011166
v 0.010008 0.017750 0.002553
v 0.010575 0.017750 0.002318
v 0.011062 0.017750 0.001945
v 0.018250 0.017750 0.000283
v 0.001275 0.017750 0.008074
v 0.007738 0.017750 0.001945
v 0.013409 0.017750 0.012662
v 0.002463 0.017750 0.009623
v 0.011435 0.017750 0.001458
v -0.007130 0.017750 -0.000325
v 0.007096 0.017750 -0.016531
v 0.010490 0.017750 -0.014651
v 0.012018 0.017750 -0.013451
v 0.009400 0.017750 -0.002067
v 0.010008 0.017750 -0.001987
v 0.010575 0.017750 -0.001752
v 0.017326 0.017750 -0.005449
v 0.011670 0.017750 -0.000325
v 0.018146 0.017750 -0.001657
v -0.010575 0.017750 0.002318
v -0.011670 0.017750 0.000891
v -0.011750 0.017750 0.000283
v -0.011435 0.017750 -0.000892
v -0.018017 0.017750 -0.002620
v -0.016997 0.017750 -0.006363
v -0.010575 0.017750 -0.001752
v -0.009400 0.017750 -0.002067
v 0.001456 0.017750 -0.017909
v -0.032942 -0.034708 -0.000305
v -0.031580 -0.035761 -0.001156
v -0.032355 -0.034708 -0.001322
v -0.031767 -0.035275 -0.001480
v -0.030750 -0.036135 -0.000892
v -0.031276 -0.035275 -0.001683
v -0.030750 -0.035761 -0.001379
v -0.030320 -0.036369 -0.000147
v -0.030750 -0.034708 -0.001987
v -0.030750 -0.034100 -0.002067
v -0.030223 -0.035275 -0.001683
v -0.030162 -0.034708 -0.001910
v -0.029575 -0.035761 -0.000892
v -0.029919 -0.036135 -0.000548
v -0.029732 -0.036135 -0.000305
v -0.030223 -0.036369 -0.000021
v -0.030141 -0.034100 -0.001987
v -0.030141 -0.036369 0.000283
v -0.029575 -0.034100 -0.001752
v -0.029145 -0.034708 -0.001322
v -0.029311 -0.035275 -0.001156
v -0.028987 -0.035275 -0.000735
v -0.028784 -0.034708 -0.000852
v -0.030162 -0.036369 0.000440
v -0.028714 -0.035275 0.000283
v -0.029145 -0.035761 0.000713
v -0.029732 -0.036135 0.000870
v -0.029311 -0.035761 0.001114
v -0.030446 -0.036369 0.000810
v -0.028480 -0.034708 0.000283
v -0.030592 -0.036369 0.000870
v -0.028400 -0.034100 0.000283
v -0.028480 -0.034100 0.000891
v -0.029575 -0.035761 0.001458
v -0.029919 -0.035761 0.001722
v -0.030162 -0.036135 0.001300
v -0.029311 -0.035275 0.001722
v -0.029145 -0.034708 0.001888
v -0.029732 -0.035275 0.002045
v -0.030320 -0.035761 0.001888
v -0.030750 -0.036135 0.001458
v -0.029088 -0.034100 0.001945
v -0.029615 -0.034708 0.002249
v -0.029575 -0.034100 0.002318
v -0.030223 -0.035275 0.002249
v -0.030141 -0.034100 0.002553
v -0.030162 -0.034708 0.002475
v -0.030750 -0.034708 0.002553
v -0.031276 -0.035275 0.002249
v -0.031580 -0.035761 0.001722
v -0.031767 -0.035275 0.002045
v -0.031925 -0.035761 0.001458
v -0.032189 -0.035761 0.001114
v -0.031358 -0.036369 0.000283
v -0.031885 -0.034708 0.002249
v -0.032355 -0.034708 0.001888
v -0.031925 -0.034100 0.002318
v -0.031885 -0.036135 -0.000021
v -0.032715 -0.034708 0.001418
v -0.032785 -0.035275 0.000283
v -0.033019 -0.034708 0.000283
v -0.031767 -0.036135 -0.000305
v -0.031180 -0.036369 -0.000147
v -0.032512 -0.035275 -0.000735
v -0.031925 -0.035761 -0.000892
v -0.031337 -0.036369 0.000440
v -0.030446 -0.036369 -0.000244
v -0.031054 -0.036369 0.000810
v -0.030750 -0.036369 0.000891
v -0.030223 -0.036369 0.000587
v -0.030162 -0.036369 0.000125
v -0.030592 -0.036369 -0.000305
v -0.030750 -0.036369 -0.000325
v -0.030907 -0.036369 -0.000305
v -0.032715 -0.034708 -0.000852
v -0.032189 -0.035275 -0.001156
v -0.030750 -0.036450 0.000283
v -0.032715 -0.035275 -0.000244
v -0.032411 -0.035761 0.000283
v -0.032355 -0.035761 0.000713
v -0.032355 -0.035761 -0.000147
v -0.031337 -0.036369 0.000125
v -0.031925 -0.036135 0.000283
v -0.032189 -0.035761 -0.000548
v -0.031276 -0.036369 -0.000021
v -0.031580 -0.036135 -0.000548
v -0.031885 -0.034708 -0.001683
v -0.031054 -0.036369 -0.000244
v -0.031054 -0.036135 -0.000852
v -0.031337 -0.036135 -0.000735
v -0.031180 -0.035761 -0.001322
v -0.030750 -0.035275 -0.001752
v -0.031337 -0.034708 -0.001910
v -0.030446 -0.036135 -0.000852
v -0.030320 -0.035761 -0.001322
v -0.030162 -0.036135 -0.000735
v -0.029615 -0.034708 -0.001683
v -0.029732 -0.035275 -0.001480
v -0.029919 -0.035761 -0.001156
v -0.029311 -0.035761 -0.000548
v -0.028784 -0.035275 -0.000244
v -0.029145 -0.035761 -0.000147
v -0.028557 -0.034708 -0.000305
v -0.029088 -0.035761 0.000283
v -0.029615 -0.036135 -0.000021
v -0.029575 -0.036135 0.000283
v -0.028987 -0.035275 0.001300
v -0.028557 -0.034708 0.000870
v -0.028784 -0.034708 0.001418
v -0.028784 -0.035275 0.000810
v -0.029615 -0.036135 0.000587
v -0.029919 -0.036135 0.001114
v -0.030320 -0.036369 0.000713
v -0.030446 -0.036135 0.001418
v -0.030750 -0.035275 0.002318
v -0.031337 -0.034708 0.002475
v -0.030750 -0.035761 0.001945
v -0.031180 -0.035761 0.001888
v -0.030907 -0.036369 0.000870
v -0.031054 -0.036135 0.001418
v -0.031337 -0.036135 0.001300
v -0.032189 -0.035275 0.001722
v -0.031580 -0.036135 0.001114
v -0.031180 -0.036369 0.000713
v -0.032512 -0.035275 0.001300
v -0.031276 -0.036369 0.000587
v -0.031767 -0.036135 0.000870
v -0.032715 -0.035275 0.000810
v -0.032942 -0.034708 0.000870
v -0.031885 -0.036135 0.000587
v -0.033019 -0.021750 -0.000325
v -0.032785 -0.034100 -0.000892
v -0.032411 -0.034100 -0.001379
v -0.031925 -0.034100 -0.001752
v -0.031925 -0.021750 -0.001752
v -0.030750 -0.021750 -0.002067
v -0.029575 -0.021750 -0.001752
v -0.028714 -0.034100 -0.000892
v -0.028480 -0.034100 -0.000325
v -0.028480 -0.021750 -0.000325
v -0.028400 -0.021750 0.000283
v -0.028714 -0.034100 0.001458
v -0.031358 -0.034100 0.002553
v -0.031925 -0.021750 0.002318
v -0.033019 -0.034100 0.000891
v -0.032785 -0.021750 0.001458
v -0.033100 -0.034100 0.000283
v -0.033019 -0.021750 0.000891
v -0.033019 -0.034100 -0.000325
v -0.031358 -0.034100 -0.001987
v -0.031358 -0.021750 -0.001987
v -0.030141 -0.021750 -0.001987
v -0.029088 -0.034100 -0.001379
v -0.028714 -0.021750 0.001458
v -0.029088 -0.021750 0.001945
v -0.030750 -0.034100 0.002633
v -0.032411 -0.034100 0.001945
v -0.032785 -0.034100 0.001458
v 0.008334 -0.036442 0.009413
v 0.008452 -0.036450 0.009225
v 0.008404 -0.036071 0.010743
v 0.008839 -0.035695 0.011247
v 0.010214 -0.034100 0.011503
v 0.009532 -0.034678 0.011708
v 0.008839 -0.035221 0.011586
v 0.008839 -0.034678 0.011799
v 0.008276 -0.036442 0.009272
v 0.008023 -0.036325 0.009938
v 0.007839 -0.036325 0.009699
v 0.008492 -0.036450 0.009322
v 0.008427 -0.036442 0.009534
v 0.008547 -0.036442 0.009626
v 0.010177 -0.034678 0.011440
v 0.008688 -0.036442 0.009684
v 0.008839 -0.036325 0.010276
v 0.009273 -0.036071 0.010743
v 0.010071 -0.035221 0.011256
v 0.009901 -0.035695 0.010962
v 0.010582 -0.035221 0.010865
v 0.011158 -0.034678 0.010460
v 0.010732 -0.034678 0.011015
v 0.009678 -0.036071 0.010576
v 0.010341 -0.035695 0.010624
v 0.008735 -0.036450 0.009508
v 0.008839 -0.036450 0.009522
v 0.010679 -0.035695 0.010184
v 0.011516 -0.034678 0.009122
v 0.009416 -0.036325 0.010121
v 0.010026 -0.036071 0.010309
v 0.010891 -0.035695 0.009672
v 0.011425 -0.034678 0.008429
v 0.008942 -0.036450 0.009508
v 0.011304 -0.035221 0.009122
v 0.011220 -0.035221 0.008484
v 0.009251 -0.036442 0.009534
v 0.009838 -0.036325 0.009699
v 0.010964 -0.035695 0.009122
v 0.010973 -0.035221 0.007889
v 0.010214 -0.034100 0.006740
v 0.011158 -0.034678 0.007783
v 0.010891 -0.035695 0.008572
v 0.010732 -0.034678 0.007228
v 0.009225 -0.036450 0.009225
v 0.010293 -0.036071 0.008282
v 0.010341 -0.035695 0.007619
v 0.009953 -0.036325 0.008823
v 0.009401 -0.036442 0.008971
v 0.008127 -0.034100 0.006465
v 0.010026 -0.036071 0.007934
v 0.009389 -0.035695 0.007069
v 0.008839 -0.034678 0.006444
v 0.009225 -0.036450 0.009018
v 0.009185 -0.036450 0.008922
v 0.009273 -0.036071 0.007500
v 0.008839 -0.035695 0.006997
v 0.008289 -0.035695 0.007069
v 0.007500 -0.034678 0.006803
v 0.009122 -0.036450 0.008839
v 0.007096 -0.035221 0.007379
v 0.008989 -0.036442 0.008559
v 0.008839 -0.036442 0.008539
v 0.007336 -0.035695 0.007619
v 0.006704 -0.035221 0.007889
v 0.006182 -0.034100 0.008410
v 0.006520 -0.034678 0.007783
v 0.008839 -0.036450 0.008722
v 0.007652 -0.036071 0.007934
v 0.006089 -0.034100 0.009122
v 0.008735 -0.036450 0.008735
v 0.006786 -0.035695 0.008572
v 0.006374 -0.035221 0.009122
v 0.006252 -0.034678 0.009815
v 0.006457 -0.034100 0.010497
v 0.006161 -0.034678 0.009122
v 0.008547 -0.036442 0.008617
v 0.008427 -0.036442 0.008710
v 0.007839 -0.036325 0.008545
v 0.007385 -0.036071 0.008282
v 0.006458 -0.035221 0.009760
v 0.007724 -0.036325 0.008823
v 0.006714 -0.035695 0.009122
v 0.006786 -0.035695 0.009672
v 0.006704 -0.035221 0.010354
v 0.006945 -0.034678 0.011015
v 0.007464 -0.034100 0.011503
v 0.008334 -0.036442 0.008830
v 0.008276 -0.036442 0.008971
v 0.007160 -0.036071 0.009122
v 0.007685 -0.036325 0.009122
v 0.007500 -0.034678 0.011440
v 0.008492 -0.036450 0.008922
v 0.007385 -0.036071 0.009961
v 0.007096 -0.035221 0.010865
v 0.008256 -0.036442 0.009122
v 0.007724 -0.036325 0.009420
v 0.007776 -0.035695 0.010962
v 0.008146 -0.034678 0.011708
v 0.008201 -0.035221 0.011502
v 0.009550 -0.034100 0.011778
v 0.008839 -0.034100 0.011872
v 0.007217 -0.036071 0.009556
v 0.006998 -0.035695 0.010184
v 0.006520 -0.034678 0.010460
v 0.007652 -0.036071 0.010309
v 0.008262 -0.036325 0.010121
v 0.007336 -0.035695 0.010624
v 0.007999 -0.036071 0.010576
v 0.008289 -0.035695 0.011174
v 0.007606 -0.035221 0.011256
v 0.008839 -0.036442 0.009704
v 0.008839 -0.036071 0.010800
v 0.008540 -0.036325 0.010236
v 0.009137 -0.036325 0.010236
v 0.009389 -0.035695 0.011174
v 0.009477 -0.035221 0.011502
v 0.008989 -0.036442 0.009684
v 0.009130 -0.036442 0.009626
v 0.009343 -0.036442 0.009413
v 0.010293 -0.036071 0.009961
v 0.009655 -0.036325 0.009938
v 0.010973 -0.035221 0.010354
v 0.009953 -0.036325 0.009420
v 0.010460 -0.036071 0.009556
v 0.011220 -0.035221 0.009760
v 0.011425 -0.034678 0.009815
v 0.009401 -0.036442 0.009272
v 0.009421 -0.036442 0.009122
v 0.009993 -0.036325 0.009122
v 0.010518 -0.036071 0.009122
v 0.010460 -0.036071 0.008687
v 0.009838 -0.036325 0.008545
v 0.010679 -0.035695 0.008059
v 0.009343 -0.036442 0.008830
v 0.009251 -0.036442 0.008710
v 0.010582 -0.035221 0.007379
v 0.009416 -0.036325 0.008122
v 0.009130 -0.036442 0.008617
v 0.009678 -0.036071 0.007668
v 0.009655 -0.036325 0.008306
v 0.009901 -0.035695 0.007281
v 0.010177 -0.034678 0.006803
v 0.009532 -0.034678 0.006535
v 0.010071 -0.035221 0.006987
v 0.009137 -0.036325 0.008007
v 0.008839 -0.036325 0.007968
v 0.008839 -0.035221 0.006657
v 0.009477 -0.035221 0.006741
v 0.008540 -0.036325 0.008007
v 0.008839 -0.036071 0.007443
v 0.008201 -0.035221 0.006741
v 0.008146 -0.034678 0.006535
v 0.008688 -0.036442 0.008559
v 0.007776 -0.035695 0.007281
v 0.008404 -0.036071 0.007500
v 0.007999 -0.036071 0.007668
v 0.007606 -0.035221 0.006987
v 0.008262 -0.036325 0.008122
v 0.008023 -0.036325 0.008306
v 0.006945 -0.034678 0.007228
v 0.007217 -0.036071 0.008687
v 0.006998 -0.035695 0.008059
v 0.006252 -0.034678 0.008429
v 0.006458 -0.035221 0.008484
v 0.006457 -0.034100 0.007747
v 0.006894 -0.034100 0.007177
v 0.006457 -0.021750 0.007747
v 0.006894 -0.021750 0.007177
v 0.008839 -0.021750 0.006372
v 0.009550 -0.034100 0.006465
v 0.009550 -0.021750 0.006465
v 0.010214 -0.021750 0.006740
v 0.010783 -0.021750 0.007177
v 0.011495 -0.021750 0.009833
v 0.006894 -0.034100 0.011066
v 0.006089 -0.021750 0.009122
v 0.007464 -0.034100 0.006740
v 0.008127 -0.021750 0.006465
v 0.008839 -0.034100 0.006372
v 0.010783 -0.034100 0.007177
v 0.011220 -0.034100 0.007747
v 0.011495 -0.034100 0.008410
v 0.011589 -0.034100 0.009122
v 0.011495 -0.034100 0.009833
v 0.011220 -0.034100 0.010497
v 0.010783 -0.034100 0.011066
v 0.010214 -0.021750 0.011503
v 0.008127 -0.034100 0.011778
v 0.008127 -0.021750 0.011778
v 0.007464 -0.021750 0.011503
v 0.006457 -0.021750 0.010497
v 0.006182 -0.034100 0.009833
v 0.008452 -0.036450 0.009018
v 0.008556 -0.036450 0.008839
v 0.009039 -0.036450 0.008775
v 0.008639 -0.036450 0.008775
v 0.008942 -0.036450 0.008735
v 0.008439 -0.036450 0.009122
v 0.009239 -0.036450 0.009122
v 0.009185 -0.036450 0.009322
v 0.008556 -0.036450 0.009404
v 0.009122 -0.036450 0.009404
v 0.008639 -0.036450 0.009468
v 0.009039 -0.036450 0.009468
v 0.028400 -0.034100 0.000283
v 0.030320 -0.035761 -0.001322
v 0.030750 -0.036135 -0.000892
v 0.030907 -0.036369 -0.000305
v 0.029088 -0.034100 -0.001379
v 0.030750 -0.035761 -0.001379
v 0.031054 -0.036135 -0.000852
v 0.030162 -0.034708 -0.001910
v 0.031180 -0.035761 -0.001322
v 0.031337 -0.036135 -0.000735
v 0.030141 -0.034100 -0.001987
v 0.030750 -0.035275 -0.001752
v 0.031580 -0.036135 -0.000548
v 0.030750 -0.034100 -0.002067
v 0.031276 -0.035275 -0.001683
v 0.031925 -0.035761 -0.000892
v 0.031767 -0.036135 -0.000305
v 0.031767 -0.035275 -0.001480
v 0.032189 -0.035275 -0.001156
v 0.031885 -0.036135 -0.000021
v 0.031358 -0.034100 -0.001987
v 0.031885 -0.034708 -0.001683
v 0.032355 -0.034708 -0.001322
v 0.032512 -0.035275 -0.000735
v 0.032355 -0.035761 -0.000147
v 0.031925 -0.034100 -0.001752
v 0.032411 -0.034100 -0.001379
v 0.032411 -0.035761 0.000283
v 0.031925 -0.036135 0.000283
v 0.031885 -0.036135 0.000587
v 0.031276 -0.036369 0.000587
v 0.032785 -0.034100 -0.000892
v 0.032715 -0.034708 -0.000852
v 0.032715 -0.035275 -0.000244
v 0.033019 -0.034100 -0.000325
v 0.032942 -0.034708 -0.000305
v 0.033019 -0.034708 0.000283
v 0.032715 -0.035275 0.000810
v 0.031767 -0.036135 0.000870
v 0.031054 -0.036369 0.000810
v 0.032942 -0.034708 0.000870
v 0.032785 -0.034100 0.001458
v 0.032715 -0.034708 0.001418
v 0.031054 -0.036135 0.001418
v 0.030750 -0.036369 0.000891
v 0.030750 -0.036135 0.001458
v 0.030592 -0.036369 0.000870
v 0.031925 -0.034100 0.002318
v 0.031885 -0.034708 0.002249
v 0.031276 -0.035275 0.002249
v 0.030750 -0.035761 0.001945
v 0.030320 -0.035761 0.001888
v 0.030446 -0.036369 0.000810
v 0.031337 -0.034708 0.002475
v 0.030223 -0.035275 0.002249
v 0.031358 -0.034100 0.002553
v 0.029919 -0.035761 0.001722
v 0.029575 -0.035761 0.001458
v 0.029732 -0.035275 0.002045
v 0.029615 -0.034708 0.002249
v 0.029575 -0.034100 0.002318
v 0.029145 -0.034708 0.001888
v 0.029575 -0.036135 0.000283
v 0.029145 -0.035761 0.000713
v 0.028784 -0.035275 0.000810
v 0.028557 -0.034708 0.000870
v 0.028480 -0.034100 0.000891
v 0.029145 -0.035761 -0.000147
v 0.029311 -0.035761 -0.000548
v 0.028480 -0.034708 0.000283
v 0.028557 -0.034708 -0.000305
v 0.028987 -0.035275 -0.000735
v 0.029575 -0.035761 -0.000892
v 0.030592 -0.036369 -0.000305
v 0.030162 -0.036369 0.000125
v 0.030141 -0.036369 0.000283
v 0.031054 -0.036369 -0.000244
v 0.030320 -0.036369 0.000713
v 0.031276 -0.036369 -0.000021
v 0.030750 -0.036369 -0.000325
v 0.029919 -0.035761 -0.001156
v 0.030162 -0.036135 -0.000735
v 0.028784 -0.034708 -0.000852
v 0.029145 -0.034708 -0.001322
v 0.029311 -0.035275 -0.001156
v 0.030446 -0.036369 -0.000244
v 0.030750 -0.036450 0.000283
v 0.030223 -0.036369 -0.000021
v 0.028714 -0.035275 0.000283
v 0.028784 -0.035275 -0.000244
v 0.029088 -0.035761 0.000283
v 0.029615 -0.036135 -0.000021
v 0.029732 -0.036135 -0.000305
v 0.030320 -0.036369 -0.000147
v 0.029919 -0.036135 -0.000548
v 0.029732 -0.035275 -0.001480
v 0.030223 -0.035275 -0.001683
v 0.029615 -0.034708 -0.001683
v 0.030446 -0.036135 -0.000852
v 0.030750 -0.034708 -0.001987
v 0.031337 -0.034708 -0.001910
v 0.031580 -0.035761 -0.001156
v 0.031180 -0.036369 -0.000147
v 0.032189 -0.035761 -0.000548
v 0.031337 -0.036369 0.000125
v 0.032785 -0.035275 0.000283
v 0.031358 -0.036369 0.000283
v 0.032355 -0.035761 0.000713
v 0.031337 -0.036369 0.000440
v 0.032512 -0.035275 0.001300
v 0.032189 -0.035761 0.001114
v 0.031180 -0.036369 0.000713
v 0.031767 -0.035275 0.002045
v 0.032355 -0.034708 0.001888
v 0.032189 -0.035275 0.001722
v 0.031925 -0.035761 0.001458
v 0.031580 -0.036135 0.001114
v 0.031337 -0.036135 0.001300
v 0.031580 -0.035761 0.001722
v 0.030907 -0.036369 0.000870
v 0.030750 -0.035275 0.002318
v 0.030750 -0.034708 0.002553
v 0.031180 -0.035761 0.001888
v 0.030162 -0.034708 0.002475
v 0.030446 -0.036135 0.001418
v 0.030162 -0.036135 0.001300
v 0.029919 -0.036135 0.001114
v 0.028987 -0.035275 0.001300
v 0.029311 -0.035761 0.001114
v 0.029311 -0.035275 0.001722
v 0.030223 -0.036369 0.000587
v 0.028784 -0.034708 0.001418
v 0.030162 -0.036369 0.000440
v 0.029732 -0.036135 0.000870
v 0.029615 -0.036135 0.000587
v 0.028400 -0.021750 0.000283
v 0.028714 -0.034100 -0.000892
v 0.029575 -0.021750 -0.001752
v 0.030750 -0.021750 -0.002067
v 0.031358 -0.021750 -0.001987
v 0.033100 -0.034100 0.000283
v 0.032411 -0.021750 0.001945
v 0.030750 -0.034100 0.002633
v 0.030750 -0.021750 0.002633
v 0.030141 -0.034100 0.002553
v 0.028480 -0.034100 -0.000325
v 0.029575 -0.034100 -0.001752
v 0.033019 -0.034100 0.000891
v 0.032411 -0.034100 0.001945
v 0.031925 -0.021750 0.002318
v 0.029575 -0.021750 0.002318
v 0.029088 -0.034100 0.001945
v 0.028714 -0.034100 0.001458
v -0.043961 -0.021750 -0.006461
v -0.040868 -0.021750 -0.007742
v -0.040499 -0.016750 -0.009117
v -0.040868 -0.016750 -0.010492
v -0.041874 -0.021750 -0.011499
v -0.045999 -0.021750 -0.009117
v -0.045194 -0.016750 -0.007173
v -0.044624 -0.021750 -0.006736
v -0.044624 -0.016750 -0.006736
v -0.042538 -0.021750 -0.006461
v -0.042538 -0.016750 -0.006461
v -0.041874 -0.016750 -0.006736
v -0.041305 -0.021750 -0.007173
v -0.041305 -0.016750 -0.007173
v -0.040868 -0.016750 -0.007742
v -0.040499 -0.021750 -0.009117
v -0.040593 -0.016750 -0.009829
v -0.043961 -0.021750 -0.011773
v -0.045194 -0.021750 -0.011062
v -0.045906 -0.016750 -0.009829
v -0.045999 -0.016750 -0.009117
v -0.045631 -0.016750 -0.010492
v -0.045194 -0.016750 -0.011062
v -0.041874 -0.016750 -0.011499
v -0.044624 -0.016750 -0.011499
v -0.042538 -0.016750 -0.011773
v -0.043961 -0.016750 -0.011773
v -0.043249 -0.016750 -0.011867
v -0.041305 -0.016750 -0.011062
v -0.045906 -0.016750 -0.008405
v -0.040593 -0.016750 -0.008405
v -0.043961 -0.016750 -0.006461
v -0.043249 -0.016750 -0.006367
v -0.045631 -0.016750 -0.007742
v -0.045631 -0.021750 0.011058
v -0.045906 -0.021750 0.010394
v -0.044624 -0.021750 0.012064
v -0.043961 -0.016750 0.012339
v -0.043249 -0.016750 0.012433
v -0.042538 -0.021750 0.012339
v -0.040868 -0.016750 0.011058
v -0.040593 -0.016750 0.008971
v -0.040868 -0.016750 0.008308
v -0.042538 -0.021750 0.007027
v -0.041874 -0.016750 0.007301
v -0.043961 -0.021750 0.007027
v -0.045631 -0.021750 0.008308
v -0.045631 -0.016750 0.008308
v -0.045906 -0.016750 0.008971
v -0.044624 -0.016750 0.012064
v -0.043961 -0.021750 0.012339
v -0.041305 -0.016750 0.011627
v -0.040868 -0.021750 0.011058
v -0.040499 -0.016750 0.009683
v -0.041305 -0.021750 0.007738
v -0.041874 -0.021750 0.007301
v -0.043249 -0.021750 0.006933
v -0.043249 -0.016750 0.006933
v -0.044624 -0.021750 0.007301
v -0.045999 -0.021750 0.009683
v -0.041305 -0.016750 0.007738
v -0.044624 -0.016750 0.007301
v -0.042538 -0.016750 0.007027
v -0.043961 -0.016750 0.007027
v -0.045194 -0.016750 0.007738
v -0.045999 -0.016750 0.009683
v -0.045906 -0.016750 0.010394
v -0.045631 -0.016750 0.011058
v -0.041874 -0.016750 0.012064
v -0.042538 -0.016750 0.012339
v -0.040593 -0.016750 0.010394
v -0.045194 -0.016750 0.011627
v 0.040868 -0.016750 -0.007742
v 0.041305 -0.016750 -0.007173
v 0.043961 -0.021750 -0.006461
v 0.045999 -0.016750 -0.009117
v 0.045631 -0.016750 -0.010492
v 0.045194 -0.016750 -0.011062
v 0.043249 -0.016750 -0.011867
v 0.041874 -0.016750 -0.011499
v 0.040593 -0.016750 -0.009829
v 0.041305 -0.021750 -0.007173
v 0.041874 -0.016750 -0.006736
v 0.042538 -0.016750 -0.006461
v 0.043249 -0.021750 -0.006367
v 0.043249 -0.016750 -0.006367
v 0.043961 -0.016750 -0.006461
v 0.045194 -0.016750 -0.007173
v 0.045631 -0.021750 -0.007742
v 0.045906 -0.016750 -0.008405
v 0.045906 -0.021750 -0.009829
v 0.045194 -0.021750 -0.011062
v 0.044624 -0.021750 -0.011499
v 0.042538 -0.021750 -0.011773
v 0.041305 -0.021750 -0.011062
v 0.041305 -0.016750 -0.011062
v 0.040868 -0.016750 -0.010492
v 0.040499 -0.016750 -0.009117
v 0.045906 -0.016750 -0.009829
v 0.044624 -0.016750 -0.011499
v 0.043961 -0.016750 -0.011773
v 0.042538 -0.016750 -0.011773
v 0.045631 -0.016750 -0.007742
v 0.044624 -0.016750 -0.006736
v 0.040593 -0.016750 -0.008405
v -0.008591 -0.021750 0.008874
v -0.008022 -0.021750 0.009311
v -0.006647 -0.016750 0.009680
v -0.004265 -0.021750 0.008305
v -0.003990 -0.021750 0.006218
v -0.003897 -0.016750 0.006930
v -0.004265 -0.021750 0.005555
v -0.005272 -0.021750 0.004548
v -0.005272 -0.016750 0.004548
v -0.005935 -0.021750 0.004273
v -0.005935 -0.016750 0.004273
v -0.006647 -0.016750 0.004180
v -0.007359 -0.021750 0.004273
v -0.009303 -0.016750 0.006218
v -0.007359 -0.021750 0.009586
v -0.006647 -0.021750 0.009680
v -0.005935 -0.021750 0.009586
v -0.005935 -0.016750 0.009586
v -0.005272 -0.021750 0.009311
v -0.004702 -0.021750 0.008874
v -0.004265 -0.016750 0.005555
v -0.006647 -0.021750 0.004180
v -0.008022 -0.021750 0.004548
v -0.008022 -0.016750 0.004548
v -0.009028 -0.021750 0.005555
v -0.004702 -0.016750 0.004985
v -0.009028 -0.016750 0.005555
v -0.008591 -0.016750 0.004985
v -0.007359 -0.016750 0.004273
v -0.003990 -0.016750 0.006218
v -0.009397 -0.016750 0.006930
v -0.004265 -0.016750 0.008305
v -0.009303 -0.016750 0.007641
v -0.003990 -0.016750 0.007641
v -0.009028 -0.016750 0.008305
v -0.008591 -0.016750 0.008874
v -0.004702 -0.016750 0.008874
v -0.008022 -0.016750 0.009311
v -0.005272 -0.016750 0.009311
v -0.007359 -0.016750 0.009586
v 0.040593 -0.021750 0.010394
v 0.040593 -0.016750 0.010394
v 0.040868 -0.021750 0.011058
v 0.043249 -0.021750 0.012433
v 0.043961 -0.016750 0.012339
v 0.045906 -0.021750 0.010394
v 0.045906 -0.016750 0.010394
v 0.045999 -0.016750 0.009683
v 0.045631 -0.021750 0.008308
v 0.043249 -0.021750 0.006933
v 0.043249 -0.016750 0.006933
v 0.042538 -0.021750 0.007027
v 0.040593 -0.016750 0.008971
v 0.041305 -0.016750 0.011627
v 0.041874 -0.021750 0.012064
v 0.042538 -0.021750 0.012339
v 0.042538 -0.016750 0.012339
v 0.044624 -0.021750 0.012064
v 0.045194 -0.016750 0.011627
v 0.045906 -0.021750 0.008971
v 0.045194 -0.021750 0.007738
v 0.041305 -0.021750 0.007738
v 0.040868 -0.016750 0.008308
v 0.040593 -0.021750 0.008971
v 0.040499 -0.016750 0.009683
v 0.045631 -0.016750 0.008308
v 0.041305 -0.016750 0.007738
v 0.041874 -0.016750 0.007301
v 0.042538 -0.016750 0.007027
v 0.045194 -0.016750 0.007738
v 0.044624 -0.016750 0.007301
v 0.043961 -0.016750 0.007027
v 0.045906 -0.016750 0.008971
v 0.040868 -0.016750 0.011058
v 0.043249 -0.016750 0.012433
v 0.045631 -0.016750 0.011058
v 0.041874 -0.016750 0.012064
v 0.044624 -0.016750 0.012064
v 0.003990 -0.021750 -0.005652
v 0.004265 -0.016750 -0.004989
v 0.004702 -0.021750 -0.004419
v 0.005935 -0.021750 -0.003708
v 0.006647 -0.016750 -0.003614
v 0.008022 -0.021750 -0.003982
v 0.008022 -0.016750 -0.003982
v 0.008591 -0.016750 -0.004419
v 0.009028 -0.016750 -0.004989
v 0.009303 -0.016750 -0.005652
v 0.009397 -0.016750 -0.006364
v 0.009303 -0.016750 -0.007076
v 0.009028 -0.016750 -0.007739
v 0.008022 -0.016750 -0.008745
v 0.007359 -0.016750 -0.009020
v 0.006647 -0.016750 -0.009114
v 0.005935 -0.016750 -0.009020
v 0.004702 -0.021750 -0.008308
v 0.005272 -0.016750 -0.008745
v 0.007359 -0.021750 -0.003708
v 0.007359 -0.016750 -0.003708
v 0.009303 -0.021750 -0.005652
v 0.009303 -0.021750 -0.007076
v 0.006647 -0.021750 -0.009114
v 0.004702 -0.016750 -0.008308
v 0.003990 -0.021750 -0.007076
v 0.003990 -0.016750 -0.007076
v 0.004265 -0.016750 -0.007739
v 0.008591 -0.016750 -0.008308
v 0.003897 -0.016750 -0.006364
v 0.003990 -0.016750 -0.005652
v 0.005272 -0.016750 -0.003982
v 0.004702 -0.016750 -0.004419
v 0.005935 -0.016750 -0.003708
v -0.062337 -0.021750 0.004272
v -0.060220 -0.021750 0.009887
v -0.059142 -0.021750 0.011581
v -0.057896 -0.036750 0.013156
v -0.054953 -0.021750 0.015879
v -0.047728 -0.021750 0.019261
v -0.039753 -0.036750 0.019467
v -0.039753 -0.021750 0.019467
v -0.034085 -0.036750 0.017495
v -0.027959 -0.036750 0.012385
v -0.027959 -0.021750 0.012385
v -0.025807 -0.036750 0.009001
v -0.026796 -0.021750 0.010748
v -0.025003 -0.021750 0.007161
v -0.024393 -0.021750 0.005249
v -0.023775 -0.021750 0.001287
v -0.023982 -0.021750 -0.002718
v -0.025003 -0.036750 -0.006596
v -0.025003 -0.021750 -0.006596
v -0.026796 -0.021750 -0.010183
v -0.027959 -0.021750 -0.011819
v -0.029285 -0.021750 -0.013327
v -0.030758 -0.021750 -0.014691
v -0.032364 -0.021750 -0.015896
v -0.035903 -0.036750 -0.017780
v -0.039753 -0.036750 -0.018901
v -0.041745 -0.036750 -0.019159
v -0.039753 -0.021750 -0.018901
v -0.041745 -0.021750 -0.019159
v -0.043752 -0.021750 -0.019210
v -0.053288 -0.021750 -0.016435
v -0.056495 -0.021750 -0.014028
v -0.061117 -0.021750 -0.007526
v -0.062646 -0.021750 -0.001722
v -0.062749 -0.021750 0.000283
v -0.062646 -0.036750 0.002288
v -0.061117 -0.036750 0.008092
v -0.061117 -0.021750 0.008092
v -0.060220 -0.036750 0.009887
v -0.056495 -0.036750 0.014593
v -0.056495 -0.021750 0.014593
v -0.054953 -0.036750 0.015879
v -0.053288 -0.036750 0.017000
v -0.049656 -0.036750 0.018700
v -0.041745 -0.036750 0.019724
v -0.041745 -0.021750 0.019724
v -0.037800 -0.036750 0.019006
v -0.035903 -0.021750 0.018346
v -0.032364 -0.036750 0.016461
v -0.032364 -0.021750 0.016461
v -0.025003 -0.036750 0.007161
v -0.023982 -0.036750 0.003284
v -0.023775 -0.021750 -0.000721
v -0.023982 -0.036750 -0.002718
v -0.024393 -0.036750 -0.004683
v -0.024393 -0.021750 -0.004683
v -0.026796 -0.036750 -0.010183
v -0.027959 -0.036750 -0.011819
v -0.029285 -0.036750 -0.013327
v -0.030758 -0.036750 -0.014691
v -0.037800 -0.021750 -0.018440
v -0.043752 -0.036750 -0.019210
v -0.045753 -0.021750 -0.019055
v -0.049656 -0.036750 -0.018134
v -0.053288 -0.036750 -0.016435
v -0.054953 -0.036750 -0.015314
v -0.061826 -0.036750 -0.005647
v -0.061826 -0.021750 -0.005647
v -0.062337 -0.036750 -0.003706
v -0.033100 -0.021750 0.000283
v -0.040868 -0.021750 0.008308
v -0.040593 -0.021750 0.008971
v -0.031358 -0.021750 0.002553
v -0.029285 -0.021750 0.013893
v -0.030750 -0.021750 0.002633
v -0.030141 -0.021750 0.002553
v -0.029575 -0.021750 0.002318
v -0.028480 -0.021750 0.000891
v -0.023982 -0.021750 0.003284
v -0.028714 -0.021750 -0.000892
v -0.029088 -0.021750 -0.001379
v -0.032411 -0.021750 0.001945
v -0.025807 -0.021750 0.009001
v -0.025807 -0.021750 -0.008435
v -0.040593 -0.021750 -0.008405
v -0.032411 -0.021750 -0.001379
v -0.041874 -0.021750 -0.006736
v -0.043249 -0.021750 -0.006367
v -0.062337 -0.021750 -0.003706
v -0.060220 -0.021750 -0.009322
v -0.045631 -0.021750 -0.007742
v -0.045906 -0.021750 -0.008405
v -0.059142 -0.021750 -0.011016
v -0.057896 -0.021750 -0.012590
v -0.054953 -0.021750 -0.015314
v -0.045631 -0.021750 -0.010492
v -0.049656 -0.021750 -0.018134
v -0.047728 -0.021750 -0.018696
v -0.044624 -0.021750 -0.011499
v -0.042538 -0.021750 -0.011773
v -0.035903 -0.021750 -0.017780
v -0.034085 -0.021750 -0.016929
v -0.040593 -0.021750 -0.009829
v -0.032785 -0.021750 -0.000892
v -0.045194 -0.021750 -0.007173
v -0.045194 -0.021750 0.007738
v -0.040868 -0.021750 -0.010492
v -0.041305 -0.021750 -0.011062
v -0.043249 -0.021750 -0.011867
v -0.051516 -0.021750 -0.017378
v -0.045906 -0.021750 -0.009829
v -0.053288 -0.021750 0.017000
v -0.051516 -0.021750 0.017944
v -0.045194 -0.021750 0.011627
v -0.049656 -0.021750 0.018700
v -0.045753 -0.021750 0.019621
v -0.041874 -0.021750 0.012064
v -0.041305 -0.021750 0.011627
v -0.040593 -0.021750 0.010394
v -0.043752 -0.021750 0.019776
v -0.043249 -0.021750 0.012433
v -0.037800 -0.021750 0.019006
v -0.034085 -0.021750 0.017495
v -0.030758 -0.021750 0.015256
v -0.040499 -0.021750 0.009683
v -0.061826 -0.021750 0.006213
v -0.045906 -0.021750 0.008971
v -0.057896 -0.021750 0.013156
v -0.062646 -0.021750 0.002288
v -0.016970 -0.021750 0.009887
v -0.015893 -0.021750 0.011581
v -0.014647 -0.021750 0.013156
v -0.013246 -0.021750 0.014593
v -0.008266 -0.021750 0.017944
v -0.002504 -0.036750 0.019621
v -0.002504 -0.021750 0.019621
v -0.000502 -0.021750 0.019776
v 0.001505 -0.036750 0.019724
v 0.005450 -0.036750 0.019006
v 0.015290 -0.036750 0.012385
v 0.015290 -0.021750 0.012385
v 0.016453 -0.036750 0.010748
v 0.016453 -0.021750 0.010748
v 0.017442 -0.036750 0.009001
v 0.017442 -0.021750 0.009001
v 0.019474 -0.021750 0.001287
v 0.019474 -0.036750 -0.000721
v 0.019474 -0.021750 -0.000721
v 0.019267 -0.021750 -0.002718
v 0.018857 -0.021750 -0.004683
v 0.017442 -0.021750 -0.008435
v 0.016453 -0.021750 -0.010183
v 0.013965 -0.021750 -0.013327
v 0.007346 -0.021750 -0.017780
v -0.014647 -0.036750 -0.012590
v -0.017868 -0.021750 -0.007526
v -0.018576 -0.021750 -0.005647
v -0.019087 -0.036750 -0.003706
v -0.019087 -0.021750 -0.003706
v -0.017868 -0.036750 0.008092
v -0.017868 -0.021750 0.008092
v -0.016970 -0.036750 0.009887
v -0.014647 -0.036750 0.013156
v -0.013246 -0.036750 0.014593
v -0.010038 -0.036750 0.017000
v -0.006407 -0.036750 0.018700
v -0.004479 -0.021750 0.019261
v -0.000502 -0.036750 0.019776
v 0.003496 -0.021750 0.019467
v 0.005450 -0.021750 0.019006
v 0.007346 -0.036750 0.018346
v 0.012491 -0.021750 0.015256
v 0.013965 -0.021750 0.013893
v 0.018857 -0.036750 0.005249
v 0.019267 -0.021750 0.003284
v 0.019474 -0.036750 0.001287
v 0.019267 -0.036750 -0.002718
v 0.018857 -0.036750 -0.004683
v 0.018246 -0.036750 -0.006596
v 0.016453 -0.036750 -0.010183
v 0.012491 -0.036750 -0.014691
v 0.012491 -0.021750 -0.014691
v 0.009164 -0.021750 -0.016929
v 0.005450 -0.036750 -0.018440
v 0.003496 -0.021750 -0.018901
v 0.001505 -0.021750 -0.019159
v -0.000502 -0.021750 -0.019210
v -0.002504 -0.021750 -0.019055
v -0.006407 -0.021750 -0.018134
v -0.011704 -0.021750 -0.015314
v -0.013246 -0.021750 -0.014028
v -0.015893 -0.036750 -0.011016
v -0.018576 -0.036750 -0.005647
v -0.019396 -0.036750 -0.001722
v -0.019396 -0.021750 -0.001722
v 0.006182 -0.021750 0.009833
v -0.006407 -0.021750 0.018700
v -0.010038 -0.021750 0.017000
v -0.011704 -0.021750 0.015879
v -0.009303 -0.021750 0.007641
v -0.018576 -0.021750 0.006213
v -0.019087 -0.021750 0.004272
v -0.008591 -0.021750 0.004985
v -0.019396 -0.021750 0.002288
v -0.019500 -0.021750 0.000283
v -0.016970 -0.021750 -0.009322
v -0.015893 -0.021750 -0.011016
v -0.014647 -0.021750 -0.012590
v 0.003897 -0.021750 -0.006364
v -0.008266 -0.021750 -0.017378
v -0.010038 -0.021750 -0.016435
v 0.004265 -0.021750 -0.007739
v -0.004479 -0.021750 -0.018696
v 0.005450 -0.021750 -0.018440
v 0.005935 -0.021750 -0.009020
v 0.010886 -0.021750 -0.015896
v 0.008591 -0.021750 -0.008308
v 0.009028 -0.021750 -0.007739
v 0.009397 -0.021750 -0.006364
v 0.018246 -0.021750 -0.006596
v 0.009028 -0.021750 -0.004989
v 0.008591 -0.021750 -0.004419
v 0.007464 -0.021750 0.006740
v 0.005272 -0.021750 -0.003982
v -0.004702 -0.021750 0.004985
v 0.001505 -0.021750 0.019724
v 0.006894 -0.021750 0.011066
v 0.009164 -0.021750 0.017495
v 0.010886 -0.021750 0.016461
v 0.008839 -0.021750 0.011872
v 0.009550 -0.021750 0.011778
v 0.010783 -0.021750 0.011066
v 0.011220 -0.021750 0.010497
v 0.011495 -0.021750 0.008410
v 0.007346 -0.021750 0.018346
v 0.011589 -0.021750 0.009122
v 0.018246 -0.021750 0.007161
v 0.011220 -0.021750 0.007747
v 0.018857 -0.021750 0.005249
v 0.006647 -0.021750 -0.003614
v -0.003897 -0.021750 0.006930
v 0.006182 -0.021750 0.008410
v -0.003990 -0.021750 0.007641
v -0.009397 -0.021750 0.006930
v -0.009028 -0.021750 0.008305
v 0.004265 -0.021750 -0.004989
v -0.009303 -0.021750 0.006218
v 0.015290 -0.021750 -0.011819
v 0.008022 -0.021750 -0.008745
v 0.007359 -0.021750 -0.009020
v 0.005272 -0.021750 -0.008745
v 0.024162 -0.036750 0.004272
v 0.023853 -0.036750 0.002288
v 0.023853 -0.021750 0.002288
v 0.024673 -0.036750 0.006213
v 0.024162 -0.021750 0.004272
v 0.025381 -0.036750 0.008092
v 0.025381 -0.021750 0.008092
v 0.026279 -0.021750 0.009887
v 0.030004 -0.021750 0.014593
v 0.031545 -0.021750 0.015879
v 0.033211 -0.036750 0.017000
v 0.036843 -0.021750 0.018700
v 0.044754 -0.021750 0.019724
v 0.048699 -0.021750 0.019006
v 0.055741 -0.036750 0.015256
v 0.062723 -0.021750 -0.000721
v 0.061496 -0.036750 -0.006596
v 0.062106 -0.021750 -0.004683
v 0.059703 -0.036750 -0.010183
v 0.059703 -0.021750 -0.010183
v 0.055741 -0.021750 -0.014691
v 0.050596 -0.036750 -0.017780
v 0.048699 -0.036750 -0.018440
v 0.040746 -0.021750 -0.019055
v 0.034983 -0.036750 -0.017378
v 0.036843 -0.021750 -0.018134
v 0.030004 -0.021750 -0.014028
v 0.026279 -0.036750 -0.009322
v 0.024673 -0.021750 -0.005647
v 0.024162 -0.021750 -0.003706
v 0.023750 -0.036750 0.000283
v 0.027357 -0.036750 0.011581
v 0.028603 -0.036750 0.013156
v 0.030004 -0.036750 0.014593
v 0.031545 -0.036750 0.015879
v 0.033211 -0.021750 0.017000
v 0.038771 -0.021750 0.019261
v 0.050596 -0.036750 0.018346
v 0.050596 -0.021750 0.018346
v 0.058540 -0.021750 0.012385
v 0.059703 -0.036750 0.010748
v 0.060692 -0.036750 0.009001
v 0.060692 -0.021750 0.009001
v 0.062723 -0.036750 0.001287
v 0.062723 -0.036750 -0.000721
v 0.062517 -0.021750 -0.002718
v 0.062106 -0.036750 -0.004683
v 0.052414 -0.036750 -0.016929
v 0.046745 -0.021750 -0.018901
v 0.042747 -0.036750 -0.019210
v 0.042747 -0.021750 -0.019210
v 0.040746 -0.036750 -0.019055
v 0.036843 -0.036750 -0.018134
v 0.031545 -0.036750 -0.015314
v 0.028603 -0.036750 -0.012590
v 0.027357 -0.021750 -0.011016
v 0.025381 -0.036750 -0.007526
v 0.023853 -0.021750 -0.001722
v 0.028480 -0.021750 -0.000325
v 0.028714 -0.021750 -0.000892
v 0.028603 -0.021750 -0.012590
v 0.031545 -0.021750 -0.015314
v 0.033211 -0.021750 -0.016435
v 0.040593 -0.021750 -0.009829
v 0.040868 -0.021750 -0.010492
v 0.034983 -0.021750 -0.017378
v 0.038771 -0.021750 -0.018696
v 0.041874 -0.021750 -0.011499
v 0.044754 -0.021750 -0.019159
v 0.048699 -0.021750 -0.018440
v 0.045631 -0.021750 -0.010492
v 0.054135 -0.021750 -0.015896
v 0.045999 -0.021750 -0.009117
v 0.057214 -0.021750 -0.013327
v 0.058540 -0.021750 -0.011819
v 0.045906 -0.021750 -0.008405
v 0.060692 -0.021750 -0.008435
v 0.061496 -0.021750 -0.006596
v 0.062723 -0.021750 0.001287
v 0.062517 -0.021750 0.003284
v 0.062106 -0.021750 0.005249
v 0.061496 -0.021750 0.007161
v 0.059703 -0.021750 0.010748
v 0.045999 -0.021750 0.009683
v 0.057214 -0.021750 0.013893
v 0.054135 -0.021750 0.016461
v 0.045631 -0.021750 0.011058
v 0.052414 -0.021750 0.017495
v 0.045194 -0.021750 0.011627
v 0.043961 -0.021750 0.012339
v 0.046745 -0.021750 0.019467
v 0.042747 -0.021750 0.019776
v 0.041305 -0.021750 0.011627
v 0.034983 -0.021750 0.017944
v 0.040499 -0.021750 0.009683
v 0.028603 -0.021750 0.013156
v 0.031358 -0.021750 0.002553
v 0.027357 -0.021750 0.011581
v 0.030141 -0.021750 0.002553
v 0.024673 -0.021750 0.006213
v 0.028714 -0.021750 0.001458
v 0.023750 -0.021750 0.000283
v 0.028480 -0.021750 0.000891
v 0.029088 -0.021750 0.001945
v 0.040868 -0.021750 0.008308
v 0.032785 -0.021750 0.001458
v 0.033019 -0.021750 0.000891
v 0.043961 -0.021750 0.007027
v 0.044624 -0.021750 -0.006736
v 0.044624 -0.021750 0.007301
v 0.045194 -0.021750 -0.007173
v 0.033100 -0.021750 0.000283
v 0.033019 -0.021750 -0.000325
v 0.032411 -0.021750 -0.001379
v 0.031925 -0.021750 -0.001752
v 0.040593 -0.021750 -0.008405
v 0.040499 -0.021750 -0.009117
v 0.041874 -0.021750 -0.006736
v 0.032785 -0.021750 -0.000892
v 0.040868 -0.021750 -0.007742
v 0.030141 -0.021750 -0.001987
v 0.026279 -0.021750 -0.009322
v 0.025381 -0.021750 -0.007526
v 0.029088 -0.021750 -0.001379
v 0.042538 -0.021750 -0.006461
v 0.052414 -0.021750 -0.016929
v 0.050596 -0.021750 -0.017780
v 0.043961 -0.021750 -0.011773
v 0.043249 -0.021750 -0.011867
v 0.040746 -0.021750 0.019621
v 0.055741 -0.021750 0.015256
v 0.041874 -0.021750 0.007301
v -0.026433 0.001250 -0.019217
v -0.015999 -0.017250 0.019783
v -0.028243 0.001250 -0.020642
v -0.030174 0.001250 -0.021900
v -0.030174 -0.017250 -0.021900
v -0.032209 -0.017250 -0.022980
v -0.034332 -0.017250 -0.023873
v -0.036527 0.001250 -0.024574
v -0.054495 -0.017250 -0.022882
v -0.056520 -0.017250 -0.021784
v -0.056520 0.001250 -0.021784
v -0.063412 -0.017250 -0.015734
v -0.067746 0.001250 -0.007653
v -0.068357 -0.017250 -0.005431
v -0.068973 -0.017250 0.001435
v -0.068767 -0.017250 0.003730
v -0.068357 0.001250 0.005997
v -0.066938 0.001250 0.010376
v -0.063412 -0.017250 0.016299
v -0.063412 0.001250 0.016299
v -0.061899 -0.017250 0.018038
v -0.060238 -0.017250 0.019634
v -0.058440 0.001250 0.021075
v -0.056520 -0.017250 0.022349
v -0.054495 0.001250 0.023447
v -0.052379 -0.017250 0.024360
v -0.047946 0.001250 0.025601
v -0.047946 -0.017250 0.025601
v -0.045664 -0.017250 0.025919
v -0.043363 0.001250 0.026032
v -0.036527 -0.017250 0.025140
v -0.034332 -0.017250 0.024439
v -0.028243 0.001250 0.021208
v -0.032209 0.001250 -0.022980
v -0.043363 0.001250 -0.025467
v -0.052379 -0.017250 -0.023794
v -0.052379 0.001250 -0.023794
v -0.058440 0.001250 -0.020509
v -0.060238 -0.017250 -0.019068
v -0.060238 0.001250 -0.019068
v -0.064763 0.001250 -0.013867
v -0.065941 0.001250 -0.011888
v -0.066938 -0.017250 -0.009811
v -0.066938 0.001250 -0.009811
v -0.068767 0.001250 -0.003164
v -0.068973 0.001250 0.001435
v -0.065941 -0.017250 0.012453
v -0.065941 0.001250 0.012453
v -0.064763 0.001250 0.014433
v -0.054495 -0.017250 0.023447
v -0.052379 0.001250 0.024360
v -0.050190 -0.017250 0.025079
v -0.050190 0.001250 0.025079
v -0.043363 -0.017250 0.026032
v -0.038776 -0.017250 0.025641
v -0.036527 0.001250 0.025140
v -0.032209 -0.017250 0.023545
v -0.032209 0.001250 0.023545
v -0.030174 -0.017250 0.022465
v -0.030174 0.001250 0.022465
v 0.060238 0.001250 -0.019068
v 0.035699 0.001250 -0.015594
v 0.063412 0.001250 -0.015734
v 0.035254 0.001250 -0.015014
v 0.064763 0.001250 -0.013867
v 0.066938 0.001250 -0.009811
v 0.065941 0.001250 -0.011888
v 0.033999 0.001250 -0.014290
v 0.067746 0.001250 -0.007653
v 0.068357 0.001250 -0.005431
v 0.018146 0.001250 -0.001657
v 0.068767 0.001250 -0.003164
v 0.068973 0.001250 0.001435
v 0.017837 0.001250 -0.003575
v 0.016619 0.001250 -0.007258
v 0.015723 0.001250 -0.008982
v 0.031875 0.001250 -0.014569
v 0.012018 0.001250 -0.013451
v 0.030850 0.001250 -0.015594
v 0.010490 0.001250 -0.014651
v 0.032550 0.001250 -0.014290
v 0.017707 0.001250 -0.019217
v 0.032550 0.001250 -0.019699
v 0.028243 0.001250 -0.020642
v 0.038776 0.001250 -0.025075
v 0.034675 0.001250 -0.019419
v 0.043363 0.001250 -0.025467
v 0.035254 0.001250 -0.018974
v 0.054495 0.001250 -0.022882
v 0.035979 0.001250 -0.017719
v 0.036075 0.001250 -0.016994
v 0.063412 0.001250 0.016299
v 0.053224 0.001250 0.014760
v 0.055649 0.001250 0.018960
v 0.055204 0.001250 0.019540
v 0.054624 0.001250 0.019985
v 0.053949 0.001250 0.020264
v 0.058440 0.001250 0.021075
v 0.056520 0.001250 0.022349
v 0.053224 0.001250 0.020360
v 0.050190 0.001250 0.025079
v 0.047946 0.001250 0.025601
v 0.054495 0.001250 0.023447
v 0.051244 0.001250 0.019540
v 0.045664 0.001250 0.025919
v 0.050799 0.001250 0.018960
v 0.034332 0.001250 0.024439
v 0.032209 0.001250 0.023545
v 0.050520 0.001250 0.018285
v 0.030174 0.001250 0.022465
v 0.026433 0.001250 0.019783
v 0.050424 0.001250 0.017560
v 0.050799 0.001250 0.016160
v 0.014649 0.001250 0.011166
v 0.013409 0.001250 0.012662
v 0.010490 0.001250 0.015217
v 0.008843 0.001250 0.016247
v 0.007096 0.001250 0.017097
v 0.003381 0.001250 0.018217
v 0.010502 0.001250 0.023216
v 0.051824 0.001250 0.015135
v 0.053949 0.001250 0.014855
v -0.050520 0.001250 -0.016269
v -0.050799 0.001250 -0.015594
v -0.051244 0.001250 -0.015014
v -0.015208 0.001250 -0.009806
v -0.014049 0.001250 -0.011365
v -0.017707 0.001250 -0.019217
v -0.011270 0.001250 -0.014072
v -0.009680 0.001250 -0.015188
v -0.006191 0.001250 -0.016885
v -0.016194 0.001250 -0.008132
v -0.016997 0.001250 -0.006363
v -0.052500 0.001250 -0.014290
v -0.018017 0.001250 -0.002620
v -0.068973 0.001250 -0.000869
v -0.068767 0.001250 0.003730
v -0.067746 0.001250 0.008218
v -0.033999 0.001250 0.014855
v -0.035979 0.001250 0.016835
v -0.061899 0.001250 0.018038
v -0.045664 0.001250 0.025919
v -0.041061 0.001250 0.025939
v -0.038776 0.001250 0.025641
v -0.034332 0.001250 0.024439
v -0.031295 0.001250 0.019540
v -0.053224 0.001250 -0.014194
v -0.063412 0.001250 -0.015734
v -0.055204 0.001250 -0.015014
v -0.055649 0.001250 -0.015594
v -0.061899 0.001250 -0.017472
v -0.056024 0.001250 -0.016994
v -0.055929 0.001250 -0.017719
v -0.055649 0.001250 -0.018394
v -0.054495 0.001250 -0.022882
v -0.047946 0.001250 -0.025035
v -0.050190 0.001250 -0.024514
v -0.052500 0.001250 -0.019699
v -0.045664 0.001250 -0.025353
v -0.050520 0.001250 -0.017719
v -0.011270 0.001250 0.014637
v -0.015999 0.001250 0.019783
v -0.026433 0.001250 0.019783
v -0.030850 0.001250 0.018960
v -0.033275 0.001250 0.020360
v -0.033999 0.001250 0.020264
v -0.034675 0.001250 0.019985
v -0.035254 0.001250 0.019540
v -0.056520 0.001250 0.022349
v -0.036075 0.001250 0.017560
v -0.060238 0.001250 0.019634
v -0.035254 0.001250 0.015580
v -0.033275 0.001250 0.014760
v -0.016997 0.001250 0.006929
v -0.016194 0.001250 0.008698
v -0.032550 0.001250 0.014855
v -0.030570 0.001250 0.016835
v -0.012732 0.001250 0.013358
v -0.030850 0.001250 0.016160
v -0.015208 0.001250 0.010371
v 0.004311 0.001250 0.025135
v 0.002164 0.001250 0.025413
v -0.010502 0.001250 0.023216
v -0.006191 0.001250 0.017450
v -0.009680 0.001250 0.015754
v -0.002422 0.001250 -0.017805
v -0.007874 0.001250 -0.024853
v -0.000486 0.001250 -0.017960
v 0.001456 0.001250 -0.017909
v 0.007874 0.001250 -0.024853
v 0.014076 0.001250 -0.021981
v 0.015951 0.001250 -0.020678
v 0.007096 0.001250 -0.016531
v -0.034332 0.001250 -0.023873
v -0.038776 0.001250 -0.025075
v -0.041061 0.001250 -0.025374
v -0.068357 0.001250 -0.005431
v -0.006427 0.001250 0.024673
v 0.055929 0.001250 0.018285
vn -0.2372 -0.7294 -0.6417
vn -0.4437 -0.7074 -0.5502
vn -0.3060 0.4704 -0.8277
vn -0.4272 0.7074 -0.5631
vn -0.3933 -0.7074 -0.5873
vn -0.3758 0.7074 -0.5986
vn -0.3398 -0.7074 -0.6197
vn -0.3214 0.7074 -0.6295
vn -0.2837 -0.7074 -0.6473
vn -0.2645 0.7074 -0.6554
vn -0.2254 -0.7074 -0.6699
vn -0.2055 0.7074 -0.6763
vn -0.1653 -0.7074 -0.6872
vn -0.1449 0.7074 -0.6918
vn -0.1039 -0.7074 -0.6991
vn -0.0832 0.7074 -0.7019
vn -0.0354 -0.8003 -0.5986
vn -0.0208 0.7074 -0.7065
vn 0.0208 -0.7074 -0.7065
vn 0.0354 0.8003 -0.5986
vn 0.0832 -0.7074 -0.7019
vn 0.1039 0.7074 -0.6991
vn 0.1449 -0.7074 -0.6918
vn 0.1653 0.7074 -0.6872
vn 0.2055 -0.7074 -0.6763
vn 0.2254 0.7074 -0.6699
vn 0.2645 -0.7074 -0.6554
vn 0.2837 0.7074 -0.6473
vn 0.3214 -0.7074 -0.6295
vn 0.3398 0.7074 -0.6197
vn 0.3758 -0.7074 -0.5986
vn 0.3933 0.7074 -0.5873
vn 0.4928 -0.6004 -0.6298
vn 0.3416 0.8323 -0.4366
vn 0.3749 0.5764 -0.7261
vn 0.1875 -0.5764 -0.7954
vn -0.1778 -0.8467 -0.5015
vn -0.2615 0.6227 -0.7375
vn -0.4286 -0.7074 -0.5620
vn -0.4115 0.7074 -0.5747
vn -0.3763 -0.7074 -0.5983
vn -0.3581 0.7074 -0.6093
vn -0.3524 -0.6004 -0.7179
vn -0.2442 0.8323 -0.4976
vn -0.2630 0.7074 -0.6561
vn -0.2431 -0.7074 -0.6637
vn -0.2180 0.6004 -0.7694
vn -0.1511 -0.8323 -0.5333
vn -0.1411 -0.7074 -0.6926
vn -0.1203 0.7074 -0.6965
vn -0.0782 -0.7075 -0.7024
vn -0.0571 0.7074 -0.7045
vn -0.0147 -0.7074 -0.7066
vn 0.0065 0.7074 -0.7068
vn 0.0415 -0.8003 -0.5982
vn 0.0595 0.8002 -0.5967
vn 0.1121 -0.7074 -0.6978
vn 0.1331 0.7074 -0.6941
vn 0.1745 -0.7074 -0.6849
vn 0.1950 0.7074 -0.6794
vn 0.2354 -0.7074 -0.6664
vn 0.2553 0.7074 -0.6591
vn 0.2944 -0.7074 -0.6426
vn 0.3136 0.7074 -0.6334
vn 0.3510 -0.7074 -0.6135
vn 0.3693 0.7074 -0.6026
vn 0.4048 -0.7074 -0.5794
vn 0.4220 0.7074 -0.5670
vn 0.4553 -0.7074 -0.5406
vn 0.4713 0.7074 -0.5267
vn 0.5021 -0.7074 -0.4975
vn 0.5168 0.7074 -0.4822
vn 0.5448 -0.7074 -0.4503
vn 0.5581 0.7074 -0.4337
vn 0.5831 -0.7074 -0.3994
vn 0.5948 0.7074 -0.3817
vn 0.6167 -0.7074 -0.3454
vn 0.6268 0.7074 -0.3267
vn 0.6452 -0.7074 -0.2885
vn 0.6536 0.7074 -0.2690
vn 0.6686 -0.7074 -0.2293
vn 0.6752 0.7074 -0.2091
vn 0.6865 -0.7074 -0.1682
vn 0.6912 0.7074 -0.1475
vn 0.6988 -0.7074 -0.1057
vn 0.7017 0.7074 -0.0847
vn 0.7055 -0.7074 -0.0424
vn 0.7065 0.7074 -0.0212
vn 0.8314 -0.5551 0.0250
vn 0.8303 0.5550 0.0499
vn 0.7017 -0.7074 0.0847
vn 0.6988 0.7074 0.1057
vn 0.6912 -0.7074 0.1475
vn 0.6865 0.7074 0.1682
vn 0.6752 -0.7074 0.2091
vn 0.6686 0.7074 0.2293
vn 0.6536 -0.7074 0.2690
vn 0.6452 0.7074 0.2885
vn 0.6268 -0.7074 0.3267
vn 0.6167 0.7074 0.3454
vn 0.5948 -0.7074 0.3817
vn 0.5831 0.7074 0.3994
vn 0.5581 -0.7074 0.4337
vn 0.5448 0.7074 0.4503
vn 0.5168 -0.7074 0.4822
vn 0.5021 0.7074 0.4975
vn 0.4713 -0.7074 0.5267
vn 0.4553 0.7074 0.5406
vn 0.4220 -0.7074 0.5670
vn 0.4048 0.7074 0.5794
vn 0.3693 -0.7074 0.6026
vn 0.3510 0.7074 0.6135
vn 0.3136 -0.7074 0.6334
vn 0.2944 0.7074 0.6426
vn 0.2553 -0.7074 0.6591
vn 0.2354 0.7074 0.6664
vn 0.1950 -0.7074 0.6794
vn 0.1745 0.7074 0.6849
vn 0.1331 -0.7074 0.6941
vn 0.1121 0.7074 0.6978
vn 0.0595 -0.8002 0.5967
vn 0.0415 0.8003 0.5982
vn 0.0065 -0.7074 0.7068
vn -0.0147 0.7074 0.7066
vn -0.0571 -0.7074 0.7045
vn -0.0782 0.7075 0.7024
vn -0.1203 -0.7074 0.6965
vn -0.1411 0.7074 0.6926
vn -0.1824 -0.7074 0.6828
vn -0.2029 0.7074 0.6771
vn -0.2431 -0.7074 0.6637
vn -0.2630 0.7074 0.6561
vn -0.3018 -0.7074 0.6391
vn -0.3209 0.7074 0.6297
vn -0.3581 -0.7074 0.6093
vn -0.3763 0.7074 0.5983
vn -0.4115 -0.7074 0.5747
vn -0.4286 0.7074 0.5620
vn -0.2952 -0.4686 0.8326
vn -0.2292 0.7277 0.6465
vn 0.1724 -0.8457 0.5051
vn 0.2532 0.6211 0.7417
vn 0.4156 -0.7074 0.5717
vn 0.3987 0.7074 0.5836
vn 0.3640 -0.7074 0.6059
vn 0.3461 0.7074 0.6163
vn 0.3095 -0.7074 0.6355
vn 0.2908 0.7074 0.6442
vn 0.2526 -0.7074 0.6601
vn 0.2332 0.7074 0.6672
vn 0.1938 -0.7074 0.6797
vn 0.1739 0.7074 0.6851
vn 0.1335 -0.7074 0.6941
vn 0.1132 0.7074 0.6977
vn 0.0722 -0.7074 0.7031
vn 0.0516 0.7074 0.7049
vn 0.0088 -0.8002 0.5996
vn -0.0088 0.8002 0.5996
vn -0.0516 -0.7074 0.7049
vn -0.0722 0.7074 0.7031
vn -0.1132 -0.7074 0.6977
vn -0.1335 0.7074 0.6941
vn -0.1739 -0.7074 0.6851
vn -0.1938 0.7074 0.6797
vn -0.2332 -0.7074 0.6672
vn -0.2526 0.7074 0.6601
vn -0.2908 -0.7074 0.6442
vn -0.3095 0.7074 0.6355
vn -0.3461 -0.7074 0.6163
vn -0.3640 0.7074 0.6059
vn -0.4608 -0.6004 0.6536
vn -0.3194 0.8323 0.4531
vn -0.2952 0.7241 0.6233
vn -0.1476 -0.7241 0.6737
vn 0.2292 -0.7277 0.6465
vn 0.2952 0.4686 0.8326
vn 0.4286 -0.7074 0.5620
vn 0.4115 0.7074 0.5747
vn 0.3763 -0.7074 0.5983
vn 0.3581 0.7074 0.6093
vn 0.3524 -0.6004 0.7179
vn 0.2442 0.8323 0.4976
vn 0.2630 0.7074 0.6561
vn 0.2431 -0.7074 0.6637
vn 0.2180 0.6004 0.7694
vn 0.1511 -0.8323 0.5333
vn 0.1411 -0.7074 0.6926
vn 0.1203 0.7074 0.6965
vn 0.0782 -0.7075 0.7024
vn 0.0571 0.7074 0.7045
vn 0.0147 -0.7074 0.7066
vn -0.0065 0.7074 0.7068
vn -0.0415 -0.8003 0.5982
vn -0.0595 0.8002 0.5967
vn -0.1121 -0.7074 0.6978
vn -0.1331 0.7074 0.6941
vn -0.1745 -0.7074 0.6849
vn -0.1950 0.7074 0.6794
vn -0.2354 -0.7074 0.6664
vn -0.2553 0.7074 0.6591
vn -0.2944 -0.7074 0.6426
vn -0.3136 0.7074 0.6334
vn -0.3510 -0.7074 0.6135
vn -0.3693 0.7074 0.6026
vn -0.4048 -0.7074 0.5794
vn -0.4220 0.7074 0.5670
vn -0.4553 -0.7074 0.5406
vn -0.4713 0.7074 0.5267
vn -0.5021 -0.7074 0.4975
vn -0.5168 0.7074 0.4822
vn -0.5448 -0.7074 0.4503
vn -0.5581 0.7074 0.4337
vn -0.5831 -0.7074 0.3994
vn -0.5948 0.7074 0.3817
vn -0.6167 -0.7074 0.3454
vn -0.6268 0.7074 0.3267
vn -0.6452 -0.7074 0.2885
vn -0.6536 0.7074 0.2690
vn -0.6686 -0.7074 0.2293
vn -0.6752 0.7074 0.2091
vn -0.6865 -0.7074 0.1682
vn -0.6912 0.7074 0.1475
vn -0.6988 -0.7074 0.1057
vn -0.7017 0.7074 0.0847
vn -0.8303 -0.5550 0.0499
vn -0.8314 0.5551 0.0250
vn -0.7065 -0.7074 -0.0212
vn -0.7055 0.7074 -0.0424
vn -0.7017 -0.7074 -0.0847
vn -0.6988 0.7074 -0.1057
vn -0.6912 -0.7074 -0.1475
vn -0.6865 0.7074 -0.1682
vn -0.6752 -0.7074 -0.2091
vn -0.6686 0.7074 -0.2293
vn -0.6536 -0.7074 -0.2690
vn -0.6452 0.7074 -0.2885
vn -0.6268 -0.7074 -0.3267
vn -0.6167 0.7074 -0.3454
vn -0.5948 -0.7074 -0.3817
vn -0.5831 0.7074 -0.3994
vn -0.5581 -0.7074 -0.4337
vn -0.5448 0.7074 -0.4503
vn -0.5168 -0.7074 -0.4822
vn -0.5021 0.7074 -0.4975
vn -0.4713 -0.7074 -0.5267
vn -0.4553 0.7074 -0.5406
vn -0.4220 -0.7074 -0.5670
vn -0.4048 0.7074 -0.5794
vn -0.3693 -0.7074 -0.6026
vn -0.3510 0.7074 -0.6135
vn -0.3136 -0.7074 -0.6334
vn -0.2944 0.7074 -0.6426
vn -0.2553 -0.7074 -0.6591
vn -0.2354 0.7074 -0.6664
vn -0.1950 -0.7074 -0.6794
vn -0.1745 0.7074 -0.6849
vn -0.1331 -0.7074 -0.6941
vn -0.1121 0.7074 -0.6978
vn -0.0595 -0.8002 -0.5967
vn -0.0415 0.8003 -0.5982
vn -0.0065 -0.7074 -0.7068
vn 0.0147 0.7074 -0.7066
vn 0.0571 -0.7074 -0.7045
vn 0.0782 0.7075 -0.7024
vn 0.1203 -0.7074 -0.6965
vn 0.1411 0.7074 -0.6926
vn 0.1824 -0.7074 -0.6828
vn 0.2029 0.7074 -0.6771
vn 0.2431 -0.7074 -0.6637
vn 0.2630 0.7074 -0.6561
vn 0.3018 -0.7074 -0.6391
vn 0.3209 0.7074 -0.6297
vn 0.3581 -0.7074 -0.6093
vn 0.3763 0.7074 -0.5983
vn 0.4115 -0.7074 -0.5747
vn 0.4286 0.7074 -0.5620
vn 0.2615 -0.6227 -0.7375
vn 0.1778 0.8467 -0.5015
vn -0.1447 0.9049 -0.4002
vn 0.1494 0.7246 -0.6728
vn 0.4204 0.7074 -0.5681
vn 0.3680 0.7074 -0.6035
vn 0.3125 0.7074 -0.6339
vn 0.2769 0.6004 -0.7502
vn 0.1743 0.7074 -0.6850
vn 0.1124 0.7074 -0.6978
vn 0.0496 0.7074 -0.7051
vn -0.0137 0.7074 -0.7067
vn -0.0904 0.5551 -0.8269
vn -0.1393 0.7074 -0.6929
vn -0.2007 0.7074 -0.6777
vn -0.2604 0.7074 -0.6571
vn -0.3181 0.7074 -0.6312
vn -0.3733 0.7074 -0.6002
vn -0.4254 0.7074 -0.5644
vn -0.4742 0.7074 -0.5241
vn -0.5191 0.7074 -0.4796
vn -0.5599 0.7074 -0.4313
vn -0.5962 0.7074 -0.3795
vn -0.6278 0.7074 -0.3247
vn -0.6543 0.7074 -0.2673
vn -0.6756 0.7074 -0.2078
vn -0.6914 0.7074 -0.1465
vn -0.7018 0.7074 -0.0841
vn -0.7065 0.7074 -0.0211
vn -0.5986 0.8002 0.0358
vn -0.4361 0.7074 -0.5562
vn -0.3863 0.7074 -0.5919
vn -0.3336 0.7074 -0.6231
vn -0.2784 0.7074 -0.6497
vn -0.2210 0.7074 -0.6714
vn -0.1620 0.7074 -0.6880
vn -0.1018 0.7074 -0.6994
vn -0.0409 0.7074 -0.7056
vn 0.0240 0.5550 -0.8315
vn 0.0816 0.7074 -0.7021
vn 0.1421 0.7074 -0.6924
vn 0.2015 0.7074 -0.6775
vn 0.2594 0.7074 -0.6575
vn 0.3154 0.7074 -0.6325
vn 0.3690 0.7074 -0.6028
vn 0.4199 0.7074 -0.5686
vn 0.2329 0.7285 -0.6442
vn -0.1745 0.8461 -0.5036
vn -0.4204 0.7074 -0.5681
vn -0.3680 0.7074 -0.6035
vn -0.3125 0.7074 -0.6339
vn -0.2546 0.7074 -0.6593
vn -0.1947 0.7074 -0.6795
vn -0.1332 0.7074 -0.6941
vn -0.0706 0.7074 -0.7033
vn -0.0074 0.7074 -0.7068
vn 0.0656 0.5551 -0.8292
vn 0.1185 0.7074 -0.6968
vn 0.1803 0.7074 -0.6834
vn 0.2407 0.7074 -0.6645
vn 0.2991 0.7074 -0.6404
vn 0.3552 0.7074 -0.6111
vn 0.4084 0.7074 -0.5769
vn 0.4583 0.7074 -0.5381
vn 0.5046 0.7074 -0.4949
vn 0.5468 0.7074 -0.4478
vn 0.5846 0.7074 -0.3972
vn 0.6178 0.7074 -0.3433
vn 0.6460 0.7074 -0.2867
vn 0.6691 0.7074 -0.2278
vn 0.6868 0.7074 -0.1671
vn 0.6989 0.7074 -0.1051
vn 0.7055 0.7074 -0.0422
vn 0.5994 0.8002 0.0179
vn 0.7018 0.7074 0.0841
vn 0.6914 0.7074 0.1465
vn 0.6756 0.7074 0.2078
vn 0.6543 0.7074 0.2673
vn 0.6278 0.7074 0.3247
vn 0.5962 0.7074 0.3795
vn 0.5599 0.7074 0.4313
vn 0.5191 0.7074 0.4796
vn 0.4742 0.7074 0.5241
vn 0.4254 0.7074 0.5644
vn 0.3733 0.7074 0.6002
vn 0.3181 0.7074 0.6312
vn 0.2604 0.7074 0.6571
vn 0.2007 0.7074 0.6777
vn 0.1393 0.7074 0.6929
vn 0.0904 0.5551 0.8269
vn 0.0137 0.7074 0.7067
vn -0.0496 0.7074 0.7051
vn -0.1124 0.7074 0.6978
vn -0.1743 0.7074 0.6850
vn -0.2769 0.6004 0.7502
vn -0.3125 0.7074 0.6339
vn -0.3680 0.7074 0.6035
vn -0.4204 0.7074 0.5681
vn -0.1259 0.8141 0.5670
vn 0.1692 0.8452 0.5070
vn 0.4081 0.7074 0.5771
vn 0.3571 0.7074 0.6100
vn 0.3035 0.7074 0.6384
vn 0.2476 0.7074 0.6620
vn 0.1899 0.7074 0.6808
vn 0.1308 0.7074 0.6946
vn 0.0686 0.6004 0.7967
vn -0.0000 0.7074 0.7068
vn -0.0505 0.7074 0.7050
vn -0.1108 0.7074 0.6981
vn -0.1703 0.7074 0.6860
vn -0.2285 0.7074 0.6689
vn -0.2851 0.7074 0.6468
vn -0.3395 0.7074 0.6200
vn -0.3914 0.7074 0.5885
vn -0.2483 0.6203 0.7441
vn 0.1398 0.9041 0.4037
vn 0.4204 0.7074 0.5681
vn 0.3680 0.7074 0.6035
vn 0.3125 0.7074 0.6339
vn 0.2546 0.7074 0.6593
vn 0.1947 0.7074 0.6795
vn 0.1332 0.7074 0.6941
vn 0.0706 0.7074 0.7033
vn 0.0074 0.7074 0.7068
vn -0.0656 0.5551 0.8292
vn -0.1185 0.7074 0.6968
vn -0.1803 0.7074 0.6834
vn -0.2407 0.7074 0.6645
vn -0.2991 0.7074 0.6404
vn -0.3552 0.7074 0.6111
vn -0.4084 0.7074 0.5769
vn -0.4583 0.7074 0.5381
vn -0.5046 0.7074 0.4949
vn -0.5468 0.7074 0.4478
vn -0.5846 0.7074 0.3972
vn -0.6178 0.7074 0.3433
vn -0.6460 0.7074 0.2867
vn -0.6691 0.7074 0.2278
vn -0.6868 0.7074 0.1671
vn -0.6989 0.7074 0.1051
vn 0.1447 -0.9049 -0.4002
vn -0.2564 -0.6217 -0.7401
vn -0.4033 -0.7074 -0.5804
vn -0.3498 -0.7074 -0.6142
vn -0.2935 -0.7074 -0.6430
vn -0.2348 -0.7074 -0.6666
vn -0.1743 -0.7074 -0.6850
vn -0.1124 -0.7074 -0.6978
vn -0.0496 -0.7074 -0.7051
vn 0.0137 -0.7074 -0.7067
vn 0.0904 -0.5550 -0.8269
vn 0.1393 -0.7074 -0.6929
vn 0.2007 -0.7074 -0.6777
vn 0.2604 -0.7074 -0.6571
vn 0.3181 -0.7074 -0.6312
vn 0.3733 -0.7074 -0.6002
vn 0.4254 -0.7074 -0.5644
vn 0.4742 -0.7074 -0.5241
vn 0.5191 -0.7074 -0.4796
vn 0.5599 -0.7074 -0.4313
vn 0.5962 -0.7074 -0.3795
vn 0.6278 -0.7074 -0.3247
vn 0.6543 -0.7074 -0.2673
vn 0.6756 -0.7074 -0.2078
vn 0.6914 -0.7074 -0.1465
vn 0.7018 -0.7074 -0.0841
vn 0.7065 -0.7074 -0.0211
vn 0.5986 -0.8002 0.0358
vn 0.4361 -0.7074 -0.5562
vn 0.3863 -0.7074 -0.5919
vn 0.3336 -0.7074 -0.6231
vn 0.2784 -0.7074 -0.6497
vn 0.2210 -0.7074 -0.6714
vn 0.1620 -0.7074 -0.6880
vn 0.1018 -0.7074 -0.6994
vn 0.0409 -0.7074 -0.7056
vn -0.0240 -0.5551 -0.8315
vn -0.0816 -0.7074 -0.7021
vn -0.1421 -0.7074 -0.6924
vn -0.2015 -0.7074 -0.6775
vn -0.2594 -0.7074 -0.6575
vn -0.3154 -0.7074 -0.6325
vn -0.3690 -0.7074 -0.6028
vn -0.4199 -0.7074 -0.5686
vn -0.2329 -0.7285 -0.6443
vn 0.2988 -0.7246 -0.6211
vn 0.4033 -0.7074 -0.5804
vn 0.3498 -0.7074 -0.6142
vn 0.2935 -0.7074 -0.6430
vn 0.1920 -0.8323 -0.5200
vn 0.1947 -0.7074 -0.6795
vn 0.1332 -0.7074 -0.6941
vn 0.0706 -0.7074 -0.7033
vn 0.0074 -0.7074 -0.7068
vn -0.0656 -0.5551 -0.8292
vn -0.1185 -0.7074 -0.6968
vn -0.1803 -0.7074 -0.6834
vn -0.2407 -0.7074 -0.6645
vn -0.2991 -0.7074 -0.6404
vn -0.3552 -0.7074 -0.6111
vn -0.4084 -0.7074 -0.5769
vn -0.4583 -0.7074 -0.5381
vn -0.5046 -0.7074 -0.4949
vn -0.5468 -0.7074 -0.4478
vn -0.5846 -0.7074 -0.3972
vn -0.6178 -0.7074 -0.3433
vn -0.6460 -0.7074 -0.2867
vn -0.6691 -0.7074 -0.2278
vn -0.6868 -0.7074 -0.1671
vn -0.6989 -0.7074 -0.1051
vn -0.7055 -0.7074 -0.0422
vn -0.5994 -0.8002 0.0179
vn -0.7018 -0.7074 0.0841
vn -0.6914 -0.7074 0.1465
vn -0.6756 -0.7074 0.2078
vn -0.6543 -0.7074 0.2673
vn -0.6278 -0.7074 0.3247
vn -0.5962 -0.7074 0.3795
vn -0.5599 -0.7074 0.4313
vn -0.5191 -0.7074 0.4796
vn -0.4742 -0.7074 0.5241
vn -0.4254 -0.7074 0.5644
vn -0.3733 -0.7074 0.6002
vn -0.3181 -0.7074 0.6312
vn -0.2604 -0.7074 0.6571
vn -0.2007 -0.7074 0.6777
vn -0.1393 -0.7074 0.6929
vn -0.0904 -0.5550 0.8269
vn -0.0137 -0.7074 0.7067
vn 0.0496 -0.7074 0.7051
vn 0.1124 -0.7074 0.6978
vn 0.1743 -0.7074 0.6850
vn 0.2348 -0.7074 0.6666
vn 0.2935 -0.7074 0.6430
vn 0.3498 -0.7074 0.6142
vn 0.4033 -0.7074 0.5804
vn 0.2248 -0.7268 0.6490
vn -0.1692 -0.8452 0.5070
vn -0.4081 -0.7074 0.5771
vn -0.3571 -0.7074 0.6100
vn -0.3035 -0.7074 0.6384
vn -0.2476 -0.7074 0.6620
vn -0.1899 -0.7074 0.6808
vn -0.1308 -0.7074 0.6946
vn -0.0707 -0.7074 0.7033
vn -0.0000 -0.4475 0.8943
vn 0.0476 -0.8323 0.5523
vn 0.1108 -0.7074 0.6981
vn 0.1703 -0.7074 0.6860
vn 0.2285 -0.7074 0.6689
vn 0.2851 -0.7074 0.6468
vn 0.3395 -0.7074 0.6200
vn 0.3914 -0.7074 0.5885
vn 0.2483 -0.6202 0.7441
vn -0.2518 -0.8141 0.5233
vn -0.4033 -0.7074 0.5804
vn -0.3498 -0.7074 0.6142
vn -0.2935 -0.7074 0.6430
vn -0.1920 -0.8323 0.5200
vn -0.1947 -0.7074 0.6795
vn -0.1332 -0.7074 0.6941
vn -0.0706 -0.7074 0.7033
vn -0.0074 -0.7074 0.7068
vn 0.0656 -0.5551 0.8292
vn 0.1185 -0.7074 0.6968
vn 0.1803 -0.7074 0.6834
vn 0.2407 -0.7074 0.6645
vn 0.2991 -0.7074 0.6404
vn 0.3552 -0.7074 0.6111
vn 0.4084 -0.7074 0.5769
vn 0.4583 -0.7074 0.5381
vn 0.5046 -0.7074 0.4949
vn 0.5468 -0.7074 0.4478
vn 0.5846 -0.7074 0.3972
vn 0.6178 -0.7074 0.3433
vn 0.6460 -0.7074 0.2867
vn 0.6691 -0.7074 0.2278
vn 0.6868 -0.7074 0.1671
vn 0.6989 -0.7074 0.1051
vn -0.3455 -0.3444 -0.8730
vn -0.5301 -0.3821 -0.7570
vn -0.4599 -0.3821 -0.8015
vn -0.3861 -0.3822 -0.8396
vn -0.3091 -0.3823 -0.8708
vn -0.2297 -0.3823 -0.8950
vn -0.1483 -0.3824 -0.9120
vn -0.0658 -0.3825 -0.9216
vn 0.0172 -0.3826 -0.9237
vn 0.1001 -0.3827 -0.9184
vn 0.1832 -0.3052 -0.9345
vn 0.2514 -0.3828 -0.8890
vn 0.3303 -0.3827 -0.8628
vn 0.4064 -0.3826 -0.8297
vn 0.4793 -0.3825 -0.7899
vn 0.5483 -0.3824 -0.7437
vn 0.6129 -0.3823 -0.6915
vn 0.6726 -0.3822 -0.6337
vn 0.7268 -0.3822 -0.5707
vn 0.7751 -0.3821 -0.5032
vn 0.8172 -0.3821 -0.4315
vn 0.8527 -0.3820 -0.3564
vn 0.8812 -0.3820 -0.2784
vn 0.9027 -0.3820 -0.1981
vn 0.9169 -0.3819 -0.1163
vn 0.9236 -0.3819 -0.0335
vn 0.9229 -0.3819 0.0496
vn 0.9147 -0.3819 0.1323
vn 0.8991 -0.3820 0.2139
vn 0.8762 -0.3820 0.2938
vn 0.8463 -0.3820 0.3712
vn 0.8096 -0.3820 0.4457
vn 0.7662 -0.3821 0.5166
vn 0.7167 -0.3822 0.5833
vn 0.6614 -0.3822 0.6453
vn 0.6008 -0.3823 0.7021
vn 0.5353 -0.3824 0.7532
vn 0.4655 -0.3825 0.7981
vn 0.3919 -0.3826 0.8367
vn 0.3151 -0.3827 0.8685
vn 0.2358 -0.3828 0.8932
vn 0.1642 -0.3052 0.9380
vn 0.0840 -0.3828 0.9200
vn 0.0010 -0.3827 0.9239
vn -0.0819 -0.3825 0.9203
vn -0.1643 -0.3825 0.9093
vn -0.2453 -0.3824 0.8909
vn -0.3041 -0.4571 0.8358
vn -0.3861 -0.3822 0.8396
vn -0.4599 -0.3821 0.8015
vn -0.5301 -0.3821 0.7570
vn -0.3435 -0.4566 0.8207
vn -0.0655 0.9532 0.2952
vn -0.4204 0.7074 0.5682
vn -0.3678 0.5550 0.7461
vn -0.2051 0.5550 0.8061
vn -0.1323 0.5551 0.8212
vn -0.0583 0.5551 0.8298
vn 0.0161 0.5550 0.8317
vn 0.0768 0.7074 0.7026
vn 0.1639 0.5550 0.8155
vn 0.2362 0.5550 0.7976
vn 0.3609 0.8003 0.4789
vn 0.4023 0.8002 0.4447
vn 0.4404 0.8003 0.4069
vn 0.4751 0.8002 0.3659
vn 0.7951 0.5550 0.2445
vn 0.5030 0.8577 0.1066
vn 0.8259 0.5550 0.0990
vn 0.7065 0.7074 0.0211
vn 0.8226 0.5550 -0.1236
vn 0.5827 0.8002 -0.1418
vn 0.7874 0.5551 -0.2681
vn 0.7271 0.5550 -0.4041
vn 0.3521 0.5551 -0.7536
vn 0.2122 0.5550 -0.8043
vn 0.1395 0.5551 -0.8200
vn -0.0088 0.5550 -0.8318
vn -0.1567 0.5551 -0.8169
vn -0.2291 0.5551 -0.7996
vn -0.2546 0.7074 -0.6594
vn -0.3567 0.8002 -0.4820
vn -0.0983 0.9538 -0.2840
vn 0.3343 -0.3432 0.8777
vn 0.5144 -0.3822 0.7677
vn 0.4462 -0.3822 0.8092
vn 0.3747 -0.3823 0.8447
vn 0.3004 -0.3824 0.8738
vn 0.2238 -0.3825 0.8964
vn 0.1456 -0.3826 0.9124
vn 0.0700 -0.4577 0.8864
vn -0.0000 -0.2529 0.9675
vn -0.0818 -0.3828 0.9202
vn -0.1609 -0.3826 0.9098
vn -0.2388 -0.3825 0.8926
vn -0.3150 -0.3824 0.8686
vn -0.3888 -0.3823 0.8383
vn -0.4597 -0.3822 0.8016
vn -0.5272 -0.3822 0.7590
vn -0.3294 -0.4769 0.8149
vn 0.2919 -0.5293 -0.7966
vn 0.1610 0.8808 -0.4452
vn 0.3023 -0.4018 0.8644
vn -0.3137 -0.4035 -0.8595
vn -0.5516 -0.3821 -0.7414
vn -0.4849 -0.3822 -0.7867
vn -0.4145 -0.3823 -0.8259
vn -0.3409 -0.3823 -0.8588
vn -0.2648 -0.3824 -0.8852
vn -0.1866 -0.3826 -0.9049
vn -0.1071 -0.3827 -0.9177
vn -0.0319 -0.3052 -0.9517
vn 0.0423 -0.3829 -0.9228
vn 0.1226 -0.3827 -0.9157
vn 0.2019 -0.3826 -0.9016
vn 0.2797 -0.3825 -0.8806
vn 0.3554 -0.3824 -0.8529
vn 0.4284 -0.3823 -0.8187
vn 0.4981 -0.3822 -0.7783
vn 0.5641 -0.3821 -0.7320
vn 0.3712 0.5550 -0.7444
vn 0.2372 0.5551 -0.7973
vn 0.1672 0.5550 -0.8149
vn 0.0240 0.5551 -0.8315
vn -0.0481 0.5551 -0.8304
vn -0.1198 0.5550 -0.8232
vn -0.1907 0.5551 -0.8097
vn -0.3276 0.5551 -0.7646
vn -0.1197 0.9360 -0.3311
vn 0.5301 -0.3821 0.7570
vn 0.4599 -0.3821 0.8015
vn 0.3861 -0.3822 0.8396
vn 0.3091 -0.3823 0.8708
vn 0.2297 -0.3823 0.8950
vn 0.1483 -0.3824 0.9120
vn 0.0658 -0.3825 0.9216
vn -0.0172 -0.3826 0.9237
vn -0.1001 -0.3827 0.9184
vn -0.1832 -0.3052 0.9345
vn -0.2514 -0.3828 0.8890
vn -0.3303 -0.3827 0.8628
vn -0.4064 -0.3826 0.8297
vn -0.4793 -0.3825 0.7899
vn -0.5483 -0.3824 0.7437
vn -0.6129 -0.3823 0.6915
vn -0.6726 -0.3822 0.6337
vn -0.7268 -0.3822 0.5707
vn -0.7751 -0.3821 0.5032
vn -0.8172 -0.3821 0.4315
vn -0.8527 -0.3820 0.3564
vn -0.8812 -0.3820 0.2784
vn -0.9027 -0.3820 0.1981
vn -0.9169 -0.3819 0.1163
vn -0.9236 -0.3819 0.0335
vn -0.9229 -0.3819 -0.0496
vn -0.9147 -0.3819 -0.1323
vn -0.8991 -0.3819 -0.2139
vn -0.8762 -0.3820 -0.2938
vn -0.8463 -0.3820 -0.3712
vn -0.8096 -0.3820 -0.4457
vn -0.7662 -0.3821 -0.5166
vn -0.7167 -0.3822 -0.5833
vn -0.6614 -0.3822 -0.6453
vn -0.6008 -0.3823 -0.7021
vn -0.5353 -0.3824 -0.7532
vn -0.4655 -0.3825 -0.7981
vn -0.3919 -0.3826 -0.8367
vn -0.3151 -0.3827 -0.8685
vn -0.2358 -0.3828 -0.8932
vn -0.1642 -0.3052 -0.9380
vn -0.0840 -0.3828 -0.9200
vn -0.0010 -0.3827 -0.9239
vn 0.0819 -0.3825 -0.9203
vn 0.1643 -0.3825 -0.9093
vn 0.2453 -0.3824 -0.8909
vn 0.3041 -0.4571 -0.8358
vn 0.3861 -0.3822 -0.8396
vn 0.4599 -0.3821 -0.8015
vn 0.5301 -0.3821 -0.7570
vn 0.4008 -0.3996 -0.8244
vn -0.6718 0.7098 -0.2120
vn -0.6877 0.7098 -0.1523
vn -0.7037 0.7098 -0.0309
vn -0.6249 0.7098 -0.3251
vn -0.5940 0.7098 -0.3786
vn -0.5194 0.7098 -0.4758
vn -0.4758 0.7098 -0.5194
vn -0.3209 0.8022 -0.5035
vn -0.3251 0.7098 -0.6249
vn -0.1540 0.8592 -0.4879
vn -0.1523 0.7098 -0.6877
vn -0.0262 0.8022 -0.5965
vn 0.0416 0.3185 -0.9470
vn 0.1523 0.7098 -0.6877
vn 0.2498 0.5576 -0.7916
vn 0.3251 0.7098 -0.6249
vn 0.3786 0.7098 -0.5940
vn 0.4758 0.7098 -0.5194
vn 0.5194 0.7098 -0.4758
vn 0.5035 0.8022 -0.3209
vn 0.6249 0.7098 -0.3251
vn 0.6718 0.7098 -0.2120
vn 0.6877 0.7098 -0.1523
vn 0.8293 0.5576 -0.0364
vn 0.7037 0.7098 0.0309
vn 0.8105 0.5576 0.1795
vn 0.6718 0.7098 0.2120
vn 0.7364 0.5576 0.3831
vn 0.5940 0.7098 0.3786
vn 0.5194 0.7098 0.4758
vn 0.4758 0.7098 0.5194
vn 0.4462 0.5576 0.7000
vn 0.3251 0.7098 0.6249
vn 0.2120 0.7098 0.6718
vn 0.1523 0.7098 0.6877
vn 0.0309 0.7098 0.7037
vn -0.0416 0.3185 0.9470
vn -0.1523 0.7098 0.6877
vn -0.2498 0.5576 0.7916
vn -0.2361 0.8592 0.4539
vn -0.3786 0.7098 0.5940
vn -0.2644 0.9202 0.2886
vn -0.5194 0.7098 0.4758
vn -0.5035 0.8022 0.3209
vn -0.6249 0.7098 0.3251
vn -0.6718 0.7098 0.2120
vn -0.6877 0.7098 0.1523
vn -0.7037 0.7098 0.0309
vn -0.7364 0.5577 -0.3831
vn -0.4462 0.5576 -0.7000
vn -0.2120 0.7098 -0.6718
vn -0.0309 0.7098 -0.7037
vn 0.2361 0.8592 -0.4539
vn 0.2644 0.9202 -0.2886
vn 0.7037 0.7098 -0.0309
vn 0.3209 0.8022 0.5035
vn 0.1797 0.8022 0.5694
vn 0.0262 0.8022 0.5965
vn -0.3251 0.7098 0.6249
vn -0.4758 0.7098 0.5194
vn -0.7000 0.5576 0.4462
vn -0.8293 0.5577 0.0364
vn -0.8105 0.5576 -0.1795
vn -0.7364 0.5576 -0.3831
vn -0.4403 0.8022 -0.4033
vn -0.3786 0.7098 -0.5940
vn 0.7000 0.5576 -0.4462
vn 0.8293 0.5577 -0.0364
vn 0.6877 0.7098 0.1523
vn 0.7364 0.5577 0.3831
vn 0.4462 0.5577 0.7000
vn -0.4462 0.5577 -0.7000
vn 0.6249 0.7098 0.3251
vn 0.1338 0.8958 0.4239
vn -0.7000 0.5577 0.4462
vn -0.8293 0.5576 0.0364
vn -0.0700 -0.9504 -0.3031
vn 0.0618 -0.9845 -0.1638
vn -0.0710 -0.9795 -0.1884
vn -0.2410 -0.9243 -0.2959
vn -0.2137 -0.9243 -0.3163
vn -0.1847 -0.9243 -0.3341
vn -0.1845 -0.8896 -0.4178
vn -0.1226 -0.9242 -0.3618
vn -0.0899 -0.9241 -0.3714
vn -0.0675 -0.8894 -0.4521
vn -0.0224 -0.8631 -0.5046
vn 0.0226 -0.9240 -0.3817
vn 0.0675 -0.8894 -0.4521
vn 0.1075 -0.8895 -0.4442
vn 0.1226 -0.9242 -0.3618
vn 0.1543 -0.9242 -0.3493
vn 0.1847 -0.9243 -0.3341
vn 0.2137 -0.9243 -0.3163
vn 0.2410 -0.9243 -0.2959
vn 0.0539 -0.9709 -0.2335
vn 0.2327 -0.9243 -0.3025
vn 0.2441 -0.8897 -0.3858
vn 0.1738 -0.9243 -0.3399
vn 0.1420 -0.9242 -0.3544
vn 0.1090 -0.9242 -0.3660
vn 0.0899 -0.8895 -0.4479
vn 0.0406 -0.9241 -0.3799
vn 0.0068 -0.8894 -0.4571
vn -0.0350 -0.8893 -0.4559
vn -0.0795 -0.8998 -0.4290
vn -0.1306 -0.8893 -0.4383
vn -0.1422 -0.9241 -0.3548
vn -0.1739 -0.9241 -0.3403
vn -0.2043 -0.9241 -0.3229
vn -0.2329 -0.9242 -0.3028
vn -0.2595 -0.9242 -0.2801
vn -0.2840 -0.9242 -0.2552
vn -0.3060 -0.9243 -0.2281
vn -0.3256 -0.9243 -0.1992
vn -0.3424 -0.9243 -0.1686
vn -0.3563 -0.9243 -0.1366
vn -0.3673 -0.9244 -0.1034
vn -0.3751 -0.9244 -0.0694
vn -0.3799 -0.9244 -0.0349
vn -0.3264 -0.9452 -0.0000
vn -0.3799 -0.9244 0.0349
vn -0.3751 -0.9244 0.0694
vn -0.3673 -0.9243 0.1034
vn -0.3563 -0.9243 0.1366
vn -0.3424 -0.9243 0.1686
vn -0.3256 -0.9243 0.1992
vn -0.3060 -0.9243 0.2281
vn -0.2840 -0.9242 0.2552
vn -0.2595 -0.9242 0.2801
vn -0.2329 -0.9242 0.3028
vn -0.2043 -0.9241 0.3230
vn -0.1739 -0.9241 0.3403
vn -0.1422 -0.9241 0.3548
vn -0.1306 -0.8893 0.4383
vn -0.0795 -0.8998 0.4290
vn -0.0350 -0.8893 0.4559
vn 0.0068 -0.8894 0.4571
vn 0.0406 -0.9241 0.3799
vn 0.0899 -0.8895 0.4479
vn 0.1090 -0.9242 0.3660
vn 0.1420 -0.9242 0.3544
vn 0.1738 -0.9243 0.3399
vn 0.2441 -0.8897 0.3858
vn 0.2327 -0.9243 0.3025
vn 0.0688 -0.9793 0.1902
vn -0.0592 -0.9623 0.2653
vn 0.0524 -0.9707 0.2347
vn 0.2259 -0.9243 0.3077
vn 0.2366 -0.8897 0.3905
vn 0.1683 -0.9242 0.3428
vn 0.1374 -0.9242 0.3564
vn 0.1054 -0.9241 0.3672
vn 0.0868 -0.8894 0.4487
vn 0.0392 -0.9240 0.3803
vn -0.0000 -0.8631 0.5050
vn -0.0469 -0.8894 0.4548
vn -0.0726 -0.9241 0.3752
vn -0.1054 -0.9241 0.3672
vn -0.1643 -0.8896 0.4262
vn -0.1683 -0.9242 0.3428
vn -0.1979 -0.9242 0.3265
vn -0.2259 -0.9243 0.3077
vn -0.0688 -0.9793 0.1902
vn -0.2327 -0.9243 0.3025
vn -0.2041 -0.9243 0.3226
vn -0.1738 -0.9243 0.3399
vn -0.1420 -0.9242 0.3544
vn -0.1304 -0.8896 0.4378
vn -0.0751 -0.9242 0.3745
vn -0.0486 -0.8895 0.4544
vn -0.0068 -0.8894 0.4571
vn 0.0293 -0.9240 0.3812
vn 0.0920 -0.8631 0.4967
vn 0.1092 -0.9240 0.3665
vn 0.1422 -0.9241 0.3548
vn 0.2080 -0.8895 0.4069
vn 0.2043 -0.9241 0.3230
vn 0.2329 -0.9242 0.3028
vn 0.2595 -0.9242 0.2801
vn 0.2430 -0.9451 0.2184
vn 0.3060 -0.9243 0.2281
vn 0.3256 -0.9243 0.1992
vn 0.3424 -0.9243 0.1686
vn 0.3563 -0.9243 0.1366
vn 0.3673 -0.9243 0.1034
vn 0.3751 -0.9244 0.0694
vn 0.3799 -0.9244 0.0349
vn 0.3815 -0.9244 -0.0000
vn 0.3799 -0.9244 -0.0349
vn 0.3751 -0.9244 -0.0694
vn 0.3673 -0.9243 -0.1034
vn 0.3563 -0.9243 -0.1366
vn 0.3424 -0.9243 -0.1686
vn 0.3256 -0.9243 -0.1992
vn 0.3060 -0.9243 -0.2281
vn 0.2430 -0.9451 -0.2184
vn 0.2595 -0.9242 -0.2801
vn 0.2329 -0.9242 -0.3028
vn 0.2043 -0.9241 -0.3230
vn 0.2080 -0.8895 -0.4069
vn 0.1422 -0.9241 -0.3548
vn 0.1092 -0.9240 -0.3665
vn 0.0920 -0.8631 -0.4967
vn 0.0293 -0.9240 -0.3812
vn -0.0068 -0.8894 -0.4571
vn -0.0486 -0.8895 -0.4544
vn -0.0751 -0.9242 -0.3745
vn -0.1304 -0.8896 -0.4378
vn -0.1420 -0.9242 -0.3544
vn -0.1738 -0.9243 -0.3399
vn -0.2041 -0.9243 -0.3226
vn -0.2327 -0.9243 -0.3025
vn -0.1692 0.8452 0.5070
vn -0.3995 0.5550 0.7296
vn -0.2689 0.5550 0.7872
vn -0.1304 0.5550 0.8216
vn -0.0595 0.5551 0.8297
vn 0.0686 0.6004 0.7968
vn 0.1539 0.5550 0.8175
vn 0.2235 0.5550 0.8013
vn 0.3571 0.5551 0.7513
vn 0.1123 0.9350 0.3365
vn 0.7041 -0.7075 -0.0606
vn -0.7050 -0.7075 -0.0485
vn 0.7066 -0.7075 0.0121
vn -0.6963 -0.7075 -0.1207
vn 0.6941 -0.7075 -0.1326
vn -0.6802 -0.7075 -0.1917
vn 0.6768 -0.7075 -0.2033
vn -0.6569 -0.7075 -0.2606
vn 0.6523 -0.7075 -0.2718
vn -0.6266 -0.7075 -0.3268
vn 0.6209 -0.7075 -0.3375
vn -0.5897 -0.7075 -0.3895
vn 0.5829 -0.7075 -0.3995
vn -0.5465 -0.7075 -0.4480
vn 0.3919 -0.8577 -0.3327
vn -0.4975 -0.7075 -0.5019
vn -0.5218 -0.5552 -0.6477
vn -0.4524 -0.5552 -0.6979
vn 0.5754 -0.5552 -0.6006
vn 0.5106 -0.5552 -0.6565
vn 0.3742 -0.7075 -0.5995
vn 0.3105 -0.7075 -0.6348
vn 0.2436 -0.7075 -0.6634
vn 0.1741 -0.7075 -0.6849
vn 0.0872 -0.8003 -0.5932
vn 0.0221 -0.8577 -0.5136
vn -0.0360 -0.8003 -0.5985
vn -0.1147 -0.7075 -0.6973
vn -0.1577 -0.8003 -0.5785
vn -0.2549 -0.7075 -0.6591
vn -0.3214 -0.7075 -0.6294
vn -0.3844 -0.7075 -0.5930
vn -0.7063 -0.7075 0.0242
vn -0.7000 -0.7075 0.0967
vn -0.6864 -0.7075 0.1682
vn -0.6654 -0.7075 0.2379
vn -0.6375 -0.7075 0.3051
vn -0.6027 -0.7075 0.3690
vn -0.5616 -0.7075 0.4290
vn -0.5145 -0.7075 0.4845
vn -0.5437 -0.5552 0.6294
vn -0.4045 -0.7075 0.5795
vn -0.3428 -0.7075 0.6180
vn -0.2774 -0.7075 0.6500
vn -0.1774 -0.8003 0.5727
vn -0.1386 -0.7075 0.6930
vn -0.0565 -0.8003 0.5969
vn 0.0044 -0.8578 0.5140
vn 0.0668 -0.8003 0.5959
vn 0.1505 -0.7075 0.6905
vn 0.2207 -0.7075 0.6714
vn 0.2885 -0.7075 0.6451
vn 0.3533 -0.7075 0.6120
vn 0.4877 -0.5552 0.6737
vn 0.4711 -0.7075 0.5268
vn 0.4435 -0.8003 0.4035
vn -0.2091 -0.7075 0.6750
vn -0.0485 -0.8577 0.5118
vn 0.5689 -0.7075 0.4193
vn 0.6090 -0.7075 0.3586
vn -0.6375 -0.7075 0.3050
vn 0.6426 -0.7075 0.2941
vn 0.6694 -0.7075 0.2264
vn 0.6892 -0.7075 0.1564
vn 0.7016 -0.7075 0.0847
vn 0.5388 -0.7075 -0.4573
vn -0.3619 -0.8578 -0.3650
vn 0.4889 -0.7075 -0.5103
vn 0.1477 -0.8003 -0.5811
vn -0.2163 -0.8003 -0.5592
vn -0.1858 -0.7075 -0.6818
vn 0.0872 -0.8003 -0.5933
vn 0.4338 -0.7075 -0.5579
vn 0.8316 -0.5552 0.0143
vn 0.1028 -0.7075 -0.6992
vn 0.0787 -0.7075 0.7023
vn 0.1277 -0.8003 0.5858
vn 0.4877 -0.5553 0.6737
vn 0.5544 -0.5552 0.6200
vn 0.3802 -0.8578 0.3459
vn -0.4761 -0.5552 0.6820
vn -0.2354 -0.8003 0.5515
vn 0.0668 -0.8003 0.5958
vn 0.4144 -0.7075 0.5724
vn 0.5227 -0.7075 0.4756
vn -0.9659 -0.0000 -0.2588
vn -0.8660 -0.0000 -0.5000
vn -0.7071 -0.0000 -0.7071
vn -0.5297 0.8022 -0.2756
vn -1.0000 -0.0000 -0.0000
vn -0.9659 -0.0000 0.2588
vn -0.4880 0.8592 0.1540
vn -0.8660 -0.0000 0.5000
vn -0.5940 0.7098 0.3786
vn -0.7071 -0.0000 0.7071
vn -0.5000 -0.0000 0.8660
vn -0.2588 -0.0000 0.9659
vn -0.0000 -0.0000 1.0000
vn 0.0224 0.8592 0.5111
vn 0.2588 -0.0000 0.9659
vn 0.5000 -0.0000 0.8660
vn 0.3786 0.7098 0.5940
vn 0.7071 -0.0000 0.7071
vn 0.8660 -0.0000 0.5000
vn 0.9659 -0.0000 0.2588
vn 0.5829 0.8022 0.1291
vn 1.0000 -0.0000 -0.0000
vn 0.5965 0.8022 -0.0262
vn 0.9659 -0.0000 -0.2588
vn 0.8660 -0.0000 -0.5000
vn 0.5940 0.7098 -0.3786
vn 0.7071 -0.0000 -0.7071
vn 0.5000 -0.0000 -0.8660
vn 0.2589 -0.0000 -0.9659
vn -0.0000 -0.0000 -1.0000
vn -0.2589 -0.0000 -0.9659
vn -0.5000 -0.0000 -0.8660
vn -0.0416 0.3184 0.9470
vn -0.2498 0.5577 0.7916
vn 0.9639 0.0654 -0.2581
vn 0.9334 0.2589 -0.2486
vn 0.9979 0.0651 -0.0000
vn 0.8372 0.2589 -0.4817
vn 0.8642 0.0651 -0.4989
vn 0.6840 0.2588 -0.6820
vn 0.6143 0.5001 -0.6103
vn 0.4355 0.5001 -0.7485
vn 0.3570 0.7072 -0.6103
vn 0.1869 0.7072 -0.6819
vn 0.1342 0.8661 -0.4816
vn 0.0050 0.8661 -0.4999
vn 0.0102 0.9587 -0.2841
vn -0.0637 0.9588 -0.2770
vn 0.7056 0.0650 -0.7056
vn 0.4842 0.2589 -0.8358
vn 0.2269 0.5001 -0.8357
vn 0.0041 0.7072 -0.7070
vn -0.1246 0.8661 -0.4841
vn -0.1332 0.9588 -0.2511
vn 0.4990 0.0651 -0.8642
vn 0.2514 0.2588 -0.9326
vn 0.0029 0.5001 -0.8660
vn -0.1791 0.7072 -0.6840
vn -0.2456 0.8661 -0.4354
vn -0.1937 0.9588 -0.2080
vn 0.2583 0.0651 -0.9639
vn 0.0015 0.2589 -0.9659
vn -0.2214 0.5001 -0.8372
vn -0.3500 0.7072 -0.6143
vn -0.3499 0.8661 -0.3570
vn -0.2409 0.9588 -0.1508
vn -0.0000 0.0650 -0.9979
vn -0.2486 0.2589 -0.9334
vn -0.4305 0.5001 -0.7514
vn -0.4971 0.7072 -0.5028
vn -0.4304 0.8661 -0.2543
vn -0.2718 0.9587 -0.0833
vn -0.2582 0.0651 -0.9639
vn -0.4817 0.2589 -0.8372
vn -0.6103 0.5001 -0.6143
vn -0.6103 0.7072 -0.3570
vn -0.4816 0.8661 -0.1342
vn -0.2841 0.9587 -0.0102
vn -0.4990 0.0651 -0.8642
vn -0.6820 0.2588 -0.6840
vn -0.7485 0.5001 -0.4354
vn -0.6819 0.7072 -0.1869
vn -0.4999 0.8661 -0.0050
vn -0.2770 0.9588 0.0637
vn -0.7056 0.0650 -0.7056
vn -0.8358 0.2589 -0.4842
vn -0.8357 0.5001 -0.2269
vn -0.7070 0.7072 -0.0041
vn -0.4841 0.8661 0.1246
vn -0.2511 0.9588 0.1332
vn -0.8642 0.0651 -0.4989
vn -0.9326 0.2588 -0.2514
vn -0.8660 0.5001 -0.0029
vn -0.6840 0.7072 0.1791
vn -0.4354 0.8661 0.2456
vn -0.2080 0.9588 0.1937
vn -0.9639 0.0650 -0.2583
vn -0.9659 0.2589 -0.0015
vn -0.8372 0.5001 0.2214
vn -0.6143 0.7072 0.3500
vn -0.3570 0.8661 0.3499
vn -0.1508 0.9588 0.2409
vn -0.9979 0.0651 -0.0000
vn -0.9334 0.2589 0.2486
vn -0.7514 0.5001 0.4305
vn -0.5028 0.7072 0.4971
vn -0.2543 0.8661 0.4304
vn -0.0833 0.9587 0.2718
vn -0.9639 0.0650 0.2583
vn -0.8372 0.2589 0.4817
vn -0.6143 0.5001 0.6103
vn -0.3570 0.7072 0.6103
vn -0.1342 0.8661 0.4816
vn -0.0102 0.9587 0.2841
vn -0.8642 0.0651 0.4989
vn -0.6840 0.2589 0.6820
vn -0.4355 0.5001 0.7485
vn -0.1869 0.7072 0.6819
vn -0.0050 0.8661 0.4999
vn 0.0637 0.9588 0.2770
vn -0.7056 0.0651 0.7056
vn -0.4842 0.2589 0.8358
vn -0.2269 0.5001 0.8357
vn -0.0041 0.7072 0.7070
vn 0.1246 0.8661 0.4841
vn 0.1332 0.9588 0.2511
vn -0.4989 0.0650 0.8642
vn -0.2514 0.2588 0.9326
vn -0.0029 0.5001 0.8660
vn 0.1791 0.7072 0.6840
vn 0.2456 0.8661 0.4354
vn 0.1937 0.9588 0.2080
vn -0.2583 0.0651 0.9639
vn -0.0015 0.2589 0.9659
vn 0.2214 0.5001 0.8372
vn 0.3500 0.7072 0.6143
vn 0.3499 0.8661 0.3570
vn 0.2409 0.9588 0.1508
vn -0.0002 0.0654 0.9979
vn 0.2486 0.2589 0.9334
vn 0.4305 0.5001 0.7514
vn 0.4971 0.7072 0.5028
vn 0.4304 0.8661 0.2543
vn 0.2718 0.9587 0.0833
vn 0.2583 0.0651 0.9639
vn 0.4817 0.2589 0.8372
vn 0.6103 0.5001 0.6143
vn 0.6103 0.7072 0.3570
vn 0.4816 0.8661 0.1342
vn 0.2841 0.9587 0.0102
vn 0.4989 0.0650 0.8642
vn 0.6820 0.2589 0.6840
vn 0.7485 0.5001 0.4355
vn 0.6819 0.7072 0.1869
vn 0.4999 0.8661 0.0050
vn 0.2770 0.9588 -0.0637
vn 0.7056 0.0651 0.7056
vn 0.8358 0.2589 0.4842
vn 0.8357 0.5001 0.2269
vn 0.7070 0.7072 0.0041
vn 0.4841 0.8661 -0.1246
vn 0.2511 0.9588 -0.1332
vn 0.8642 0.0651 0.4989
vn 0.9326 0.2589 0.2514
vn 0.8660 0.5001 0.0029
vn 0.6840 0.7072 -0.1791
vn 0.4354 0.8661 -0.2456
vn 0.2080 0.9588 -0.1937
vn 0.9639 0.0650 0.2582
vn 0.9659 0.2589 0.0015
vn 0.8372 0.5001 -0.2214
vn 0.6143 0.7072 -0.3500
vn 0.3570 0.8661 -0.3499
vn 0.1508 0.9588 -0.2409
vn 0.7514 0.5001 -0.4305
vn 0.5028 0.7072 -0.4971
vn 0.2543 0.8661 -0.4304
vn 0.0833 0.9587 -0.2718
vn -0.0000 1.0000 -0.0000
vn 0.7071 -0.0000 0.7072
vn 0.2589 -0.0000 0.9659
vn -0.2589 -0.0000 0.9659
vn -0.7071 -0.0000 0.7072
vn -0.2588 -0.0000 -0.9659
vn 0.2588 -0.0000 -0.9659
vn 0.2756 0.8022 -0.5297
vn -0.1797 0.8022 -0.5694
vn -0.3278 0.8958 -0.3002
vn -0.5965 0.8022 0.0262
vn 0.9639 0.0650 -0.2583
vn 0.9979 0.0654 0.0002
vn -0.1332 0.9587 -0.2511
vn 0.2514 0.2589 -0.9326
vn -0.7485 0.5001 -0.4355
vn -0.9326 0.2589 -0.2514
vn 0.1332 0.9587 0.2511
vn 0.9326 0.2588 0.2514
vn 0.3002 0.8958 -0.3278
vn 0.1291 0.8022 -0.5829
vn 0.7012 0.7076 0.0876
vn 0.5972 0.8003 0.0531
vn 0.5994 0.8003 0.0106
vn 0.6932 0.7076 0.1371
vn 0.6879 0.7076 0.1616
vn 0.6747 0.7076 0.2100
vn 0.6669 0.7076 0.2338
vn 0.7633 0.5552 0.3302
vn 0.7512 0.5552 0.3571
vn 0.5218 0.8004 0.2951
vn 0.6024 0.7075 0.3695
vn 0.6763 0.5552 0.4841
vn 0.5597 0.7076 0.4314
vn 0.6211 0.5552 0.5532
vn 0.5106 0.7076 0.4885
vn 0.4747 0.7076 0.5235
vn 0.4558 0.7076 0.5400
vn 0.4901 0.5552 0.6720
vn 0.3958 0.7076 0.5854
vn 0.4159 0.5552 0.7203
vn 0.3314 0.7076 0.6241
vn 0.2863 0.7076 0.6461
vn 0.3097 0.5552 0.7719
vn 0.2160 0.7076 0.6728
vn 0.1920 0.7076 0.6801
vn 0.1215 0.8003 0.5871
vn 0.1006 0.8004 0.5910
vn 0.0501 0.8578 0.5116
vn 0.0439 0.7076 0.7053
vn -0.0040 0.8947 0.4467
vn -0.0314 0.7076 0.7060
vn -0.0690 0.8004 0.5955
vn -0.1062 0.7076 0.6986
vn -0.1319 0.8004 0.5848
vn -0.1799 0.7076 0.6834
vn -0.2279 0.7076 0.6689
vn -0.2515 0.7076 0.6604
vn -0.3504 0.5552 0.7543
vn -0.3203 0.7076 0.6299
vn -0.4286 0.5552 0.7128
vn -0.3854 0.7076 0.5923
vn -0.5019 0.5552 0.6632
vn -0.5251 0.5552 0.6450
vn -0.3059 0.8946 0.3256
vn -0.4258 0.8004 0.4220
vn -0.5359 0.7076 0.4606
vn -0.6496 0.5553 0.5194
vn -0.5818 0.7076 0.4010
vn -0.5957 0.7076 0.3801
vn -0.6212 0.7076 0.3369
vn -0.6327 0.7076 0.3146
vn -0.7691 0.5552 0.3166
vn -0.6626 0.7076 0.2456
vn -0.6784 0.7076 0.1980
vn -0.6850 0.7075 0.1738
vn -0.5901 0.8003 0.1059
vn -0.6996 0.7075 0.1000
vn -0.7049 0.7076 0.0501
vn -0.7062 0.7076 0.0251
vn -0.5991 0.8004 -0.0213
vn -0.7049 0.7075 -0.0501
vn -0.5935 0.8003 -0.0848
vn -0.6956 0.7075 -0.1248
vn -0.8062 0.5552 -0.2045
vn -0.6784 0.7075 -0.1980
vn -0.6626 0.7076 -0.2456
vn -0.6535 0.7076 -0.2690
vn -0.6327 0.7076 -0.3146
vn -0.6212 0.7076 -0.3369
vn -0.5957 0.7076 -0.3801
vn -0.5818 0.7076 -0.4010
vn -0.6496 0.5552 -0.5194
vn -0.6308 0.5552 -0.5421
vn -0.5019 0.7076 -0.4975
vn -0.4839 0.7076 -0.5150
vn -0.5252 0.5552 -0.6449
vn -0.5019 0.5552 -0.6632
vn -0.4536 0.5552 -0.6971
vn -0.3641 0.7076 -0.6056
vn -0.3203 0.7076 -0.6299
vn -0.3504 0.5552 -0.7543
vn -0.2515 0.7076 -0.6604
vn -0.2682 0.5552 -0.7873
vn -0.1799 0.7076 -0.6834
vn -0.1555 0.7076 -0.6893
vn -0.0901 0.8004 -0.5927
vn -0.0957 0.5552 -0.8262
vn -0.0175 0.9193 -0.3931
vn -0.0063 0.7076 -0.7066
vn 0.0319 0.8578 -0.5130
vn 0.0811 0.5552 -0.8278
vn 0.1006 0.8004 -0.5910
vn 0.1686 0.5552 -0.8145
vn 0.1920 0.7076 -0.6801
vn 0.2160 0.7076 -0.6728
vn 0.2632 0.7076 -0.6558
vn 0.3370 0.5552 -0.7604
vn 0.3900 0.5552 -0.7346
vn 0.3533 0.7076 -0.6120
vn 0.4659 0.5552 -0.6890
vn 0.4901 0.5552 -0.6720
vn 0.4558 0.7076 -0.5400
vn 0.4747 0.7076 -0.5235
vn 0.5106 0.7076 -0.4885
vn 0.6211 0.5552 -0.5532
vn 0.5597 0.7076 -0.4314
vn 0.5746 0.7076 -0.4113
vn 0.6024 0.7076 -0.3695
vn 0.6151 0.7076 -0.3479
vn 0.6382 0.7076 -0.3034
vn 0.7633 0.5552 -0.3302
vn 0.7849 0.5552 -0.2752
vn 0.6747 0.7076 -0.2100
vn 0.5836 0.8004 -0.1371
vn 0.6932 0.7076 -0.1371
vn 0.5949 0.8004 -0.0743
vn 0.7039 0.7076 -0.0626
vn 0.7065 0.7076 -0.0126
vn -0.9639 -0.0654 -0.2581
vn -0.9334 -0.2589 -0.2486
vn -0.9979 -0.0651 -0.0000
vn -0.8372 -0.2589 -0.4817
vn -0.8642 -0.0651 -0.4989
vn -0.6840 -0.2589 -0.6820
vn -0.6143 -0.5001 -0.6103
vn -0.4355 -0.5001 -0.7485
vn -0.3570 -0.7072 -0.6103
vn -0.1869 -0.7072 -0.6819
vn -0.1342 -0.8661 -0.4816
vn -0.0050 -0.8661 -0.4999
vn -0.0102 -0.9587 -0.2841
vn 0.0637 -0.9587 -0.2770
vn -0.7056 -0.0650 -0.7056
vn -0.4842 -0.2589 -0.8358
vn -0.2269 -0.5001 -0.8357
vn -0.0041 -0.7072 -0.7070
vn 0.1246 -0.8661 -0.4841
vn 0.1332 -0.9588 -0.2511
vn -0.4990 -0.0650 -0.8642
vn -0.2514 -0.2589 -0.9326
vn -0.0029 -0.5001 -0.8660
vn 0.1791 -0.7072 -0.6840
vn 0.2456 -0.8661 -0.4354
vn 0.1937 -0.9587 -0.2081
vn -0.2583 -0.0651 -0.9639
vn -0.0015 -0.2589 -0.9659
vn 0.2214 -0.5001 -0.8372
vn 0.3500 -0.7072 -0.6143
vn 0.3500 -0.8661 -0.3570
vn 0.2409 -0.9588 -0.1508
vn -0.0000 -0.0650 -0.9979
vn 0.2486 -0.2589 -0.9334
vn 0.4305 -0.5001 -0.7514
vn 0.4971 -0.7072 -0.5028
vn 0.4304 -0.8661 -0.2543
vn 0.2718 -0.9587 -0.0833
vn 0.2582 -0.0651 -0.9639
vn 0.4817 -0.2589 -0.8372
vn 0.6103 -0.5001 -0.6143
vn 0.6103 -0.7072 -0.3570
vn 0.4816 -0.8661 -0.1342
vn 0.2841 -0.9587 -0.0102
vn 0.4988 -0.0653 -0.8642
vn 0.6820 -0.2589 -0.6840
vn 0.7485 -0.5001 -0.4354
vn 0.6819 -0.7072 -0.1869
vn 0.4999 -0.8661 -0.0050
vn 0.2770 -0.9587 0.0637
vn 0.7056 -0.0650 -0.7056
vn 0.8358 -0.2589 -0.4842
vn 0.8357 -0.5001 -0.2269
vn 0.7070 -0.7072 -0.0041
vn 0.4841 -0.8661 0.1246
vn 0.2511 -0.9588 0.1332
vn 0.8642 -0.0651 -0.4989
vn 0.9326 -0.2589 -0.2514
vn 0.8660 -0.5001 -0.0029
vn 0.6840 -0.7072 0.1791
vn 0.4354 -0.8661 0.2456
vn 0.2081 -0.9587 0.1937
vn 0.9639 -0.0650 -0.2583
vn 0.9659 -0.2589 -0.0015
vn 0.8372 -0.5001 0.2214
vn 0.6143 -0.7072 0.3500
vn 0.3570 -0.8661 0.3499
vn 0.1508 -0.9588 0.2409
vn 0.9979 -0.0651 -0.0000
vn 0.9334 -0.2589 0.2486
vn 0.7514 -0.5001 0.4305
vn 0.5028 -0.7072 0.4971
vn 0.2543 -0.8661 0.4304
vn 0.0833 -0.9587 0.2718
vn 0.9639 -0.0650 0.2583
vn 0.8372 -0.2589 0.4817
vn 0.6143 -0.5001 0.6103
vn 0.3570 -0.7072 0.6103
vn 0.1342 -0.8661 0.4816
vn 0.0102 -0.9587 0.2841
vn 0.8642 -0.0651 0.4989
vn 0.6840 -0.2589 0.6820
vn 0.4354 -0.5001 0.7485
vn 0.1869 -0.7072 0.6819
vn 0.0050 -0.8661 0.4999
vn -0.0637 -0.9588 0.2770
vn 0.7056 -0.0651 0.7056
vn 0.4842 -0.2589 0.8358
vn 0.2269 -0.5001 0.8357
vn 0.0041 -0.7072 0.7070
vn -0.1246 -0.8661 0.4841
vn -0.1332 -0.9588 0.2511
vn 0.4989 -0.0650 0.8642
vn 0.2514 -0.2588 0.9326
vn 0.0029 -0.5001 0.8660
vn -0.1791 -0.7072 0.6840
vn -0.2456 -0.8661 0.4354
vn -0.1937 -0.9587 0.2081
vn 0.2583 -0.0651 0.9639
vn 0.0015 -0.2589 0.9659
vn -0.2214 -0.5001 0.8372
vn -0.3500 -0.7072 0.6143
vn -0.3499 -0.8661 0.3570
vn -0.2409 -0.9588 0.1508
vn -0.0000 -0.0650 0.9979
vn -0.2486 -0.2589 0.9334
vn -0.4305 -0.5001 0.7514
vn -0.4971 -0.7072 0.5028
vn -0.4304 -0.8661 0.2543
vn -0.2718 -0.9587 0.0833
vn -0.2582 -0.0651 0.9639
vn -0.4817 -0.2589 0.8372
vn -0.6103 -0.5001 0.6143
vn -0.6103 -0.7072 0.3570
vn -0.4816 -0.8661 0.1342
vn -0.2841 -0.9587 0.0102
vn -0.4989 -0.0650 0.8642
vn -0.6820 -0.2589 0.6840
vn -0.7485 -0.5001 0.4354
vn -0.6819 -0.7072 0.1869
vn -0.4999 -0.8661 0.0050
vn -0.2770 -0.9588 -0.0637
vn -0.7056 -0.0651 0.7056
vn -0.8358 -0.2589 0.4842
vn -0.8357 -0.5001 0.2269
vn -0.7070 -0.7072 0.0041
vn -0.4841 -0.8661 -0.1246
vn -0.2511 -0.9588 -0.1332
vn -0.8642 -0.0651 0.4989
vn -0.9326 -0.2588 0.2514
vn -0.8660 -0.5001 0.0029
vn -0.6840 -0.7072 -0.1791
vn -0.4354 -0.8661 -0.2456
vn -0.2081 -0.9587 -0.1937
vn -0.9639 -0.0650 0.2582
vn -0.9659 -0.2589 0.0015
vn -0.8372 -0.5001 -0.2214
vn -0.6143 -0.7072 -0.3500
vn -0.3570 -0.8661 -0.3499
vn -0.1508 -0.9588 -0.2409
vn -0.7514 -0.5001 -0.4305
vn -0.5028 -0.7072 -0.4971
vn -0.2543 -0.8661 -0.4304
vn -0.0833 -0.9587 -0.2718
vn -0.0000 -1.0000 -0.0000
vn -0.6718 -0.7098 -0.2120
vn -0.5111 -0.8592 -0.0224
vn -0.5940 -0.7098 -0.3786
vn -0.4758 -0.7098 -0.5194
vn -0.3831 -0.5576 -0.7364
vn -0.0961 -0.8958 -0.4340
vn 0.0309 -0.7098 -0.7037
vn 0.2120 -0.7098 -0.6718
vn 0.3786 -0.7098 -0.5940
vn 0.5194 -0.7098 -0.4758
vn 0.7364 -0.5576 -0.3831
vn 0.6877 -0.7098 -0.1523
vn 0.7037 -0.7098 0.0309
vn 0.6718 -0.7098 0.2120
vn 0.7000 -0.5576 0.4461
vn 0.4758 -0.7098 0.5194
vn 0.3251 -0.7098 0.6249
vn 0.1523 -0.7098 0.6877
vn -0.0309 -0.7098 0.7037
vn -0.1338 -0.8958 0.4239
vn -0.4462 -0.5576 0.7000
vn -0.5194 -0.7098 0.4758
vn -0.6249 -0.7098 0.3251
vn -0.6877 -0.7098 0.1523
vn -0.0186 -0.9998 0.0059
vn -0.1152 -0.9927 0.0346
vn -0.0194 -0.9998 0.0009
vn -0.1023 -0.9927 0.0632
vn -0.0164 -0.9998 0.0105
vn -0.0825 -0.9927 0.0875
vn -0.2231 -0.9471 0.2305
vn -0.1559 -0.9471 0.2804
vn -0.2681 -0.8390 0.4735
vn -0.1364 -0.8390 0.5268
vn -0.1864 -0.6792 0.7099
vn 0.0037 -0.6792 0.7340
vn 0.0026 -0.4775 0.8786
vn 0.2299 -0.4775 0.8480
vn 0.2521 -0.2463 0.9358
vn 0.4857 -0.2463 0.8387
vn 0.4991 -0.0619 0.8644
vn 0.7058 -0.0619 0.7057
vn 0.2583 -0.0618 0.9641
vn 0.0013 -0.2462 0.9692
vn -0.2249 -0.4774 0.8494
vn -0.3638 -0.6792 0.6375
vn -0.3815 -0.8390 0.3880
vn -0.2752 -0.9471 0.1649
vn -0.0131 -0.9998 0.0143
vn -0.0570 -0.9927 0.1059
vn -0.0780 -0.9471 0.3112
vn 0.0046 -0.8390 0.5441
vn 0.1935 -0.6792 0.7080
vn 0.4416 -0.4775 0.7596
vn 0.6863 -0.2463 0.6844
vn 0.8644 -0.0622 0.4989
vn -0.0090 -0.9998 0.0173
vn -0.0277 -0.9927 0.1171
vn 0.0052 -0.9471 0.3208
vn 0.1453 -0.8390 0.5244
vn 0.3702 -0.6792 0.6338
vn 0.6231 -0.4775 0.6195
vn 0.8400 -0.2463 0.4834
vn 0.9641 -0.0618 0.2583
vn -0.0042 -0.9998 0.0190
vn 0.0036 -0.9927 0.1202
vn 0.0880 -0.9471 0.3085
vn 0.2760 -0.8390 0.4689
vn 0.5216 -0.6792 0.5164
vn 0.7622 -0.4775 0.4371
vn 0.9365 -0.2463 0.2496
vn 0.9981 -0.0618 -0.0000
vn 0.0013 -0.9996 0.0292
vn 0.0346 -0.9927 0.1152
vn 0.1649 -0.9471 0.2752
vn 0.3880 -0.8390 0.3815
vn 0.6375 -0.6792 0.3638
vn 0.8494 -0.4774 0.2249
vn 0.9692 -0.2462 -0.0013
vn 0.9641 -0.0618 -0.2583
vn 0.0070 -0.9997 0.0223
vn 0.0632 -0.9927 0.1023
vn 0.2305 -0.9471 0.2231
vn 0.4735 -0.8390 0.2681
vn 0.7099 -0.6792 0.1864
vn 0.8786 -0.4775 -0.0026
vn 0.9358 -0.2463 -0.2521
vn 0.8642 -0.0623 -0.4992
vn 0.0105 -0.9998 0.0164
vn 0.0875 -0.9927 0.0825
vn 0.2804 -0.9471 0.1559
vn 0.5268 -0.8390 0.1364
vn 0.7340 -0.6792 -0.0037
vn 0.8480 -0.4775 -0.2299
vn 0.8387 -0.2463 -0.4857
vn 0.7058 -0.0619 -0.7058
vn 0.0143 -0.9998 0.0132
vn 0.1059 -0.9927 0.0570
vn 0.3112 -0.9471 0.0780
vn 0.5441 -0.8390 -0.0046
vn 0.7080 -0.6792 -0.1935
vn 0.7596 -0.4775 -0.4416
vn 0.6844 -0.2462 -0.6863
vn 0.4989 -0.0624 -0.8644
vn 0.0173 -0.9998 0.0090
vn 0.1171 -0.9927 0.0277
vn 0.3208 -0.9471 -0.0052
vn 0.5244 -0.8390 -0.1453
vn 0.6338 -0.6792 -0.3702
vn 0.6195 -0.4775 -0.6231
vn 0.4834 -0.2463 -0.8400
vn 0.2583 -0.0618 -0.9641
vn 0.0190 -0.9998 0.0042
vn 0.1202 -0.9927 -0.0036
vn 0.3085 -0.9471 -0.0880
vn 0.4689 -0.8390 -0.2760
vn 0.5164 -0.6792 -0.5216
vn 0.4371 -0.4775 -0.7622
vn 0.2496 -0.2463 -0.9365
vn -0.0000 -0.0619 -0.9981
vn 0.0195 -0.9998 -0.0009
vn 0.1152 -0.9927 -0.0346
vn 0.2752 -0.9471 -0.1649
vn 0.3815 -0.8390 -0.3880
vn 0.3638 -0.6792 -0.6375
vn 0.2249 -0.4775 -0.8494
vn -0.0013 -0.2463 -0.9692
vn -0.2585 -0.0621 -0.9640
vn 0.0186 -0.9998 -0.0059
vn 0.1023 -0.9927 -0.0632
vn 0.2231 -0.9472 -0.2305
vn 0.2681 -0.8390 -0.4735
vn 0.1864 -0.6792 -0.7099
vn -0.0026 -0.4775 -0.8786
vn -0.2521 -0.2463 -0.9358
vn -0.4992 -0.0623 -0.8642
vn 0.0164 -0.9998 -0.0105
vn 0.0825 -0.9927 -0.0875
vn 0.1559 -0.9471 -0.2804
vn 0.1364 -0.8390 -0.5268
vn -0.0037 -0.6792 -0.7340
vn -0.2299 -0.4775 -0.8480
vn -0.4857 -0.2463 -0.8387
vn -0.7058 -0.0619 -0.7057
vn 0.0131 -0.9998 -0.0143
vn 0.0570 -0.9927 -0.1059
vn 0.0780 -0.9471 -0.3112
vn -0.0046 -0.8390 -0.5441
vn -0.1935 -0.6792 -0.7080
vn -0.4416 -0.4775 -0.7596
vn -0.6863 -0.2463 -0.6844
vn -0.8643 -0.0618 -0.4991
vn 0.0090 -0.9998 -0.0173
vn 0.0277 -0.9927 -0.1171
vn -0.0052 -0.9471 -0.3208
vn -0.1453 -0.8390 -0.5244
vn -0.3702 -0.6792 -0.6338
vn -0.6231 -0.4775 -0.6195
vn -0.8400 -0.2463 -0.4834
vn -0.9641 -0.0618 -0.2584
vn 0.0042 -0.9998 -0.0190
vn -0.0036 -0.9927 -0.1202
vn -0.0880 -0.9471 -0.3085
vn -0.2760 -0.8390 -0.4689
vn -0.5216 -0.6792 -0.5164
vn -0.7622 -0.4775 -0.4371
vn -0.9365 -0.2463 -0.2496
vn -0.9981 -0.0622 0.0002
vn -0.0013 -0.9996 -0.0292
vn -0.0346 -0.9927 -0.1152
vn -0.1649 -0.9471 -0.2752
vn -0.3880 -0.8390 -0.3815
vn -0.6375 -0.6792 -0.3638
vn -0.8494 -0.4774 -0.2249
vn -0.9692 -0.2462 0.0013
vn -0.9640 -0.0622 0.2585
vn -0.0070 -0.9997 -0.0223
vn -0.0632 -0.9927 -0.1023
vn -0.2305 -0.9471 -0.2231
vn -0.4735 -0.8390 -0.2681
vn -0.7099 -0.6792 -0.1864
vn -0.8786 -0.4775 0.0026
vn -0.9358 -0.2463 0.2521
vn -0.8643 -0.0621 0.4992
vn -0.0105 -0.9998 -0.0165
vn -0.0875 -0.9927 -0.0825
vn -0.2804 -0.9471 -0.1559
vn -0.5268 -0.8390 -0.1364
vn -0.7340 -0.6792 0.0037
vn -0.8480 -0.4775 0.2299
vn -0.8387 -0.2463 0.4857
vn -0.7058 -0.0619 0.7057
vn -0.0143 -0.9998 -0.0132
vn -0.1059 -0.9927 -0.0570
vn -0.3112 -0.9471 -0.0780
vn -0.5441 -0.8390 0.0046
vn -0.7080 -0.6792 0.1935
vn -0.7596 -0.4775 0.4416
vn -0.6844 -0.2463 0.6863
vn -0.4989 -0.0622 0.8644
vn -0.0173 -0.9998 -0.0091
vn -0.1171 -0.9927 -0.0277
vn -0.3208 -0.9471 0.0052
vn -0.5244 -0.8390 0.1453
vn -0.6338 -0.6792 0.3702
vn -0.6195 -0.4775 0.6231
vn -0.4834 -0.2463 0.8400
vn -0.2583 -0.0618 0.9641
vn -0.0190 -0.9998 -0.0042
vn -0.1202 -0.9927 0.0036
vn -0.3085 -0.9471 0.0880
vn -0.4689 -0.8390 0.2760
vn -0.5164 -0.6792 0.5216
vn -0.4371 -0.4775 0.7622
vn -0.2496 -0.2463 0.9365
vn -0.0000 -0.0619 0.9981
vn -0.7037 -0.7098 -0.0309
vn -0.3456 -0.8592 -0.3773
vn -0.3251 -0.7098 -0.6249
vn -0.1523 -0.7098 -0.6877
vn 0.3209 -0.8022 -0.5035
vn 0.6249 -0.7098 -0.3251
vn 0.5940 -0.7098 0.3786
vn 0.5607 -0.5576 0.6121
vn -0.2120 -0.7098 0.6718
vn -0.3786 -0.7098 0.5940
vn -0.5297 -0.8022 0.2756
vn -0.4991 -0.0654 -0.8641
vn 0.3499 -0.8661 -0.3570
vn 0.4987 -0.0655 -0.8643
vn 0.4355 -0.5001 0.7485
vn -0.1332 -0.9587 0.2511
vn 0.4991 -0.0653 0.8641
vn 0.2514 -0.2589 0.9326
vn -0.9326 -0.2589 0.2514
vn -0.8293 -0.5576 -0.0364
vn 0.1540 -0.8592 -0.4879
vn 0.4462 -0.5576 -0.7000
vn 0.5111 -0.8592 0.0224
vn 0.3831 -0.5577 0.7364
vn 0.1106 -0.8592 0.4995
vn 0.6718 -0.7098 -0.2120
vn 0.5829 -0.8022 -0.1291
vn 0.7037 -0.7098 -0.0309
vn 0.4540 -0.8592 -0.2361
vn 0.5940 -0.7098 -0.3786
vn 0.3773 -0.8592 -0.3456
vn 0.4758 -0.7098 -0.5194
vn 0.3251 -0.7098 -0.6249
vn 0.1523 -0.7098 -0.6877
vn -0.0416 -0.3184 -0.9470
vn -0.1291 -0.8022 -0.5829
vn -0.2498 -0.5576 -0.7916
vn -0.3786 -0.7098 -0.5940
vn -0.5194 -0.7098 -0.4758
vn -0.6249 -0.7098 -0.3251
vn -0.5694 -0.8022 -0.1797
vn -0.6877 -0.7098 -0.1523
vn -0.5965 -0.8022 -0.0262
vn -0.7037 -0.7098 0.0309
vn -0.5829 -0.8022 0.1291
vn -0.6718 -0.7098 0.2120
vn -0.5940 -0.7098 0.3786
vn -0.4758 -0.7098 0.5194
vn -0.3251 -0.7098 0.6249
vn -0.1523 -0.7098 0.6877
vn 0.0416 -0.3184 0.9470
vn 0.2498 -0.5576 0.7916
vn 0.3786 -0.7098 0.5940
vn 0.4033 -0.8022 0.4403
vn 0.5194 -0.7098 0.4758
vn 0.6249 -0.7098 0.3251
vn 0.6877 -0.7098 0.1523
vn 0.5965 -0.8022 0.0262
vn 0.4403 -0.8022 -0.4033
vn 0.3002 -0.8958 0.3279
vn 0.4315 -0.8592 0.2750
vn 0.5694 -0.8022 0.1797
vn 0.1797 -0.8022 -0.5694
vn 0.0364 -0.5576 -0.8293
vn -0.2498 -0.5577 -0.7916
vn -0.3002 -0.8958 -0.3278
vn -0.4315 -0.8592 -0.2750
vn 0.5112 -0.8592 0.0224
vn -0.0195 -0.8957 0.4441
vn 0.1106 -0.8592 0.4996
vn 0.2756 -0.8022 0.5297
vn -0.4539 -0.8592 0.2361
vn -0.4403 -0.8022 0.4033
vn -0.0262 -0.8022 0.5965
vn -0.5035 -0.8022 -0.3209
vn 0.2498 -0.5577 0.7916
vn 0.5035 -0.8022 0.3209
vn 0.4879 -0.8592 0.1540
vn 0.8257 -0.5552 -0.0997
vn 0.7066 -0.7075 -0.0121
vn 0.6892 -0.7075 -0.1564
vn 0.7879 -0.5552 -0.2665
vn 0.7563 -0.5552 -0.3461
vn 0.6090 -0.7075 -0.3586
vn 0.6695 -0.5552 -0.4935
vn 0.5227 -0.7075 -0.4756
vn 0.5544 -0.5552 -0.6200
vn 0.4144 -0.7075 -0.5724
vn 0.3533 -0.7075 -0.6120
vn 0.2885 -0.7075 -0.6451
vn 0.2597 -0.5552 -0.7901
vn 0.1505 -0.7075 -0.6905
vn 0.0787 -0.7075 -0.7023
vn 0.0061 -0.7075 -0.7067
vn -0.0666 -0.7075 -0.7035
vn -0.1386 -0.7075 -0.6930
vn -0.2091 -0.7075 -0.6750
vn -0.2774 -0.7075 -0.6500
vn -0.3428 -0.7075 -0.6180
vn -0.4761 -0.5552 -0.6820
vn -0.4620 -0.7075 -0.5348
vn -0.5145 -0.7075 -0.4845
vn -0.6609 -0.5552 -0.5049
vn -0.6027 -0.7075 -0.3690
vn -0.6375 -0.7075 -0.3050
vn -0.6654 -0.7075 -0.2379
vn -0.6864 -0.7075 -0.1682
vn -0.5939 -0.8003 -0.0821
vn -0.7063 -0.7075 -0.0242
vn -0.7050 -0.7075 0.0485
vn -0.5908 -0.8003 0.1024
vn -0.6802 -0.7075 0.1917
vn -0.6569 -0.7075 0.2606
vn -0.6266 -0.7075 0.3268
vn -0.5897 -0.7075 0.3895
vn -0.6432 -0.5552 0.5273
vn -0.4975 -0.7075 0.5019
vn -0.4433 -0.7075 0.5504
vn -0.4524 -0.5552 0.6979
vn -0.3214 -0.7075 0.6294
vn -0.2549 -0.7075 0.6591
vn -0.1858 -0.7075 0.6818
vn -0.1147 -0.7075 0.6973
vn -0.0424 -0.7075 0.7054
vn 0.0303 -0.7075 0.7060
vn 0.1028 -0.7075 0.6992
vn 0.1741 -0.7075 0.6849
vn 0.2867 -0.5552 0.7807
vn 0.3105 -0.7075 0.6348
vn 0.3742 -0.7075 0.5995
vn 0.4338 -0.7075 0.5579
vn 0.5754 -0.5552 0.6006
vn 0.5388 -0.7075 0.4573
vn 0.6860 -0.5552 0.4702
vn 0.6209 -0.7075 0.3375
vn 0.7677 -0.5552 0.3199
vn 0.7965 -0.5552 0.2393
vn 0.6941 -0.7075 0.1326
vn 0.8286 -0.5552 0.0713
vn 0.7016 -0.7075 -0.0847
vn 0.8316 -0.5552 -0.0143
vn 0.6426 -0.7075 -0.2941
vn 0.5689 -0.7075 -0.4193
vn 0.4711 -0.7075 -0.5268
vn 0.0071 -0.5552 -0.8317
vn -0.4045 -0.7075 -0.5795
vn -0.4365 -0.8003 -0.4110
vn -0.5616 -0.7075 -0.4290
vn -0.7000 -0.7075 -0.0967
vn -0.8195 -0.5552 0.1421
vn -0.6940 -0.5552 0.4584
vn -0.5465 -0.7075 0.4480
vn -0.3844 -0.7075 0.5930
vn -0.1350 -0.5552 0.8207
vn 0.0357 -0.5552 0.8310
vn 0.2049 -0.5552 0.8061
vn 0.2436 -0.7075 0.6634
vn 0.3655 -0.5552 0.7471
vn 0.4404 -0.5552 0.7056
vn 0.4889 -0.7075 0.5103
vn 0.6341 -0.5552 0.5382
vn 0.5829 -0.7075 0.3995
vn 0.7308 -0.5552 0.3972
vn 0.6768 -0.7075 0.2033
vn 0.8169 -0.5552 0.1561
vn 0.7041 -0.7075 0.0606
vn 0.5995 -0.8003 -0.0103
vn 0.6694 -0.7075 -0.2264
vn -0.6055 -0.5552 -0.5702
vn -0.7093 -0.5552 -0.4343
vn -0.6375 -0.7075 -0.3051
vn -0.7831 -0.5552 -0.2800
vn -0.8078 -0.5552 -0.1980
vn -0.8298 -0.5552 0.0571
vn -0.6963 -0.7075 0.1207
vn -0.8005 -0.5552 0.2256
vn -0.7731 -0.5552 0.3067
vn -0.5856 -0.5552 0.5906
vn 0.6523 -0.7075 0.2718
vn 0.0728 0.9418 -0.3281
vn 0.0853 0.9654 0.2464
vn 0.4204 0.7075 -0.5681
vn 0.3678 0.5550 -0.7461
vn 0.2051 0.5550 -0.8061
vn 0.1323 0.5551 -0.8212
vn 0.0583 0.5551 -0.8298
vn -0.0161 0.5550 -0.8317
vn -0.0768 0.7074 -0.7026
vn -0.1639 0.5550 -0.8155
vn -0.2362 0.5550 -0.7976
vn -0.3181 0.7074 -0.6311
vn -0.3609 0.8003 -0.4789
vn -0.4023 0.8002 -0.4447
vn -0.4404 0.8003 -0.4069
vn -0.4751 0.8002 -0.3659
vn -0.7951 0.5551 -0.2445
vn -0.5866 0.8003 -0.1243
vn -0.8315 0.5550 -0.0248
vn -0.7055 0.7074 0.0422
vn -0.7874 0.5551 0.2681
vn -0.7271 0.5550 0.4041
vn -0.3521 0.5551 0.7536
vn -0.2122 0.5550 0.8043
vn -0.1395 0.5551 0.8200
vn 0.0088 0.5550 0.8318
vn 0.1567 0.5551 0.8169
vn 0.2291 0.5551 0.7996
vn 0.2546 0.7074 0.6594
vn 0.3567 0.8003 0.4820
s 1
f 1//1 320//2 143//3
f 143//3 320//2 272//4
f 272//4 320//2 307//5
f 2//6 307//5 12//7
f 3//8 12//7 4//9
f 160//10 4//9 306//11
f 13//12 306//11 6//13
f 5//14 6//13 305//15
f 161//16 305//15 300//17
f 14//18 300//17 15//19
f 7//20 15//19 299//21
f 165//22 299//21 16//23
f 166//24 16//23 8//25
f 17//26 8//25 297//27
f 18//28 297//27 19//29
f 9//30 19//29 10//31
f 20//32 10//31 11//33
f 178//34 11//33 167//35
f 178//34 20//32 11//33
f 272//4 307//5 2//6
f 2//6 12//7 3//8
f 3//8 4//9 160//10
f 160//10 306//11 13//12
f 13//12 6//13 5//14
f 5//14 305//15 161//16
f 161//16 300//17 14//18
f 14//18 15//19 7//20
f 7//20 299//21 165//22
f 165//22 16//23 166//24
f 166//24 8//25 17//26
f 17//26 297//27 18//28
f 18//28 19//29 9//30
f 9//30 10//31 20//32
f 11//33 21//36 167//35
f 275//37 168//38 21//36
f 21//36 168//38 167//35
f 275//37 274//39 168//38
f 168//38 274//39 171//40
f 171//40 274//39 23//41
f 22//42 23//41 419//43
f 172//44 419//43 24//45
f 172//44 22//42 419//43
f 171//40 23//41 22//42
f 419//43 25//46 24//45
f 24//45 25//46 173//47
f 173//47 25//46 418//48
f 417//49 173//47 418//48
f 417//49 174//50 173//47
f 417//49 416//51 174//50
f 174//50 416//51 44//52
f 44//52 416//51 415//53
f 45//54 415//53 26//55
f 175//56 26//55 28//57
f 27//58 28//57 281//59
f 46//60 281//59 413//61
f 47//62 413//61 283//63
f 29//64 283//63 31//65
f 30//66 31//65 32//67
f 48//68 32//67 33//69
f 49//70 33//69 411//71
f 50//72 411//71 51//73
f 200//74 51//73 52//75
f 34//76 52//75 409//77
f 183//78 409//77 287//79
f 203//80 287//79 53//81
f 184//82 53//81 408//83
f 205//84 408//83 291//85
f 54//86 291//85 407//87
f 55//88 407//87 293//89
f 56//90 293//89 35//91
f 57//92 35//91 36//93
f 58//94 36//93 59//95
f 186//96 59//95 405//97
f 188//98 405//97 404//99
f 189//100 404//99 37//101
f 207//102 37//101 397//103
f 192//104 397//103 395//105
f 38//106 395//105 402//107
f 39//108 402//107 60//109
f 209//110 60//109 394//111
f 61//112 394//111 400//113
f 194//114 400//113 62//115
f 195//116 62//115 63//117
f 211//118 63//117 391//119
f 64//120 391//119 40//121
f 212//122 40//121 390//123
f 213//124 390//123 389//125
f 224//126 389//125 41//127
f 214//128 41//127 381//129
f 42//130 381//129 65//131
f 215//132 65//131 66//133
f 67//134 66//133 68//135
f 217//136 68//135 378//137
f 43//138 378//137 69//139
f 220//140 43//138 69//139
f 44//52 415//53 45//54
f 45//54 26//55 175//56
f 175//56 28//57 27//58
f 27//58 281//59 46//60
f 46//60 413//61 47//62
f 47//62 283//63 29//64
f 29//64 31//65 30//66
f 30//66 32//67 48//68
f 48//68 33//69 49//70
f 49//70 411//71 50//72
f 50//72 51//73 200//74
f 200//74 52//75 34//76
f 34//76 409//77 183//78
f 183//78 287//79 203//80
f 203//80 53//81 184//82
f 184//82 408//83 205//84
f 205//84 291//85 54//86
f 54//86 407//87 55//88
f 55//88 293//89 56//90
f 56//90 35//91 57//92
f 57//92 36//93 58//94
f 58//94 59//95 186//96
f 186//96 405//97 188//98
f 188//98 404//99 189//100
f 189//100 37//101 207//102
f 207//102 397//103 192//104
f 192//104 395//105 38//106
f 38//106 402//107 39//108
f 39//108 60//109 209//110
f 209//110 394//111 61//112
f 61//112 400//113 194//114
f 194//114 62//115 195//116
f 195//116 63//117 211//118
f 211//118 391//119 64//120
f 64//120 40//121 212//122
f 212//122 390//123 213//124
f 213//124 389//125 224//126
f 224//126 41//127 214//128
f 214//128 381//129 42//130
f 42//130 65//131 215//132
f 215//132 66//133 67//134
f 67//134 68//135 217//136
f 217//136 378//137 43//138
f 377//141 70//142 69//139
f 69//139 70//142 220//140
f 377//141 376//143 70//142
f 70//142 376//143 71//144
f 71//144 376//143 72//145
f 77//146 72//145 78//147
f 79//148 78//147 374//149
f 80//150 374//149 383//151
f 223//152 383//151 382//153
f 73//154 382//153 371//155
f 81//156 371//155 365//157
f 82//158 365//157 370//159
f 228//160 370//159 75//161
f 74//162 75//161 362//163
f 241//164 362//163 369//165
f 229//166 369//165 83//167
f 230//168 83//167 361//169
f 231//170 361//169 359//171
f 76//172 359//171 84//173
f 76//172 231//170 359//171
f 71//144 72//145 77//146
f 77//146 78//147 79//148
f 79//148 374//149 80//150
f 80//150 383//151 223//152
f 223//152 382//153 73//154
f 73//154 371//155 81//156
f 81//156 365//157 82//158
f 82//158 370//159 228//160
f 228//160 75//161 74//162
f 74//162 362//163 241//164
f 241//164 369//165 229//166
f 229//166 83//167 230//168
f 230//168 361//169 231//170
f 359//171 85//174 84//173
f 87//175 86//176 85//174
f 85//174 86//176 84//173
f 87//175 357//177 86//176
f 86//176 357//177 88//178
f 88//178 357//177 356//179
f 234//180 356//179 89//181
f 90//182 89//181 244//183
f 90//182 234//180 89//181
f 88//178 356//179 234//180
f 89//181 355//184 244//183
f 244//183 355//184 235//185
f 235//185 355//184 91//186
f 354//187 235//185 91//186
f 354//187 92//188 235//185
f 354//187 94//189 92//188
f 92//188 94//189 93//190
f 93//190 94//189 353//191
f 120//192 353//191 340//193
f 238//194 340//193 95//195
f 248//196 95//195 96//197
f 249//198 96//197 339//199
f 121//200 339//199 97//201
f 122//202 97//201 338//203
f 98//204 338//203 337//205
f 252//206 337//205 336//207
f 123//208 336//207 124//209
f 99//210 124//209 100//211
f 253//212 100//211 101//213
f 254//214 101//213 335//215
f 125//216 335//215 334//217
f 102//218 334//217 349//219
f 126//220 349//219 332//221
f 256//222 332//221 331//223
f 127//224 331//223 330//225
f 128//226 330//225 104//227
f 103//228 104//227 329//229
f 261//230 329//229 328//231
f 262//232 328//231 345//233
f 263//234 345//233 105//235
f 155//236 105//235 129//237
f 130//238 129//237 131//239
f 266//240 131//239 326//241
f 267//242 326//241 106//243
f 132//244 106//243 108//245
f 107//246 108//245 110//247
f 109//248 110//247 111//249
f 133//250 111//249 325//251
f 134//252 325//251 112//253
f 135//254 112//253 113//255
f 114//256 113//255 322//257
f 136//258 322//257 314//259
f 150//260 314//259 115//261
f 137//262 115//261 116//263
f 149//264 116//263 117//265
f 270//266 117//265 310//267
f 138//268 310//267 139//269
f 271//270 139//269 118//271
f 140//272 118//271 119//273
f 147//274 119//273 141//275
f 146//276 141//275 142//277
f 144//278 146//276 142//277
f 93//190 353//191 120//192
f 120//192 340//193 238//194
f 238//194 95//195 248//196
f 248//196 96//197 249//198
f 249//198 339//199 121//200
f 121//200 97//201 122//202
f 122//202 338//203 98//204
f 98//204 337//205 252//206
f 252//206 336//207 123//208
f 123//208 124//209 99//210
f 99//210 100//211 253//212
f 253//212 101//213 254//214
f 254//214 335//215 125//216
f 125//216 334//217 102//218
f 102//218 349//219 126//220
f 126//220 332//221 256//222
f 256//222 331//223 127//224
f 127//224 330//225 128//226
f 128//226 104//227 103//228
f 103//228 329//229 261//230
f 261//230 328//231 262//232
f 262//232 345//233 263//234
f 263//234 105//235 155//236
f 155//236 129//237 130//238
f 130//238 131//239 266//240
f 266//240 326//241 267//242
f 267//242 106//243 132//244
f 132//244 108//245 107//246
f 107//246 110//247 109//248
f 109//248 111//249 133//250
f 133//250 325//251 134//252
f 134//252 112//253 135//254
f 135//254 113//255 114//256
f 114//256 322//257 136//258
f 136//258 314//259 150//260
f 150//260 115//261 137//262
f 137//262 116//263 149//264
f 149//264 117//265 270//266
f 270//266 310//267 138//268
f 138//268 139//269 271//270
f 271//270 118//271 140//272
f 140//272 119//273 147//274
f 147//274 141//275 146//276
f 1//1 143//3 142//277
f 142//277 143//3 144//278
f 144//278 143//3 635//279
f 145//280 144//278 635//279
f 145//280 146//276 144//278
f 145//280 633//281 146//276
f 146//276 633//281 147//274
f 147//274 633//281 632//282
f 140//272 632//282 629//283
f 271//270 629//283 605//284
f 138//268 605//284 148//285
f 270//266 148//285 626//286
f 149//264 626//286 603//287
f 137//262 603//287 601//288
f 150//260 601//288 625//289
f 151//290 150//260 625//289
f 151//290 136//258 150//260
f 151//290 152//291 136//258
f 136//258 152//291 114//256
f 114//256 152//291 623//292
f 135//254 623//292 622//293
f 134//252 622//293 153//294
f 133//250 153//294 269//295
f 109//248 269//295 268//296
f 107//246 268//296 154//297
f 132//244 154//297 596//298
f 267//242 596//298 595//299
f 266//240 595//299 594//300
f 130//238 594//300 265//301
f 155//236 265//301 264//302
f 263//234 264//302 156//303
f 262//232 156//303 157//304
f 261//230 157//304 158//305
f 103//228 158//305 159//306
f 128//226 159//306 127//224
f 128//226 103//228 159//306
f 2//6 544//307 272//4
f 2//6 557//308 544//307
f 2//6 3//8 557//308
f 557//308 3//8 558//309
f 558//309 3//8 160//10
f 545//310 160//10 13//12
f 546//311 13//12 5//14
f 548//312 5//14 161//16
f 163//313 161//16 14//18
f 162//314 14//18 7//20
f 550//315 7//20 164//316
f 550//315 162//314 7//20
f 558//309 160//10 545//310
f 545//310 13//12 546//311
f 546//311 5//14 548//312
f 548//312 161//16 163//313
f 163//313 14//18 162//314
f 7//20 165//22 164//316
f 164//316 165//22 552//317
f 552//317 165//22 166//24
f 553//318 166//24 17//26
f 554//319 17//26 18//28
f 555//320 18//28 9//30
f 563//321 9//30 20//32
f 556//322 20//32 178//34
f 542//323 178//34 167//35
f 168//38 542//323 167//35
f 168//38 169//324 542//323
f 168//38 171//40 169//324
f 169//324 171//40 170//325
f 170//325 171//40 22//42
f 179//326 22//42 172//44
f 444//327 172//44 24//45
f 445//328 24//45 173//47
f 447//329 173//47 174//50
f 423//330 174//50 44//52
f 180//331 44//52 45//54
f 177//332 45//54 175//56
f 176//333 175//56 451//334
f 176//333 177//332 175//56
f 552//317 166//24 553//318
f 553//318 17//26 554//319
f 554//319 18//28 555//320
f 555//320 9//30 563//321
f 563//321 20//32 556//322
f 556//322 178//34 542//323
f 170//325 22//42 179//326
f 179//326 172//44 444//327
f 444//327 24//45 445//328
f 445//328 173//47 447//329
f 447//329 174//50 423//330
f 423//330 44//52 180//331
f 180//331 45//54 177//332
f 175//56 27//58 451//334
f 451//334 27//58 425//335
f 425//335 27//58 46//60
f 426//336 46//60 47//62
f 198//337 47//62 29//64
f 427//338 29//64 30//66
f 181//339 30//66 48//68
f 199//340 48//68 49//70
f 429//341 49//70 50//72
f 182//342 50//72 200//74
f 201//343 200//74 34//76
f 431//344 34//76 183//78
f 202//345 183//78 203//80
f 432//346 203//80 184//82
f 204//347 184//82 205//84
f 457//348 205//84 54//86
f 206//349 54//86 55//88
f 185//350 55//88 56//90
f 57//92 185//350 56//90
f 57//92 434//351 185//350
f 57//92 58//94 434//351
f 434//351 58//94 435//352
f 435//352 58//94 186//96
f 459//353 186//96 188//98
f 187//354 188//98 189//100
f 190//355 189//100 207//102
f 191//356 207//102 192//104
f 208//357 192//104 38//106
f 436//358 38//106 39//108
f 438//359 39//108 209//110
f 193//360 209//110 61//112
f 210//361 61//112 194//114
f 465//362 194//114 195//116
f 196//363 195//116 211//118
f 467//364 211//118 64//120
f 440//365 64//120 212//122
f 197//366 212//122 468//367
f 197//366 440//365 212//122
f 425//335 46//60 426//336
f 426//336 47//62 198//337
f 198//337 29//64 427//338
f 427//338 30//66 181//339
f 181//339 48//68 199//340
f 199//340 49//70 429//341
f 429//341 50//72 182//342
f 182//342 200//74 201//343
f 201//343 34//76 431//344
f 431//344 183//78 202//345
f 202//345 203//80 432//346
f 432//346 184//82 204//347
f 204//347 205//84 457//348
f 457//348 54//86 206//349
f 206//349 55//88 185//350
f 435//352 186//96 459//353
f 459//353 188//98 187//354
f 187//354 189//100 190//355
f 190//355 207//102 191//356
f 191//356 192//104 208//357
f 208//357 38//106 436//358
f 436//358 39//108 438//359
f 438//359 209//110 193//360
f 193//360 61//112 210//361
f 210//361 194//114 465//362
f 465//362 195//116 196//363
f 196//363 211//118 467//364
f 467//364 64//120 440//365
f 212//122 213//124 468//367
f 468//367 213//124 470//368
f 470//368 213//124 224//126
f 441//369 224//126 214//128
f 225//370 214//128 42//130
f 443//371 42//130 215//132
f 473//372 215//132 67//134
f 216//373 67//134 217//136
f 218//374 217//136 43//138
f 219//375 43//138 220//140
f 70//142 219//375 220//140
f 70//142 221//376 219//375
f 70//142 71//144 221//376
f 221//376 71//144 526//377
f 526//377 71//144 77//146
f 222//378 77//146 79//148
f 527//379 79//148 80//150
f 226//380 80//150 223//152
f 528//381 223//152 73//154
f 529//382 73//154 81//156
f 227//383 81//156 82//158
f 531//384 82//158 532//385
f 531//384 227//383 82//158
f 470//368 224//126 441//369
f 441//369 214//128 225//370
f 225//370 42//130 443//371
f 443//371 215//132 473//372
f 473//372 67//134 216//373
f 216//373 217//136 218//374
f 218//374 43//138 219//375
f 526//377 77//146 222//378
f 222//378 79//148 527//379
f 527//379 80//150 226//380
f 226//380 223//152 528//381
f 528//381 73//154 529//382
f 529//382 81//156 227//383
f 82//158 228//160 532//385
f 532//385 228//160 538//386
f 538//386 228//160 74//162
f 240//387 74//162 241//164
f 534//388 241//164 229//166
f 535//389 229//166 230//168
f 536//390 230//168 231//170
f 537//391 231//170 76//172
f 242//392 76//172 84//173
f 232//393 84//173 86//176
f 88//178 232//393 86//176
f 88//178 233//394 232//393
f 88//178 234//180 233//394
f 233//394 234//180 243//395
f 243//395 234//180 90//182
f 583//396 90//182 244//183
f 245//397 244//183 235//185
f 236//398 235//185 92//188
f 246//399 92//188 93//190
f 237//400 93//190 120//192
f 247//401 120//192 238//194
f 239//402 238//194 611//403
f 239//402 247//401 238//194
f 538//386 74//162 240//387
f 240//387 241//164 534//388
f 534//388 229//166 535//389
f 535//389 230//168 536//390
f 536//390 231//170 537//391
f 537//391 76//172 242//392
f 242//392 84//173 232//393
f 243//395 90//182 583//396
f 583//396 244//183 245//397
f 245//397 235//185 236//398
f 236//398 92//188 246//399
f 246//399 93//190 237//400
f 237//400 120//192 247//401
f 238//194 248//196 611//403
f 611//403 248//196 257//404
f 257//404 248//196 249//198
f 250//405 249//198 121//200
f 585//406 121//200 122//202
f 251//407 122//202 98//204
f 612//408 98//204 252//206
f 258//409 252//206 123//208
f 586//410 123//208 99//210
f 587//411 99//210 253//212
f 259//412 253//212 254//214
f 615//413 254//214 125//216
f 255//414 125//216 102//218
f 616//415 102//218 126//220
f 260//416 126//220 256//222
f 590//417 256//222 127//224
f 159//306 590//417 127//224
f 257//404 249//198 250//405
f 250//405 121//200 585//406
f 585//406 122//202 251//407
f 251//407 98//204 612//408
f 612//408 252//206 258//409
f 258//409 123//208 586//410
f 586//410 99//210 587//411
f 587//411 253//212 259//412
f 259//412 254//214 615//413
f 615//413 125//216 255//414
f 255//414 102//218 616//415
f 616//415 126//220 260//416
f 260//416 256//222 590//417
f 103//228 261//230 158//305
f 261//230 262//232 157//304
f 262//232 263//234 156//303
f 263//234 155//236 264//302
f 155//236 130//238 265//301
f 130//238 266//240 594//300
f 266//240 267//242 595//299
f 267//242 132//244 596//298
f 132//244 107//246 154//297
f 107//246 109//248 268//296
f 109//248 133//250 269//295
f 133//250 134//252 153//294
f 134//252 135//254 622//293
f 135//254 114//256 623//292
f 150//260 137//262 601//288
f 137//262 149//264 603//287
f 149//264 270//266 626//286
f 270//266 138//268 148//285
f 138//268 271//270 605//284
f 271//270 140//272 629//283
f 140//272 147//274 632//282
f 544//307 635//279 272//4
f 272//4 635//279 143//3
f 275//37 21//36 273//418
f 276//419 275//37 273//418
f 276//419 274//39 275//37
f 276//419 510//420 274//39
f 274//39 510//420 23//41
f 23//41 510//420 420//421
f 419//43 420//421 277//422
f 25//46 277//422 278//423
f 418//48 278//423 507//424
f 417//49 507//424 524//425
f 416//51 524//425 504//426
f 415//53 504//426 503//427
f 26//55 503//427 501//428
f 279//429 26//55 501//428
f 279//429 28//57 26//55
f 279//429 280//430 28//57
f 28//57 280//430 281//59
f 281//59 280//430 414//431
f 413//61 414//431 282//432
f 283//63 282//432 498//433
f 31//65 498//433 412//434
f 32//67 412//434 284//435
f 33//69 284//435 285//436
f 411//71 285//436 286//437
f 51//73 286//437 521//438
f 52//75 521//438 410//439
f 409//77 410//439 520//440
f 287//79 520//440 288//441
f 53//81 288//441 289//442
f 408//83 289//442 290//443
f 291//85 290//443 292//444
f 407//87 292//444 294//445
f 293//89 294//445 35//91
f 293//89 407//87 294//445
f 10//31 295//446 11//33
f 10//31 296//447 295//446
f 10//31 19//29 296//447
f 296//447 19//29 571//448
f 571//448 19//29 297//27
f 302//449 297//27 8//25
f 303//450 8//25 16//23
f 298//451 16//23 299//21
f 575//452 299//21 15//19
f 564//453 15//19 300//17
f 301//454 300//17 304//455
f 301//454 564//453 300//17
f 571//448 297//27 302//449
f 302//449 8//25 303//450
f 303//450 16//23 298//451
f 298//451 299//21 575//452
f 575//452 15//19 564//453
f 300//17 305//15 304//455
f 304//455 305//15 579//456
f 579//456 305//15 6//13
f 317//457 6//13 306//11
f 318//458 306//11 4//9
f 580//459 4//9 12//7
f 319//460 12//7 307//5
f 581//461 307//5 320//2
f 321//462 320//2 1//1
f 142//277 321//462 1//1
f 142//277 308//463 321//462
f 142//277 141//275 308//463
f 308//463 141//275 309//464
f 309//464 141//275 119//273
f 2753//465 119//273 118//271
f 2754//466 118//271 139//269
f 2755//467 139//269 310//267
f 311//468 310//267 117//265
f 312//469 117//265 116//263
f 313//470 116//263 115//261
f 316//471 115//261 314//259
f 315//472 314//259 323//473
f 315//472 316//471 314//259
f 579//456 6//13 317//457
f 317//457 306//11 318//458
f 318//458 4//9 580//459
f 580//459 12//7 319//460
f 319//460 307//5 581//461
f 581//461 320//2 321//462
f 309//464 119//273 2753//465
f 2753//465 118//271 2754//466
f 2754//466 139//269 2755//467
f 2755//467 310//267 311//468
f 311//468 117//265 312//469
f 312//469 116//263 313//470
f 313//470 115//261 316//471
f 314//259 322//257 323//473
f 323//473 322//257 324//474
f 324//474 322//257 113//255
f 2784//475 113//255 112//253
f 2757//476 112//253 325//251
f 2758//477 325//251 111//249
f 341//478 111//249 110//247
f 2787//479 110//247 108//245
f 342//480 108//245 106//243
f 2760//481 106//243 326//241
f 343//482 326//241 131//239
f 344//483 131//239 129//237
f 2791//484 129//237 105//235
f 327//485 105//235 345//233
f 2762//486 345//233 328//231
f 346//487 328//231 329//229
f 347//488 329//229 104//227
f 2763//489 104//227 330//225
f 331//223 2763//489 330//225
f 331//223 2764//490 2763//489
f 331//223 332//221 2764//490
f 2764//490 332//221 348//491
f 348//491 332//221 349//219
f 350//492 349//219 334//217
f 333//493 334//217 335//215
f 2795//494 335//215 101//213
f 351//495 101//213 100//211
f 2767//496 100//211 124//209
f 2769//497 124//209 336//207
f 2770//498 336//207 337//205
f 352//499 337//205 338//203
f 2772//500 338//203 97//201
f 2798//501 97//201 339//199
f 2774//502 339//199 96//197
f 2800//503 96//197 95//195
f 2776//504 95//195 340//193
f 2777//505 340//193 2802//506
f 2777//505 2776//504 340//193
f 324//474 113//255 2784//475
f 2784//475 112//253 2757//476
f 2757//476 325//251 2758//477
f 2758//477 111//249 341//478
f 341//478 110//247 2787//479
f 2787//479 108//245 342//480
f 342//480 106//243 2760//481
f 2760//481 326//241 343//482
f 343//482 131//239 344//483
f 344//483 129//237 2791//484
f 2791//484 105//235 327//485
f 327//485 345//233 2762//486
f 2762//486 328//231 346//487
f 346//487 329//229 347//488
f 347//488 104//227 2763//489
f 348//491 349//219 350//492
f 350//492 334//217 333//493
f 333//493 335//215 2795//494
f 2795//494 101//213 351//495
f 351//495 100//211 2767//496
f 2767//496 124//209 2769//497
f 2769//497 336//207 2770//498
f 2770//498 337//205 352//499
f 352//499 338//203 2772//500
f 2772//500 97//201 2798//501
f 2798//501 339//199 2774//502
f 2774//502 96//197 2800//503
f 2800//503 95//195 2776//504
f 340//193 353//191 2802//506
f 2802//506 353//191 367//507
f 367//507 353//191 94//189
f 2803//508 94//189 354//187
f 2779//509 354//187 91//186
f 2780//510 91//186 355//184
f 2805//511 355//184 89//181
f 2807//512 89//181 356//179
f 368//513 356//179 357//177
f 358//514 357//177 87//175
f 85//174 358//514 87//175
f 85//174 2750//515 358//514
f 85//174 359//171 2750//515
f 2750//515 359//171 912//516
f 912//516 359//171 361//169
f 360//517 361//169 83//167
f 915//518 83//167 369//165
f 919//519 369//165 362//163
f 921//520 362//163 75//161
f 363//521 75//161 370//159
f 364//522 370//159 365//157
f 366//523 365//157 372//524
f 366//523 364//522 365//157
f 367//507 94//189 2803//508
f 2803//508 354//187 2779//509
f 2779//509 91//186 2780//510
f 2780//510 355//184 2805//511
f 2805//511 89//181 2807//512
f 2807//512 356//179 368//513
f 368//513 357//177 358//514
f 912//516 361//169 360//517
f 360//517 83//167 915//518
f 915//518 369//165 919//519
f 919//519 362//163 921//520
f 921//520 75//161 363//521
f 363//521 370//159 364//522
f 365//157 371//155 372//524
f 372//524 371//155 373//525
f 373//525 371//155 382//153
f 923//526 382//153 383//151
f 384//527 383//151 374//149
f 385//528 374//149 78//147
f 375//529 78//147 72//145
f 925//530 72//145 376//143
f 386//531 376//143 377//141
f 379//532 377//141 69//139
f 378//137 379//532 69//139
f 378//137 380//533 379//532
f 378//137 68//135 380//533
f 380//533 68//135 513//534
f 513//534 68//135 66//133
f 476//535 66//133 65//131
f 477//536 65//131 381//129
f 387//537 381//129 41//127
f 388//538 41//127 389//125
f 480//539 389//125 390//123
f 482//540 390//123 40//121
f 483//541 40//121 484//542
f 483//541 482//540 40//121
f 373//525 382//153 923//526
f 923//526 383//151 384//527
f 384//527 374//149 385//528
f 385//528 78//147 375//529
f 375//529 72//145 925//530
f 925//530 376//143 386//531
f 386//531 377//141 379//532
f 513//534 66//133 476//535
f 476//535 65//131 477//536
f 477//536 381//129 387//537
f 387//537 41//127 388//538
f 388//538 389//125 480//539
f 480//539 390//123 482//540
f 40//121 391//119 484//542
f 484//542 391//119 485//543
f 485//543 391//119 63//117
f 392//544 63//117 62//115
f 393//545 62//115 400//113
f 486//546 400//113 394//111
f 487//547 394//111 60//109
f 401//548 60//109 402//107
f 489//549 402//107 395//105
f 396//550 395//105 397//103
f 403//551 397//103 37//101
f 492//552 37//101 404//99
f 398//553 404//99 405//97
f 399//554 405//97 59//95
f 406//555 59//95 36//93
f 494//556 36//93 35//91
f 294//445 494//556 35//91
f 485//543 63//117 392//544
f 392//544 62//115 393//545
f 393//545 400//113 486//546
f 486//546 394//111 487//547
f 487//547 60//109 401//548
f 401//548 402//107 489//549
f 489//549 395//105 396//550
f 396//550 397//103 403//551
f 403//551 37//101 492//552
f 492//552 404//99 398//553
f 398//553 405//97 399//554
f 399//554 59//95 406//555
f 406//555 36//93 494//556
f 407//87 291//85 292//444
f 291//85 408//83 290//443
f 408//83 53//81 289//442
f 53//81 287//79 288//441
f 287//79 409//77 520//440
f 409//77 52//75 410//439
f 52//75 51//73 521//438
f 51//73 411//71 286//437
f 411//71 33//69 285//436
f 33//69 32//67 284//435
f 32//67 31//65 412//434
f 31//65 283//63 498//433
f 283//63 413//61 282//432
f 413//61 281//59 414//431
f 26//55 415//53 503//427
f 415//53 416//51 504//426
f 416//51 417//49 524//425
f 417//49 418//48 507//424
f 418//48 25//46 278//423
f 25//46 419//43 277//422
f 419//43 23//41 420//421
f 295//446 273//418 11//33
f 11//33 273//418 21//36
f 169//324 170//325 777//557
f 777//557 170//325 421//558
f 421//558 170//325 179//326
f 911//559 179//326 444//327
f 422//560 444//327 445//328
f 446//561 445//328 447//329
f 448//562 447//329 423//330
f 907//563 423//330 180//331
f 449//564 180//331 177//332
f 450//565 177//332 176//333
f 424//566 176//333 451//334
f 452//567 451//334 425//335
f 453//568 425//335 426//336
f 905//569 426//336 198//337
f 886//570 198//337 427//338
f 454//571 427//338 181//339
f 428//572 181//339 199//340
f 902//573 199//340 429//341
f 900//574 429//341 182//342
f 430//575 182//342 201//343
f 455//576 201//343 431//344
f 456//577 431//344 202//345
f 899//578 202//345 432//346
f 882//579 432//346 204//347
f 881//580 204//347 457//348
f 896//581 457//348 206//349
f 458//582 206//349 185//350
f 433//583 185//350 434//351
f 895//584 434//351 435//352
f 894//585 435//352 459//353
f 460//586 459//353 187//354
f 892//587 187//354 190//355
f 461//588 190//355 191//356
f 462//589 191//356 208//357
f 463//590 208//357 436//358
f 437//591 436//358 438//359
f 891//592 438//359 193//360
f 890//593 193//360 210//361
f 464//594 210//361 465//362
f 439//595 465//362 196//363
f 466//596 196//363 467//364
f 867//597 467//364 440//365
f 868//598 440//365 197//366
f 872//599 197//366 468//367
f 469//600 468//367 470//368
f 471//601 470//368 441//369
f 472//602 441//369 225//370
f 870//603 225//370 443//371
f 442//604 443//371 869//605
f 442//604 870//603 443//371
f 421//558 179//326 911//559
f 911//559 444//327 422//560
f 422//560 445//328 446//561
f 446//561 447//329 448//562
f 448//562 423//330 907//563
f 907//563 180//331 449//564
f 449//564 177//332 450//565
f 450//565 176//333 424//566
f 424//566 451//334 452//567
f 452//567 425//335 453//568
f 453//568 426//336 905//569
f 905//569 198//337 886//570
f 886//570 427//338 454//571
f 454//571 181//339 428//572
f 428//572 199//340 902//573
f 902//573 429//341 900//574
f 900//574 182//342 430//575
f 430//575 201//343 455//576
f 455//576 431//344 456//577
f 456//577 202//345 899//578
f 899//578 432//346 882//579
f 882//579 204//347 881//580
f 881//580 457//348 896//581
f 896//581 206//349 458//582
f 458//582 185//350 433//583
f 433//583 434//351 895//584
f 895//584 435//352 894//585
f 894//585 459//353 460//586
f 460//586 187//354 892//587
f 892//587 190//355 461//588
f 461//588 191//356 462//589
f 462//589 208//357 463//590
f 463//590 436//358 437//591
f 437//591 438//359 891//592
f 891//592 193//360 890//593
f 890//593 210//361 464//594
f 464//594 465//362 439//595
f 439//595 196//363 466//596
f 466//596 467//364 867//597
f 867//597 440//365 868//598
f 868//598 197//366 872//599
f 872//599 468//367 469//600
f 469//600 470//368 471//601
f 471//601 441//369 472//602
f 472//602 225//370 870//603
f 443//371 473//372 869//605
f 869//605 473//372 474//606
f 474//606 473//372 216//373
f 475//607 216//373 218//374
f 863//608 218//374 219//375
f 863//608 475//607 218//374
f 474//606 216//373 475//607
f 2859//609 379//532 512//610
f 512//610 379//532 380//533
f 2858//373 380//533 513//534
f 2856//611 513//534 476//535
f 2855//371 476//535 477//536
f 387//537 2855//371 477//536
f 387//537 478//612 2855//371
f 387//537 388//538 478//612
f 478//612 388//538 479//613
f 479//613 388//538 480//539
f 481//614 480//539 482//540
f 514//615 482//540 483//541
f 2853//616 483//541 484//542
f 2850//617 484//542 485//543
f 2849//618 485//543 392//544
f 515//363 392//544 393//545
f 2851//362 393//545 486//546
f 2847//361 486//546 487//547
f 2846//619 487//547 401//548
f 488//620 401//548 489//549
f 490//621 489//549 396//550
f 2840//622 396//550 403//551
f 491//356 403//551 492//552
f 516//355 492//552 398//553
f 517//354 398//553 399//554
f 493//623 399//554 406//555
f 518//624 406//555 494//556
f 519//625 494//556 294//445
f 2821//626 294//445 292//444
f 495//349 292//444 290//443
f 2820//627 290//443 289//442
f 2818//628 289//442 288//441
f 2817//629 288//441 520//440
f 2814//345 520//440 410//439
f 2815//630 410//439 521//438
f 2813//343 521//438 286//437
f 2811//342 286//437 285//436
f 522//341 285//436 284//435
f 2809//340 284//435 412//434
f 496//339 412//434 498//433
f 497//338 498//433 282//432
f 2837//631 282//432 414//431
f 499//336 414//431 280//430
f 523//632 280//430 279//429
f 500//633 279//429 501//428
f 502//333 501//428 503//427
f 2835//634 503//427 504//426
f 505//331 504//426 524//425
f 2833//635 524//425 507//424
f 506//636 507//424 278//423
f 508//637 278//423 277//422
f 509//327 277//422 420//421
f 525//326 420//421 510//420
f 2832//638 510//420 276//419
f 511//639 2832//638 276//419
f 512//610 380//533 2858//373
f 2858//373 513//534 2856//611
f 2856//611 476//535 2855//371
f 479//613 480//539 481//614
f 481//614 482//540 514//615
f 514//615 483//541 2853//616
f 2853//616 484//542 2850//617
f 2850//617 485//543 2849//618
f 2849//618 392//544 515//363
f 515//363 393//545 2851//362
f 2851//362 486//546 2847//361
f 2847//361 487//547 2846//619
f 2846//619 401//548 488//620
f 488//620 489//549 490//621
f 490//621 396//550 2840//622
f 2840//622 403//551 491//356
f 491//356 492//552 516//355
f 516//355 398//553 517//354
f 517//354 399//554 493//623
f 493//623 406//555 518//624
f 518//624 494//556 519//625
f 519//625 294//445 2821//626
f 2821//626 292//444 495//349
f 495//349 290//443 2820//627
f 2820//627 289//442 2818//628
f 2818//628 288//441 2817//629
f 2817//629 520//440 2814//345
f 2814//345 410//439 2815//630
f 2815//630 521//438 2813//343
f 2813//343 286//437 2811//342
f 2811//342 285//436 522//341
f 522//341 284//435 2809//340
f 2809//340 412//434 496//339
f 496//339 498//433 497//338
f 497//338 282//432 2837//631
f 2837//631 414//431 499//336
f 499//336 280//430 523//632
f 523//632 279//429 500//633
f 500//633 501//428 502//333
f 502//333 503//427 2835//634
f 2835//634 504//426 505//331
f 505//331 524//425 2833//635
f 2833//635 507//424 506//636
f 506//636 278//423 508//637
f 508//637 277//422 509//327
f 509//327 420//421 525//326
f 525//326 510//420 2832//638
f 221//376 844//640 219//375
f 219//375 844//640 863//608
f 221//376 526//377 844//640
f 844//640 526//377 857//641
f 857//641 526//377 222//378
f 846//642 222//378 527//379
f 847//643 527//379 226//380
f 848//644 226//380 528//381
f 530//645 528//381 529//382
f 849//646 529//382 227//383
f 850//647 227//383 851//648
f 850//647 849//646 227//383
f 857//641 222//378 846//642
f 846//642 527//379 847//643
f 847//643 226//380 848//644
f 848//644 528//381 530//645
f 530//645 529//382 849//646
f 227//383 531//384 851//648
f 851//648 531//384 532//385
f 852//649 532//385 538//386
f 539//650 538//386 240//387
f 533//651 240//387 534//388
f 540//652 534//388 535//389
f 854//653 535//389 536//390
f 541//654 536//390 537//391
f 855//655 537//391 242//392
f 856//656 855//655 242//392
f 851//648 532//385 852//649
f 852//649 538//386 539//650
f 539//650 240//387 533//651
f 533//651 534//388 540//652
f 540//652 535//389 854//653
f 854//653 536//390 541//654
f 541//654 537//391 855//655
f 169//324 777//557 542//323
f 542//323 777//557 779//657
f 273//418 2830//658 276//419
f 276//419 2830//658 511//639
f 232//393 839//659 242//392
f 242//392 839//659 856//656
f 635//279 544//307 794//660
f 794//660 544//307 543//661
f 543//661 544//307 557//308
f 780//662 557//308 558//309
f 781//663 558//309 545//310
f 783//664 545//310 546//311
f 784//665 546//311 548//312
f 547//666 548//312 163//313
f 785//667 163//313 162//314
f 549//668 162//314 550//315
f 559//669 550//315 164//316
f 786//670 164//316 552//317
f 551//671 552//317 553//318
f 560//672 553//318 554//319
f 561//673 554//319 555//320
f 562//674 555//320 563//321
f 792//675 563//321 556//322
f 787//676 556//322 542//323
f 779//657 787//676 542//323
f 543//661 557//308 780//662
f 780//662 558//309 781//663
f 781//663 545//310 783//664
f 783//664 546//311 784//665
f 784//665 548//312 547//666
f 547//666 163//313 785//667
f 785//667 162//314 549//668
f 549//668 550//315 559//669
f 559//669 164//316 786//670
f 786//670 552//317 551//671
f 551//671 553//318 560//672
f 560//672 554//319 561//673
f 561//673 555//320 562//674
f 562//674 563//321 792//675
f 792//675 556//322 787//676
f 273//418 295//446 2830//658
f 2830//658 295//446 2940//322
f 2940//322 295//446 296//447
f 2939//321 296//447 571//448
f 572//677 571//448 302//449
f 573//319 302//449 303//450
f 2938//678 303//450 298//451
f 574//679 298//451 575//452
f 576//316 575//452 564//453
f 577//680 564//453 301//454
f 565//681 301//454 304//455
f 578//682 304//455 579//456
f 566//683 579//456 317//457
f 2935//311 317//457 318//458
f 567//684 318//458 580//459
f 568//309 580//459 319//460
f 569//308 319//460 581//461
f 570//307 581//461 321//462
f 2876//685 570//307 321//462
f 2940//322 296//447 2939//321
f 2939//321 571//448 572//677
f 572//677 302//449 573//319
f 573//319 303//450 2938//678
f 2938//678 298//451 574//679
f 574//679 575//452 576//316
f 576//316 564//453 577//680
f 577//680 301//454 565//681
f 565//681 304//455 578//682
f 578//682 579//456 566//683
f 566//683 317//457 2935//311
f 2935//311 318//458 567//684
f 567//684 580//459 568//309
f 568//309 319//460 569//308
f 569//308 581//461 570//307
f 232//393 233//394 839//659
f 839//659 233//394 606//686
f 606//686 233//394 243//395
f 582//687 243//395 583//396
f 607//688 583//396 245//397
f 608//689 245//397 236//398
f 836//690 236//398 246//399
f 609//691 246//399 237//400
f 610//692 237//400 247//401
f 835//693 247//401 239//402
f 834//694 239//402 611//403
f 584//695 611//403 257//404
f 823//696 257//404 250//405
f 832//697 250//405 585//406
f 821//698 585//406 251//407
f 830//699 251//407 612//408
f 829//700 612//408 258//409
f 613//701 258//409 586//410
f 614//702 586//410 587//411
f 817//703 587//411 259//412
f 828//704 259//412 615//413
f 815//705 615//413 255//414
f 588//706 255//414 616//415
f 827//707 616//415 260//416
f 589//708 260//416 590//417
f 617//709 590//417 159//306
f 591//710 159//306 158//305
f 826//711 158//305 157//304
f 811//712 157//304 156//303
f 592//713 156//303 264//302
f 593//714 264//302 265//301
f 618//715 265//301 594//300
f 619//716 594//300 595//299
f 809//717 595//299 596//298
f 620//718 596//298 154//297
f 806//719 154//297 268//296
f 805//720 268//296 269//295
f 621//721 269//295 153//294
f 597//722 153//294 622//293
f 598//723 622//293 623//292
f 802//724 623//292 152//291
f 624//725 152//291 151//290
f 799//726 151//290 625//289
f 599//727 625//289 601//288
f 600//728 601//288 603//287
f 602//729 603//287 626//286
f 627//730 626//286 148//285
f 628//731 148//285 605//284
f 604//732 605//284 630//733
f 604//732 628//731 605//284
f 606//686 243//395 582//687
f 582//687 583//396 607//688
f 607//688 245//397 608//689
f 608//689 236//398 836//690
f 836//690 246//399 609//691
f 609//691 237//400 610//692
f 610//692 247//401 835//693
f 835//693 239//402 834//694
f 834//694 611//403 584//695
f 584//695 257//404 823//696
f 823//696 250//405 832//697
f 832//697 585//406 821//698
f 821//698 251//407 830//699
f 830//699 612//408 829//700
f 829//700 258//409 613//701
f 613//701 586//410 614//702
f 614//702 587//411 817//703
f 817//703 259//412 828//704
f 828//704 615//413 815//705
f 815//705 255//414 588//706
f 588//706 616//415 827//707
f 827//707 260//416 589//708
f 589//708 590//417 617//709
f 617//709 159//306 591//710
f 591//710 158//305 826//711
f 826//711 157//304 811//712
f 811//712 156//303 592//713
f 592//713 264//302 593//714
f 593//714 265//301 618//715
f 618//715 594//300 619//716
f 619//716 595//299 809//717
f 809//717 596//298 620//718
f 620//718 154//297 806//719
f 806//719 268//296 805//720
f 805//720 269//295 621//721
f 621//721 153//294 597//722
f 597//722 622//293 598//723
f 598//723 623//292 802//724
f 802//724 152//291 624//725
f 624//725 151//290 799//726
f 799//726 625//289 599//727
f 599//727 601//288 600//728
f 600//728 603//287 602//729
f 602//729 626//286 627//730
f 627//730 148//285 628//731
f 605//284 629//283 630//733
f 630//733 629//283 631//734
f 631//734 629//283 632//282
f 796//735 632//282 633//281
f 634//736 633//281 145//280
f 634//736 796//735 633//281
f 631//734 632//282 796//735
f 635//279 794//660 145//280
f 145//280 794//660 634//736
f 636//737 637//738 638//739
f 636//737 2810//740 637//738
f 636//737 639//741 2810//740
f 2810//740 639//741 2812//742
f 2812//742 639//741 652//743
f 640//744 652//743 671//745
f 2816//746 671//745 642//747
f 641//748 642//747 643//749
f 2829//750 643//749 653//751
f 2825//752 653//751 672//753
f 644//754 672//753 670//755
f 2827//756 670//755 654//757
f 655//758 654//757 646//759
f 645//760 646//759 656//761
f 657//762 656//761 658//763
f 659//764 658//763 660//765
f 661//766 660//765 662//767
f 663//768 662//767 669//769
f 2831//770 669//769 647//771
f 664//772 647//771 648//773
f 649//774 648//773 668//775
f 2834//776 668//775 650//777
f 2836//778 650//777 667//779
f 665//780 667//779 651//781
f 2838//782 651//781 666//783
f 2839//784 666//783 638//739
f 637//738 2839//784 638//739
f 2812//742 652//743 640//744
f 640//744 671//745 2816//746
f 2816//746 642//747 641//748
f 641//748 643//749 2829//750
f 2829//750 653//751 2825//752
f 2825//752 672//753 644//754
f 644//754 670//755 2827//756
f 2827//756 654//757 655//758
f 655//758 646//759 645//760
f 645//760 656//761 657//762
f 657//762 658//763 659//764
f 659//764 660//765 661//766
f 661//766 662//767 663//768
f 663//768 669//769 2831//770
f 2831//770 647//771 664//772
f 664//772 648//773 649//774
f 649//774 668//775 2834//776
f 2834//776 650//777 2836//778
f 2836//778 667//779 665//780
f 665//780 651//781 2838//782
f 2838//782 666//783 2839//784
f 666//783 658//763 638//739
f 666//783 660//765 658//763
f 666//783 651//781 660//765
f 660//765 651//781 662//767
f 662//767 651//781 667//779
f 669//769 667//779 650//777
f 647//771 650//777 668//775
f 648//773 647//771 668//775
f 662//767 667//779 669//769
f 669//769 650//777 647//771
f 658//763 656//761 638//739
f 638//739 656//761 636//737
f 636//737 656//761 646//759
f 639//741 646//759 654//757
f 652//743 654//757 670//755
f 671//745 670//755 672//753
f 642//747 672//753 653//751
f 643//749 642//747 653//751
f 636//737 646//759 639//741
f 639//741 654//757 652//743
f 652//743 670//755 671//745
f 671//745 672//753 642//747
f 703//737 2947//738 673//739
f 703//737 2842//785 2947//738
f 703//737 674//741 2842//785
f 2842//785 674//741 2843//742
f 2843//742 674//741 705//743
f 2844//786 705//743 701//745
f 2845//787 701//745 706//747
f 2848//788 706//747 676//749
f 675//750 676//749 702//751
f 686//789 702//751 687//753
f 2852//790 687//753 677//755
f 2854//756 677//755 704//757
f 2857//758 704//757 688//759
f 2860//791 688//759 679//761
f 678//762 679//761 695//763
f 2861//764 695//763 689//765
f 690//766 689//765 696//767
f 2869//792 696//767 700//769
f 680//793 700//769 699//771
f 2841//794 699//771 681//773
f 2870//774 681//773 683//775
f 682//795 683//775 698//777
f 691//796 698//777 697//779
f 692//797 697//779 693//781
f 684//782 693//781 694//783
f 685//798 694//783 673//739
f 2947//738 685//798 673//739
f 2843//742 705//743 2844//786
f 2844//786 701//745 2845//787
f 2845//787 706//747 2848//788
f 2848//788 676//749 675//750
f 675//750 702//751 686//789
f 686//789 687//753 2852//790
f 2852//790 677//755 2854//756
f 2854//756 704//757 2857//758
f 2857//758 688//759 2860//791
f 2860//791 679//761 678//762
f 678//762 695//763 2861//764
f 2861//764 689//765 690//766
f 690//766 696//767 2869//792
f 2869//792 700//769 680//793
f 680//793 699//771 2841//794
f 2841//794 681//773 2870//774
f 2870//774 683//775 682//795
f 682//795 698//777 691//796
f 691//796 697//779 692//797
f 692//797 693//781 684//782
f 684//782 694//783 685//798
f 694//783 695//763 673//739
f 694//783 689//765 695//763
f 694//783 693//781 689//765
f 689//765 693//781 696//767
f 696//767 693//781 697//779
f 700//769 697//779 698//777
f 699//771 698//777 683//775
f 681//773 699//771 683//775
f 696//767 697//779 700//769
f 700//769 698//777 699//771
f 695//763 679//761 673//739
f 673//739 679//761 703//737
f 703//737 679//761 688//759
f 674//741 688//759 704//757
f 705//743 704//757 677//755
f 701//745 677//755 687//753
f 706//747 687//753 702//751
f 676//749 706//747 702//751
f 703//737 688//759 674//741
f 674//741 704//757 705//743
f 705//743 677//755 701//745
f 701//745 687//753 706//747
f 707//737 2871//799 708//739
f 707//737 2872//800 2871//799
f 707//737 709//741 2872//800
f 2872//800 709//741 2873//801
f 2873//801 709//741 742//743
f 710//802 742//743 738//745
f 2882//746 738//745 740//747
f 2895//748 740//747 712//749
f 711//750 712//749 741//751
f 722//752 741//751 723//753
f 2897//754 723//753 739//755
f 2898//803 739//755 713//757
f 724//758 713//757 725//759
f 2900//804 725//759 737//761
f 2901//805 737//761 714//763
f 2902//806 714//763 732//765
f 715//766 732//765 726//767
f 716//807 726//767 736//769
f 717//770 736//769 727//771
f 718//772 727//771 728//773
f 2906//774 728//773 719//775
f 729//776 719//775 735//777
f 730//778 735//777 734//779
f 731//780 734//779 733//781
f 2908//782 733//781 720//783
f 721//784 720//783 708//739
f 2871//799 721//784 708//739
f 2873//801 742//743 710//802
f 710//802 738//745 2882//746
f 2882//746 740//747 2895//748
f 2895//748 712//749 711//750
f 711//750 741//751 722//752
f 722//752 723//753 2897//754
f 2897//754 739//755 2898//803
f 2898//803 713//757 724//758
f 724//758 725//759 2900//804
f 2900//804 737//761 2901//805
f 2901//805 714//763 2902//806
f 2902//806 732//765 715//766
f 715//766 726//767 716//807
f 716//807 736//769 717//770
f 717//770 727//771 718//772
f 718//772 728//773 2906//774
f 2906//774 719//775 729//776
f 729//776 735//777 730//778
f 730//778 734//779 731//780
f 731//780 733//781 2908//782
f 2908//782 720//783 721//784
f 720//783 714//763 708//739
f 720//783 732//765 714//763
f 720//783 733//781 732//765
f 732//765 733//781 726//767
f 726//767 733//781 734//779
f 736//769 734//779 735//777
f 727//771 735//777 719//775
f 728//773 727//771 719//775
f 726//767 734//779 736//769
f 736//769 735//777 727//771
f 714//763 737//761 708//739
f 708//739 737//761 707//737
f 707//737 737//761 725//759
f 709//741 725//759 713//757
f 742//743 713//757 739//755
f 738//745 739//755 723//753
f 740//747 723//753 741//751
f 712//749 740//747 741//751
f 707//737 725//759 709//741
f 709//741 713//757 742//743
f 742//743 739//755 738//745
f 738//745 723//753 740//747
f 743//737 744//799 768//739
f 743//737 2912//785 744//799
f 743//737 774//741 2912//785
f 2912//785 774//741 2894//742
f 2894//742 774//741 775//743
f 755//808 775//743 776//745
f 756//787 776//745 745//747
f 2913//788 745//747 757//749
f 2914//750 757//749 758//751
f 2915//789 758//751 759//753
f 2916//790 759//753 746//755
f 760//756 746//755 761//757
f 762//758 761//757 763//759
f 2918//791 763//759 773//761
f 2888//805 773//761 772//763
f 747//809 772//763 748//765
f 2920//766 748//765 769//767
f 764//792 769//767 749//769
f 2887//810 749//769 771//771
f 2921//794 771//771 765//773
f 2924//774 765//773 750//775
f 766//795 750//775 770//777
f 751//796 770//777 767//779
f 2927//811 767//779 752//781
f 2925//782 752//781 753//783
f 754//812 753//783 768//739
f 744//799 754//812 768//739
f 2894//742 775//743 755//808
f 755//808 776//745 756//787
f 756//787 745//747 2913//788
f 2913//788 757//749 2914//750
f 2914//750 758//751 2915//789
f 2915//789 759//753 2916//790
f 2916//790 746//755 760//756
f 760//756 761//757 762//758
f 762//758 763//759 2918//791
f 2918//791 773//761 2888//805
f 2888//805 772//763 747//809
f 747//809 748//765 2920//766
f 2920//766 769//767 764//792
f 764//792 749//769 2887//810
f 2887//810 771//771 2921//794
f 2921//794 765//773 2924//774
f 2924//774 750//775 766//795
f 766//795 770//777 751//796
f 751//796 767//779 2927//811
f 2927//811 752//781 2925//782
f 2925//782 753//783 754//812
f 753//783 772//763 768//739
f 753//783 748//765 772//763
f 753//783 752//781 748//765
f 748//765 752//781 769//767
f 769//767 752//781 767//779
f 749//769 767//779 770//777
f 771//771 770//777 750//775
f 765//773 771//771 750//775
f 769//767 767//779 749//769
f 749//769 770//777 771//771
f 772//763 773//761 768//739
f 768//739 773//761 743//737
f 743//737 773//761 763//759
f 774//741 763//759 761//757
f 775//743 761//757 746//755
f 776//745 746//755 759//753
f 745//747 759//753 758//751
f 757//749 745//747 758//751
f 743//737 763//759 774//741
f 774//741 761//757 775//743
f 775//743 746//755 776//745
f 776//745 759//753 745//747
f 777//557 778//813 779//657
f 779//657 778//813 981//814
f 1049//815 794//660 788//816
f 788//816 794//660 543//661
f 1045//817 543//661 780//662
f 1044//818 780//662 781//663
f 782//819 781//663 783//664
f 789//820 783//664 784//665
f 1041//821 784//665 547//666
f 1039//822 547//666 785//667
f 790//823 785//667 549//668
f 559//669 790//823 549//668
f 559//669 1038//824 790//823
f 559//669 786//670 1038//824
f 1038//824 786//670 1037//825
f 1037//825 786//670 551//671
f 791//826 551//671 560//672
f 985//827 560//672 561//673
f 1035//828 561//673 562//674
f 984//829 562//674 792//675
f 793//830 792//675 787//676
f 1033//831 787//676 779//657
f 981//814 1033//831 779//657
f 788//816 543//661 1045//817
f 1045//817 780//662 1044//818
f 1044//818 781//663 782//819
f 782//819 783//664 789//820
f 789//820 784//665 1041//821
f 1041//821 547//666 1039//822
f 1039//822 785//667 790//823
f 1037//825 551//671 791//826
f 791//826 560//672 985//827
f 985//827 561//673 1035//828
f 1035//828 562//674 984//829
f 984//829 792//675 793//830
f 793//830 787//676 1033//831
f 634//736 794//660 1051//832
f 1051//832 794//660 1049//815
f 1051//832 795//833 634//736
f 634//736 795//833 796//735
f 796//735 795//833 1052//834
f 631//734 1052//834 797//835
f 630//733 797//835 1066//836
f 604//732 1066//836 1069//837
f 628//731 1069//837 1068//838
f 627//730 1068//838 798//839
f 602//729 798//839 1070//840
f 600//728 1070//840 800//841
f 599//727 800//841 1072//842
f 799//726 1072//842 624//725
f 799//726 599//727 1072//842
f 796//735 1052//834 631//734
f 631//734 797//835 630//733
f 630//733 1066//836 604//732
f 604//732 1069//837 628//731
f 628//731 1068//838 627//730
f 627//730 798//839 602//729
f 602//729 1070//840 600//728
f 600//728 800//841 599//727
f 1072//842 801//843 624//725
f 624//725 801//843 802//724
f 802//724 801//843 803//844
f 598//723 803//844 1081//845
f 597//722 1081//845 804//846
f 621//721 804//846 1082//847
f 805//720 1082//847 807//848
f 806//719 807//848 1083//849
f 620//718 1083//849 808//850
f 809//717 808//850 1076//851
f 619//716 1076//851 810//852
f 618//715 810//852 825//853
f 593//714 825//853 1085//854
f 592//713 1085//854 1086//855
f 811//712 1086//855 1087//856
f 826//711 1087//856 1022//857
f 591//710 1022//857 812//858
f 617//709 812//858 813//859
f 589//708 813//859 814//860
f 827//707 814//860 1021//861
f 588//706 1021//861 1020//862
f 815//705 1020//862 816//863
f 828//704 816//863 818//864
f 817//703 818//864 1018//865
f 614//702 1018//865 819//866
f 613//701 819//866 820//867
f 829//700 820//867 1063//868
f 830//699 1063//868 822//869
f 821//698 822//869 831//870
f 832//697 831//870 1017//871
f 823//696 1017//871 824//872
f 584//695 824//872 834//694
f 584//695 823//696 824//872
f 802//724 803//844 598//723
f 598//723 1081//845 597//722
f 597//722 804//846 621//721
f 621//721 1082//847 805//720
f 805//720 807//848 806//719
f 806//719 1083//849 620//718
f 620//718 808//850 809//717
f 809//717 1076//851 619//716
f 619//716 810//852 618//715
f 618//715 825//853 593//714
f 593//714 1085//854 592//713
f 592//713 1086//855 811//712
f 811//712 1087//856 826//711
f 826//711 1022//857 591//710
f 591//710 812//858 617//709
f 617//709 813//859 589//708
f 589//708 814//860 827//707
f 827//707 1021//861 588//706
f 588//706 1020//862 815//705
f 815//705 816//863 828//704
f 828//704 818//864 817//703
f 817//703 1018//865 614//702
f 614//702 819//866 613//701
f 613//701 820//867 829//700
f 829//700 1063//868 830//699
f 830//699 822//869 821//698
f 821//698 831//870 832//697
f 832//697 1017//871 823//696
f 824//872 833//873 834//694
f 834//694 833//873 835//693
f 835//693 833//873 1015//874
f 610//692 1015//874 1013//875
f 609//691 1013//875 841//876
f 836//690 841//876 1012//877
f 608//689 1012//877 837//878
f 607//688 837//878 1010//879
f 582//687 1010//879 842//880
f 606//686 842//880 838//881
f 839//659 838//881 840//882
f 839//659 606//686 838//881
f 835//693 1015//874 610//692
f 610//692 1013//875 609//691
f 609//691 841//876 836//690
f 836//690 1012//877 608//689
f 608//689 837//878 607//688
f 607//688 1010//879 582//687
f 582//687 842//880 606//686
f 856//656 839//659 843//883
f 843//883 839//659 840//882
f 1031//884 844//640 1028//885
f 1028//885 844//640 857//641
f 845//886 857//641 846//642
f 1029//887 846//642 847//643
f 1030//888 847//643 848//644
f 858//889 848//644 530//645
f 859//890 530//645 849//646
f 860//891 849//646 850//647
f 1026//892 850//647 851//648
f 852//649 1026//892 851//648
f 852//649 1025//893 1026//892
f 852//649 539//650 1025//893
f 1025//893 539//650 853//894
f 853//894 539//650 533//651
f 1006//895 533//651 540//652
f 861//896 540//652 854//653
f 862//897 854//653 541//654
f 1004//898 541//654 855//655
f 1003//899 855//655 856//656
f 843//883 1003//899 856//656
f 1028//885 857//641 845//886
f 845//886 846//642 1029//887
f 1029//887 847//643 1030//888
f 1030//888 848//644 858//889
f 858//889 530//645 859//890
f 859//890 849//646 860//891
f 860//891 850//647 1026//892
f 853//894 533//651 1006//895
f 1006//895 540//652 861//896
f 861//896 854//653 862//897
f 862//897 541//654 1004//898
f 1004//898 855//655 1003//899
f 844//640 1031//884 863//608
f 863//608 1031//884 935//900
f 935//900 940//901 863//608
f 863//608 940//901 475//607
f 475//607 940//901 864//902
f 474//606 864//902 865//903
f 869//605 865//903 939//904
f 442//604 939//904 866//905
f 870//603 866//905 871//906
f 472//602 871//906 942//907
f 471//601 942//907 943//908
f 469//600 943//908 944//909
f 872//599 944//909 947//910
f 868//598 947//910 867//597
f 868//598 872//599 947//910
f 475//607 864//902 474//606
f 474//606 865//903 869//605
f 869//605 939//904 442//604
f 442//604 866//905 870//603
f 870//603 871//906 472//602
f 472//602 942//907 471//601
f 471//601 943//908 469//600
f 469//600 944//909 872//599
f 947//910 873//911 867//597
f 867//597 873//911 466//596
f 466//596 873//911 874//912
f 439//595 874//912 888//913
f 464//594 888//913 889//914
f 890//593 889//914 950//915
f 891//592 950//915 875//916
f 437//591 875//916 876//917
f 463//590 876//917 877//918
f 462//589 877//918 878//919
f 461//588 878//919 879//920
f 892//587 879//920 963//921
f 460//586 963//921 893//922
f 894//585 893//922 880//923
f 895//584 880//923 965//924
f 433//583 965//924 956//925
f 458//582 956//925 966//926
f 896//581 966//926 897//927
f 881//580 897//927 898//928
f 882//579 898//928 883//929
f 899//578 883//929 884//930
f 456//577 884//930 968//931
f 455//576 968//931 885//932
f 430//575 885//932 960//933
f 900//574 960//933 901//934
f 902//573 901//934 903//935
f 428//572 903//935 904//936
f 454//571 904//936 961//937
f 886//570 961//937 972//938
f 905//569 972//938 973//939
f 453//568 973//939 887//940
f 452//567 887//940 424//566
f 452//567 453//568 887//940
f 466//596 874//912 439//595
f 439//595 888//913 464//594
f 464//594 889//914 890//593
f 890//593 950//915 891//592
f 891//592 875//916 437//591
f 437//591 876//917 463//590
f 463//590 877//918 462//589
f 462//589 878//919 461//588
f 461//588 879//920 892//587
f 892//587 963//921 460//586
f 460//586 893//922 894//585
f 894//585 880//923 895//584
f 895//584 965//924 433//583
f 433//583 956//925 458//582
f 458//582 966//926 896//581
f 896//581 897//927 881//580
f 881//580 898//928 882//579
f 882//579 883//929 899//578
f 899//578 884//930 456//577
f 456//577 968//931 455//576
f 455//576 885//932 430//575
f 430//575 960//933 900//574
f 900//574 901//934 902//573
f 902//573 903//935 428//572
f 428//572 904//936 454//571
f 454//571 961//937 886//570
f 886//570 972//938 905//569
f 905//569 973//939 453//568
f 887//940 975//941 424//566
f 424//566 975//941 450//565
f 450//565 975//941 908//942
f 449//564 908//942 906//943
f 907//563 906//943 977//944
f 448//562 977//944 976//945
f 446//561 976//945 909//946
f 422//560 909//946 910//947
f 911//559 910//947 987//948
f 421//558 987//948 988//949
f 777//557 988//949 778//813
f 777//557 421//558 988//949
f 450//565 908//942 449//564
f 449//564 906//943 907//563
f 907//563 977//944 448//562
f 448//562 976//945 446//561
f 446//561 909//946 422//560
f 422//560 910//947 911//559
f 911//559 987//948 421//558
f 2750//515 912//516 2910//950
f 2910//950 912//516 913//391
f 913//391 912//516 360//517
f 914//951 360//517 915//518
f 2931//389 915//518 919//519
f 920//952 919//519 921//520
f 2946//387 921//520 363//521
f 916//953 363//521 364//522
f 917//954 364//522 366//523
f 918//384 366//523 2930//955
f 918//384 917//954 366//523
f 913//391 360//517 914//951
f 914//951 915//518 2931//389
f 2931//389 919//519 920//952
f 920//952 921//520 2946//387
f 2946//387 363//521 916//953
f 916//953 364//522 917//954
f 366//523 372//524 2930//955
f 2930//955 372//524 373//525
f 2929//956 373//525 923//526
f 922//957 923//526 384//527
f 928//380 384//527 385//528
f 2868//958 385//528 375//529
f 924//378 375//529 925//530
f 927//377 925//530 386//531
f 926//959 927//377 386//531
f 2930//955 373//525 2929//956
f 2929//956 923//526 922//957
f 922//957 384//527 928//380
f 928//380 385//528 2868//958
f 2868//958 375//529 924//378
f 924//378 925//530 927//377
f 379//532 2859//609 386//531
f 386//531 2859//609 926//959
f 2618//960 2541//961 2647//962
f 2618//960 929//963 2541//961
f 2618//960 2617//964 929//963
f 929//963 2617//964 2539//965
f 2539//965 2617//964 2620//966
f 933//967 2620//966 2622//968
f 2509//969 2622//968 934//970
f 2507//971 934//970 2648//972
f 2505//973 2648//972 2649//974
f 932//975 2649//974 1031//884
f 930//976 1031//884 931//977
f 930//976 932//975 1031//884
f 2539//965 2620//966 933//967
f 933//967 2622//968 2509//969
f 2509//969 934//970 2507//971
f 2507//971 2648//972 2505//973
f 1031//884 2649//974 935//900
f 935//900 2649//974 2650//978
f 2651//979 935//900 2650//978
f 2651//979 2627//980 935//900
f 935//900 2627//980 940//901
f 940//901 2627//980 936//981
f 864//902 936//981 937//982
f 865//903 937//982 941//983
f 939//904 941//983 938//984
f 866//905 938//984 871//906
f 866//905 939//904 938//984
f 940//901 936//981 864//902
f 864//902 937//982 865//903
f 865//903 941//983 939//904
f 938//984 945//985 871//906
f 871//906 945//985 942//907
f 942//907 945//985 943//908
f 943//908 945//985 944//909
f 944//909 945//985 946//986
f 947//910 946//986 873//911
f 947//910 944//909 946//986
f 946//986 948//987 873//911
f 873//911 948//987 874//912
f 874//912 948//987 949//988
f 888//913 949//988 889//914
f 888//913 874//912 949//988
f 949//988 2654//989 889//914
f 889//914 2654//989 950//915
f 950//915 2654//989 962//990
f 875//916 962//990 951//991
f 876//917 951//991 2631//976
f 952//975 876//917 2631//976
f 952//975 877//918 876//917
f 952//975 953//973 877//918
f 877//918 953//973 878//919
f 878//919 953//973 2657//971
f 879//920 2657//971 2658//969
f 963//921 2658//969 954//967
f 893//922 954//967 955//965
f 880//923 955//965 964//963
f 965//924 964//963 2660//961
f 956//925 2660//961 2661//992
f 966//926 2661//992 967//993
f 897//927 967//993 2663//994
f 898//928 2663//994 2633//995
f 883//929 2633//995 957//996
f 884//930 957//996 2635//997
f 968//931 2635//997 969//998
f 885//932 969//998 970//999
f 960//933 970//999 958//1000
f 959//1001 960//933 958//1000
f 959//1001 901//934 960//933
f 959//1001 2664//1002 901//934
f 901//934 2664//1002 903//935
f 903//935 2664//1002 2638//1003
f 904//936 2638//1003 2639//1004
f 961//937 2639//1004 972//938
f 961//937 904//936 2639//1004
f 950//915 962//990 875//916
f 875//916 951//991 876//917
f 878//919 2657//971 879//920
f 879//920 2658//969 963//921
f 963//921 954//967 893//922
f 893//922 955//965 880//923
f 880//923 964//963 965//924
f 965//924 2660//961 956//925
f 956//925 2661//992 966//926
f 966//926 967//993 897//927
f 897//927 2663//994 898//928
f 898//928 2633//995 883//929
f 883//929 957//996 884//930
f 884//930 2635//997 968//931
f 968//931 969//998 885//932
f 885//932 970//999 960//933
f 903//935 2638//1003 904//936
f 2639//1004 971//1005 972//938
f 972//938 971//1005 973//939
f 973//939 971//1005 974//1006
f 887//940 974//1006 975//941
f 887//940 973//939 974//1006
f 974//1006 2666//1007 975//941
f 975//941 2666//1007 908//942
f 908//942 2666//1007 906//943
f 906//943 2666//1007 977//944
f 977//944 2666//1007 2668//1008
f 976//945 2668//1008 909//946
f 976//945 977//944 2668//1008
f 2668//1008 978//1009 909//946
f 909//946 978//1009 910//947
f 910//947 978//1009 2669//1010
f 987//948 2669//1010 2641//1011
f 988//949 2641//1011 989//1012
f 778//813 989//1012 2670//1013
f 979//1014 778//813 2670//1013
f 979//1014 981//814 778//813
f 979//1014 2671//1015 981//814
f 981//814 2671//1015 980//999
f 2546//1000 981//814 980//999
f 2546//1000 982//1001 981//814
f 981//814 982//1001 1033//831
f 1033//831 982//1001 983//1002
f 793//830 983//1002 1034//1003
f 984//829 1034//1003 2549//1016
f 1035//828 2549//1016 1036//1005
f 985//827 1036//1005 986//1017
f 791//826 986//1017 1037//825
f 791//826 985//827 986//1017
f 910//947 2669//1010 987//948
f 987//948 2641//1011 988//949
f 988//949 989//1012 778//813
f 980//999 2671//1015 990//998
f 990//998 2671//1015 994//1018
f 2545//997 994//1018 2644//1019
f 995//1020 2644//1019 2673//1021
f 2544//995 2673//1021 991//1022
f 2543//994 991//1022 992//1023
f 2542//993 992//1023 993//1024
f 2512//992 993//1024 2647//962
f 2541//961 2512//992 2647//962
f 990//998 994//1018 2545//997
f 2545//997 2644//1019 995//1020
f 995//1020 2673//1021 2544//995
f 2544//995 991//1022 2543//994
f 2543//994 992//1023 2542//993
f 2542//993 993//1024 2512//992
f 997//960 996//961 1057//962
f 997//960 2417//963 996//961
f 997//960 998//964 2417//963
f 2417//963 998//964 1007//965
f 1007//965 998//964 999//966
f 2416//967 999//966 2525//968
f 2377//969 2525//968 2527//970
f 1000//971 2527//970 1001//972
f 2375//973 1001//972 2528//1025
f 1008//1026 2528//1025 2529//1027
f 843//883 2529//1027 1002//979
f 2530//980 843//883 1002//979
f 2530//980 1003//899 843//883
f 2530//980 1005//981 1003//899
f 1003//899 1005//981 1004//898
f 1004//898 1005//981 2531//982
f 862//897 2531//982 1024//1028
f 861//896 1024//1028 1006//895
f 861//896 862//897 1024//1028
f 1007//965 999//966 2416//967
f 2416//967 2525//968 2377//969
f 2377//969 2527//970 1000//971
f 1000//971 1001//972 2375//973
f 2375//973 2528//1025 1008//1026
f 1008//1026 2529//1027 843//883
f 840//882 1008//1026 843//883
f 840//882 1009//976 1008//1026
f 840//882 2414//977 1009//976
f 840//882 2374//990 2414//977
f 840//882 838//881 2374//990
f 2374//990 838//881 1011//1029
f 1011//1029 838//881 842//880
f 1010//879 1011//1029 842//880
f 1010//879 2412//1030 1011//1029
f 1010//879 837//878 2412//1030
f 2412//1030 837//878 2372//987
f 2372//987 837//878 1012//877
f 2410//986 1012//877 841//876
f 1013//875 2410//986 841//876
f 1013//875 1014//985 2410//986
f 1013//875 1015//874 1014//985
f 1014//985 1015//874 833//873
f 824//872 1014//985 833//873
f 824//872 1016//1031 1014//985
f 824//872 1017//871 1016//1031
f 1016//1031 1017//871 831//870
f 1064//983 831//870 822//869
f 2409//982 822//869 1063//868
f 1062//981 1063//868 820//867
f 2408//980 820//867 819//866
f 2407//1032 819//866 1018//865
f 2405//1027 1018//865 818//864
f 2369//1025 818//864 816//863
f 1019//972 816//863 1020//862
f 2404//970 1020//862 1021//861
f 2402//968 1021//861 814//860
f 1061//966 814//860 813//859
f 1060//964 813//859 812//858
f 2401//960 812//858 1022//857
f 1023//1033 1022//857 1080//1024
f 1023//1033 2401//960 1022//857
f 1004//898 2531//982 862//897
f 1024//1028 2500//1034 1006//895
f 1006//895 2500//1034 853//894
f 853//894 2500//1034 2533//985
f 1025//893 2533//985 1026//892
f 1025//893 853//894 2533//985
f 1026//892 2533//985 860//891
f 860//891 2533//985 2503//986
f 859//890 2503//986 858//889
f 859//890 860//891 2503//986
f 2503//986 1027//987 858//889
f 858//889 1027//987 1030//888
f 1030//888 1027//987 2504//1030
f 1029//887 2504//1030 2536//1029
f 845//886 2536//1029 1028//885
f 845//886 1029//887 2536//1029
f 1030//888 2504//1030 1029//887
f 2536//1029 1032//990 1028//885
f 1028//885 1032//990 1031//884
f 1031//884 1032//990 931//977
f 932//975 2505//973 2649//974
f 1033//831 983//1002 793//830
f 793//830 1034//1003 984//829
f 984//829 2549//1016 1035//828
f 1035//828 1036//1005 985//827
f 1037//825 986//1017 1038//824
f 1038//824 986//1017 1040//1007
f 790//823 1040//1007 1039//822
f 790//823 1038//824 1040//1007
f 1039//822 1040//1007 1041//821
f 1041//821 1040//1007 1042//1035
f 789//820 1042//1035 1043//1036
f 782//819 1043//1036 1044//818
f 782//819 789//820 1043//1036
f 1041//821 1042//1035 789//820
f 1043//1036 1046//1010 1044//818
f 1044//818 1046//1010 1045//817
f 1045//817 1046//1010 1053//1011
f 788//816 1053//1011 1054//1012
f 1049//815 1054//1012 1047//1037
f 1048//1038 1049//815 1047//1037
f 1048//1038 2520//1039 1049//815
f 1049//815 2520//1039 1051//832
f 1051//832 2520//1039 2424//999
f 2425//1000 1051//832 2424//999
f 2425//1000 1050//1040 1051//832
f 1051//832 1050//1040 1065//1002
f 795//833 1065//1002 2390//1041
f 1052//834 2390//1041 797//835
f 1052//834 795//833 2390//1041
f 1045//817 1053//1011 788//816
f 788//816 1054//1012 1049//815
f 2424//999 2520//1039 2423//998
f 2423//998 2520//1039 2557//1018
f 2422//997 2557//1018 1058//1019
f 1059//1020 1058//1019 1055//1021
f 2383//995 1055//1021 2558//1022
f 2420//994 2558//1022 2523//1023
f 2419//993 2523//1023 2559//1024
f 1056//992 2559//1024 1057//962
f 996//961 1056//992 1057//962
f 2423//998 2557//1018 2422//997
f 2422//997 1058//1019 1059//1020
f 1059//1020 1055//1021 2383//995
f 2383//995 2558//1022 2420//994
f 2420//994 2523//1023 2419//993
f 2419//993 2559//1024 1056//992
f 2401//960 1060//964 812//858
f 1060//964 1061//966 813//859
f 1061//966 2402//968 814//860
f 2402//968 2404//970 1021//861
f 2404//970 1019//972 1020//862
f 1019//972 2369//1025 816//863
f 2369//1025 2405//1027 818//864
f 2405//1027 2407//1032 1018//865
f 2407//1032 2408//980 819//866
f 2408//980 1062//981 820//867
f 1062//981 2409//982 1063//868
f 2409//982 1064//983 822//869
f 1064//983 1016//1031 831//870
f 2410//986 2372//987 1012//877
f 1051//832 1065//1002 795//833
f 2390//1041 1067//1016 797//835
f 797//835 1067//1016 1066//836
f 1066//836 1067//1016 2391//1005
f 1069//837 2391//1005 2392//1006
f 1068//838 2392//1006 798//839
f 1068//838 1069//837 2392//1006
f 1066//836 2391//1005 1069//837
f 2392//1006 2427//1007 798//839
f 798//839 2427//1007 1070//840
f 1070//840 2427//1007 800//841
f 800//841 2427//1007 1072//842
f 1072//842 2427//1007 1071//1042
f 801//843 1071//1042 803//844
f 801//843 1072//842 1071//1042
f 1071//1042 1073//1009 803//844
f 803//844 1073//1009 1081//845
f 1081//845 1073//1009 2429//1010
f 804//846 2429//1010 1074//1011
f 1082//847 1074//1011 2430//1012
f 807//848 2430//1012 2431//1043
f 1083//849 2431//1043 1075//1014
f 808//850 1075//1014 1084//1044
f 1076//851 1084//1044 1077//1018
f 810//852 1077//1018 1078//1019
f 825//853 1078//1019 1079//1021
f 1085//854 1079//1021 2432//1022
f 1086//855 2432//1022 2434//1023
f 1087//856 2434//1023 1080//1024
f 1022//857 1087//856 1080//1024
f 1081//845 2429//1010 804//846
f 804//846 1074//1011 1082//847
f 1082//847 2430//1012 807//848
f 807//848 2431//1043 1083//849
f 1083//849 1075//1014 808//850
f 808//850 1084//1044 1076//851
f 1076//851 1077//1018 810//852
f 810//852 1078//1019 825//853
f 825//853 1079//1021 1085//854
f 1085//854 2432//1022 1086//855
f 1086//855 2434//1023 1087//856
f 1142//737 1129//1045 1138//739
f 1142//737 1090//1046 1129//1045
f 1142//737 1103//741 1090//1046
f 1090//1046 1103//741 1088//1047
f 1566//742 1088//1047 1089//786
f 1566//742 1090//1046 1088//1047
f 1566//742 1565//1048 1090//1046
f 1090//1046 1565//1048 1129//1045
f 1129//1045 1565//1048 1564//738
f 1128//1049 1564//738 1562//784
f 1127//1050 1562//784 1612//1051
f 1126//1052 1612//1051 1603//1053
f 1125//1054 1603//1053 1124//796
f 1122//1055 1124//796 1609//795
f 1121//1056 1609//795 1602//774
f 1091//1057 1602//774 1581//1058
f 1120//1059 1581//1058 1092//770
f 1118//1060 1092//770 1579//1061
f 1093//1062 1579//1061 1094//766
f 1095//1063 1094//766 1598//809
f 1117//1064 1598//809 1096//1065
f 1115//1066 1096//1065 1572//1067
f 1113//1068 1572//1067 1097//758
f 1111//1069 1097//758 1571//1070
f 1112//1071 1571//1070 1098//754
f 1109//1072 1098//754 1569//752
f 1099//1073 1569//752 1568//750
f 1106//1074 1568//750 1567//788
f 1100//1075 1567//788 1104//787
f 1101//1076 1104//787 1089//786
f 1088//1047 1101//1076 1089//786
f 1088//1047 1102//743 1101//1076
f 1088//1047 1103//741 1102//743
f 1102//743 1143//745 1101//1076
f 1101//1076 1143//745 1100//1075
f 1104//787 1101//1076 1100//1075
f 1143//745 1105//747 1100//1075
f 1100//1075 1105//747 1106//1074
f 1567//788 1100//1075 1106//1074
f 1105//747 1107//749 1106//1074
f 1106//1074 1107//749 1099//1073
f 1568//750 1106//1074 1099//1073
f 1107//749 1108//751 1099//1073
f 1099//1073 1108//751 1109//1072
f 1569//752 1099//1073 1109//1072
f 1108//751 1141//753 1109//1072
f 1109//1072 1141//753 1112//1071
f 1098//754 1109//1072 1112//1071
f 1141//753 1110//755 1112//1071
f 1112//1071 1110//755 1111//1069
f 1571//1070 1112//1071 1111//1069
f 1110//755 1140//757 1111//1069
f 1111//1069 1140//757 1113//1068
f 1097//758 1111//1069 1113//1068
f 1140//757 1114//759 1113//1068
f 1113//1068 1114//759 1115//1066
f 1572//1067 1113//1068 1115//1066
f 1114//759 1139//761 1115//1066
f 1115//1066 1139//761 1117//1064
f 1096//1065 1115//1066 1117//1064
f 1139//761 1116//763 1117//1064
f 1117//1064 1116//763 1095//1063
f 1598//809 1117//1064 1095//1063
f 1116//763 1131//765 1095//1063
f 1095//1063 1131//765 1093//1062
f 1094//766 1095//1063 1093//1062
f 1131//765 1133//767 1093//1062
f 1093//1062 1133//767 1118//1060
f 1579//1061 1093//1062 1118//1060
f 1133//767 1119//769 1118//1060
f 1118//1060 1119//769 1120//1059
f 1092//770 1118//1060 1120//1059
f 1119//769 1135//771 1120//1059
f 1120//1059 1135//771 1091//1057
f 1581//1058 1120//1059 1091//1057
f 1135//771 1136//1077 1091//1057
f 1091//1057 1136//1077 1121//1056
f 1602//774 1091//1057 1121//1056
f 1136//1077 1137//1078 1121//1056
f 1121//1056 1137//1078 1122//1055
f 1609//795 1121//1056 1122//1055
f 1137//1078 1123//777 1122//1055
f 1122//1055 1123//777 1125//1054
f 1124//796 1122//1055 1125//1054
f 1123//777 1134//779 1125//1054
f 1125//1054 1134//779 1126//1052
f 1603//1053 1125//1054 1126//1052
f 1134//779 1132//781 1126//1052
f 1126//1052 1132//781 1127//1050
f 1612//1051 1126//1052 1127//1050
f 1132//781 1130//783 1127//1050
f 1127//1050 1130//783 1128//1049
f 1562//784 1127//1050 1128//1049
f 1130//783 1138//739 1128//1049
f 1128//1049 1138//739 1129//1045
f 1564//738 1128//1049 1129//1045
f 1130//783 1116//763 1138//739
f 1130//783 1131//765 1116//763
f 1130//783 1132//781 1131//765
f 1131//765 1132//781 1133//767
f 1133//767 1132//781 1134//779
f 1119//769 1134//779 1123//777
f 1135//771 1123//777 1137//1078
f 1136//1077 1135//771 1137//1078
f 1133//767 1134//779 1119//769
f 1119//769 1123//777 1135//771
f 1116//763 1139//761 1138//739
f 1138//739 1139//761 1142//737
f 1142//737 1139//761 1114//759
f 1103//741 1114//759 1140//757
f 1102//743 1140//757 1110//755
f 1143//745 1110//755 1141//753
f 1105//747 1141//753 1108//751
f 1107//749 1105//747 1108//751
f 1142//737 1114//759 1103//741
f 1103//741 1140//757 1102//743
f 1102//743 1110//755 1143//745
f 1143//745 1141//753 1105//747
f 1281//1079 1206//1080 1205//1081
f 1281//1079 1144//1082 1206//1080
f 1281//1079 1279//1083 1144//1082
f 1144//1082 1279//1083 1219//1084
f 1236//1085 1219//1084 1145//1086
f 1237//1087 1145//1086 1240//1088
f 1217//1089 1240//1088 1239//1090
f 1214//1091 1239//1090 1148//1092
f 1279//1083 1146//1093 1219//1084
f 1219//1084 1146//1093 1235//1094
f 1145//1086 1235//1094 1147//1095
f 1240//1088 1147//1095 1241//1096
f 1239//1090 1241//1096 1245//1097
f 1148//1092 1245//1097 1213//1098
f 1146//1093 1149//1099 1235//1094
f 1235//1094 1149//1099 1150//1100
f 1147//1095 1150//1100 1151//1101
f 1241//1096 1151//1101 1242//1102
f 1245//1097 1242//1102 1246//1103
f 1213//1098 1246//1103 1212//1104
f 1149//1099 1289//1105 1150//1100
f 1150//1100 1289//1105 1238//1106
f 1151//1101 1238//1106 1243//1107
f 1242//1102 1243//1107 1249//1108
f 1246//1103 1249//1108 1248//1109
f 1212//1104 1248//1109 1251//1110
f 1289//1105 1152//1111 1238//1106
f 1238//1106 1152//1111 1153//1112
f 1243//1107 1153//1112 1244//1113
f 1249//1108 1244//1113 1247//1114
f 1248//1109 1247//1114 1154//1115
f 1251//1110 1154//1115 1210//1116
f 1152//1111 1155//1117 1153//1112
f 1153//1112 1155//1117 1156//1118
f 1244//1113 1156//1118 1157//1119
f 1247//1114 1157//1119 1250//1120
f 1154//1115 1250//1120 1160//1121
f 1210//1116 1160//1121 1158//1122
f 1155//1117 1288//1123 1156//1118
f 1156//1118 1288//1123 1162//1124
f 1157//1119 1162//1124 1159//1125
f 1250//1120 1159//1125 1253//1126
f 1160//1121 1253//1126 1161//1127
f 1158//1122 1161//1127 1165//1128
f 1288//1123 1167//1129 1162//1124
f 1162//1124 1167//1129 1163//1130
f 1159//1125 1163//1130 1164//1131
f 1253//1126 1164//1131 1229//1132
f 1161//1127 1229//1132 1254//1133
f 1165//1128 1254//1133 1166//1134
f 1167//1129 1301//1135 1163//1130
f 1163//1130 1301//1135 1252//1136
f 1164//1131 1252//1136 1168//1137
f 1229//1132 1168//1137 1169//1138
f 1254//1133 1169//1138 1255//1139
f 1166//1134 1255//1139 1226//1140
f 1301//1135 1305//1141 1252//1136
f 1252//1136 1305//1141 1227//1142
f 1168//1137 1227//1142 1170//1143
f 1169//1138 1170//1143 1172//1144
f 1255//1139 1172//1144 1256//1145
f 1226//1140 1256//1145 1225//1146
f 1305//1141 1286//1147 1227//1142
f 1227//1142 1286//1147 1228//1148
f 1170//1143 1228//1148 1171//1149
f 1172//1144 1171//1149 1175//1150
f 1256//1145 1175//1150 1257//1151
f 1225//1146 1257//1151 1173//1152
f 1286//1147 1307//1153 1228//1148
f 1228//1148 1307//1153 1177//1154
f 1171//1149 1177//1154 1174//1155
f 1175//1150 1174//1155 1176//1156
f 1257//1151 1176//1156 1179//1157
f 1173//1152 1179//1157 1224//1158
f 1307//1153 1284//1159 1177//1154
f 1177//1154 1284//1159 1180//1160
f 1174//1155 1180//1160 1178//1161
f 1176//1156 1178//1161 1262//1162
f 1179//1157 1262//1162 1261//1163
f 1224//1158 1261//1163 1265//1164
f 1284//1159 1283//1165 1180//1160
f 1180//1160 1283//1165 1181//1166
f 1178//1161 1181//1166 1258//1167
f 1262//1162 1258//1167 1264//1168
f 1261//1163 1264//1168 1270//1169
f 1265//1164 1270//1169 1223//1170
f 1283//1165 1312//1171 1181//1166
f 1181//1166 1312//1171 1260//1172
f 1258//1167 1260//1172 1259//1173
f 1264//1168 1259//1173 1183//1174
f 1270//1169 1183//1174 1182//1175
f 1223//1170 1182//1175 1273//1176
f 1312//1171 1185//1177 1260//1172
f 1260//1172 1185//1177 1263//1178
f 1259//1173 1263//1178 1268//1179
f 1183//1174 1268//1179 1267//1180
f 1182//1175 1267//1180 1184//1181
f 1273//1176 1184//1181 1274//1182
f 1185//1177 1186//1183 1263//1178
f 1263//1178 1186//1183 1187//1184
f 1268//1179 1187//1184 1269//1185
f 1267//1180 1269//1185 1272//1186
f 1184//1181 1272//1186 1277//1187
f 1274//1182 1277//1187 1222//1188
f 1186//1183 1188//1189 1187//1184
f 1187//1184 1188//1189 1266//1190
f 1269//1185 1266//1190 1271//1191
f 1272//1186 1271//1191 1192//1192
f 1277//1187 1192//1192 1189//1193
f 1222//1188 1189//1193 1193//1194
f 1188//1189 1190//1195 1266//1190
f 1266//1190 1190//1195 1194//1196
f 1271//1191 1194//1196 1191//1197
f 1192//1192 1191//1197 1276//1198
f 1189//1193 1276//1198 1197//1199
f 1193//1194 1197//1199 1221//1200
f 1190//1195 1195//1201 1194//1196
f 1194//1196 1195//1201 1275//1202
f 1191//1197 1275//1202 1196//1203
f 1276//1198 1196//1203 1199//1204
f 1197//1199 1199//1204 1232//1205
f 1221//1200 1232//1205 1201//1206
f 1195//1201 1202//1207 1275//1202
f 1275//1202 1202//1207 1198//1208
f 1196//1203 1198//1208 1200//1209
f 1199//1204 1200//1209 1231//1210
f 1232//1205 1231//1210 1234//1211
f 1201//1206 1234//1211 1220//1212
f 1202//1207 1203//1213 1198//1208
f 1198//1208 1203//1213 1230//1214
f 1200//1209 1230//1214 1207//1215
f 1231//1210 1207//1215 1204//1216
f 1234//1211 1204//1216 1233//1217
f 1220//1212 1233//1217 1211//1218
f 1203//1213 1205//1081 1230//1214
f 1230//1214 1205//1081 1206//1080
f 1207//1215 1206//1080 1208//1219
f 1204//1216 1208//1219 1209//1220
f 1233//1217 1209//1220 1218//1221
f 1211//1218 1218//1221 1216//1222
f 1165//1128 1215//1223 1158//1122
f 1158//1122 1215//1223 1210//1116
f 1211//1218 1215//1223 1220//1212
f 1223//1170 1215//1223 1265//1164
f 1210//1116 1215//1223 1251//1110
f 1251//1110 1215//1223 1212//1104
f 1212//1104 1215//1223 1213//1098
f 1213//1098 1215//1223 1148//1092
f 1148//1092 1215//1223 1214//1091
f 1214//1091 1215//1223 1216//1222
f 1217//1089 1216//1222 1218//1221
f 1237//1087 1218//1221 1209//1220
f 1236//1085 1209//1220 1208//1219
f 1144//1082 1208//1219 1206//1080
f 1144//1082 1236//1085 1208//1219
f 1144//1082 1219//1084 1236//1085
f 1216//1222 1215//1223 1211//1218
f 1220//1212 1215//1223 1201//1206
f 1201//1206 1215//1223 1221//1200
f 1221//1200 1215//1223 1193//1194
f 1193//1194 1215//1223 1222//1188
f 1222//1188 1215//1223 1274//1182
f 1274//1182 1215//1223 1273//1176
f 1273//1176 1215//1223 1223//1170
f 1265//1164 1215//1223 1224//1158
f 1224//1158 1215//1223 1173//1152
f 1173//1152 1215//1223 1225//1146
f 1225//1146 1215//1223 1226//1140
f 1226//1140 1215//1223 1166//1134
f 1166//1134 1215//1223 1165//1128
f 1227//1142 1168//1137 1252//1136
f 1170//1143 1227//1142 1228//1148
f 1168//1137 1229//1132 1164//1131
f 1169//1138 1168//1137 1170//1143
f 1229//1132 1161//1127 1253//1126
f 1254//1133 1229//1132 1169//1138
f 1161//1127 1158//1122 1160//1121
f 1165//1128 1161//1127 1254//1133
f 1206//1080 1207//1215 1230//1214
f 1207//1215 1231//1210 1200//1209
f 1204//1216 1207//1215 1208//1219
f 1231//1210 1232//1205 1199//1204
f 1234//1211 1231//1210 1204//1216
f 1232//1205 1221//1200 1197//1199
f 1201//1206 1232//1205 1234//1211
f 1189//1193 1197//1199 1193//1194
f 1276//1198 1199//1204 1197//1199
f 1196//1203 1200//1209 1199//1204
f 1198//1208 1230//1214 1200//1209
f 1233//1217 1204//1216 1209//1220
f 1220//1212 1234//1211 1233//1217
f 1145//1086 1219//1084 1235//1094
f 1237//1087 1209//1220 1236//1085
f 1145//1086 1237//1087 1236//1085
f 1211//1218 1233//1217 1218//1221
f 1147//1095 1235//1094 1150//1100
f 1240//1088 1145//1086 1147//1095
f 1217//1089 1218//1221 1237//1087
f 1240//1088 1217//1089 1237//1087
f 1151//1101 1150//1100 1238//1106
f 1241//1096 1147//1095 1151//1101
f 1239//1090 1240//1088 1241//1096
f 1214//1091 1216//1222 1217//1089
f 1239//1090 1214//1091 1217//1089
f 1243//1107 1238//1106 1153//1112
f 1242//1102 1151//1101 1243//1107
f 1245//1097 1241//1096 1242//1102
f 1148//1092 1239//1090 1245//1097
f 1244//1113 1153//1112 1156//1118
f 1249//1108 1243//1107 1244//1113
f 1246//1103 1242//1102 1249//1108
f 1213//1098 1245//1097 1246//1103
f 1157//1119 1156//1118 1162//1124
f 1247//1114 1244//1113 1157//1119
f 1248//1109 1249//1108 1247//1114
f 1212//1104 1246//1103 1248//1109
f 1159//1125 1162//1124 1163//1130
f 1250//1120 1157//1119 1159//1125
f 1154//1115 1247//1114 1250//1120
f 1251//1110 1248//1109 1154//1115
f 1164//1131 1163//1130 1252//1136
f 1253//1126 1159//1125 1164//1131
f 1160//1121 1250//1120 1253//1126
f 1210//1116 1154//1115 1160//1121
f 1171//1149 1228//1148 1177//1154
f 1172//1144 1170//1143 1171//1149
f 1255//1139 1169//1138 1172//1144
f 1166//1134 1254//1133 1255//1139
f 1174//1155 1177//1154 1180//1160
f 1175//1150 1171//1149 1174//1155
f 1256//1145 1172//1144 1175//1150
f 1226//1140 1255//1139 1256//1145
f 1178//1161 1180//1160 1181//1166
f 1176//1156 1174//1155 1178//1161
f 1257//1151 1175//1150 1176//1156
f 1225//1146 1256//1145 1257//1151
f 1258//1167 1181//1166 1260//1172
f 1262//1162 1178//1161 1258//1167
f 1179//1157 1176//1156 1262//1162
f 1173//1152 1257//1151 1179//1157
f 1259//1173 1260//1172 1263//1178
f 1264//1168 1258//1167 1259//1173
f 1261//1163 1262//1162 1264//1168
f 1224//1158 1179//1157 1261//1163
f 1268//1179 1263//1178 1187//1184
f 1183//1174 1259//1173 1268//1179
f 1270//1169 1264//1168 1183//1174
f 1265//1164 1261//1163 1270//1169
f 1269//1185 1187//1184 1266//1190
f 1267//1180 1268//1179 1269//1185
f 1182//1175 1183//1174 1267//1180
f 1223//1170 1270//1169 1182//1175
f 1271//1191 1266//1190 1194//1196
f 1272//1186 1269//1185 1271//1191
f 1184//1181 1267//1180 1272//1186
f 1273//1176 1182//1175 1184//1181
f 1191//1197 1194//1196 1275//1202
f 1192//1192 1271//1191 1191//1197
f 1277//1187 1272//1186 1192//1192
f 1274//1182 1184//1181 1277//1187
f 1196//1203 1275//1202 1198//1208
f 1276//1198 1191//1197 1196//1203
f 1189//1193 1192//1192 1276//1198
f 1222//1188 1277//1187 1189//1193
f 1622//758 1325//1068 1324//760
f 1622//758 1278//1069 1325//1068
f 1622//758 1292//1070 1278//1069
f 1278//1069 1292//1070 1291//1071
f 1146//1093 1291//1071 1149//1099
f 1146//1093 1278//1069 1291//1071
f 1146//1093 1279//1083 1278//1069
f 1278//1069 1279//1083 1325//1068
f 1325//1068 1279//1083 1281//1079
f 1280//1066 1281//1079 1205//1081
f 1322//1064 1205//1081 1203//1213
f 1321//1063 1203//1213 1202//1207
f 1320//1224 1202//1207 1195//1201
f 1319//1060 1195//1201 1190//1195
f 1318//1225 1190//1195 1188//1189
f 1315//1057 1188//1189 1186//1183
f 1282//1226 1186//1183 1185//1177
f 1313//1055 1185//1177 1312//1171
f 1310//1227 1312//1171 1283//1165
f 1311//1052 1283//1165 1284//1159
f 1308//1050 1284//1159 1307//1153
f 1285//1049 1307//1153 1286//1147
f 1304//1045 1286//1147 1305//1141
f 1287//1046 1305//1141 1301//1135
f 1300//1047 1301//1135 1167//1129
f 1298//1076 1167//1129 1288//1123
f 1296//1228 1288//1123 1155//1117
f 1295//1074 1155//1117 1152//1111
f 1294//1229 1152//1111 1289//1105
f 1290//1072 1289//1105 1149//1099
f 1291//1071 1290//1072 1149//1099
f 1291//1071 1293//754 1290//1072
f 1291//1071 1292//1070 1293//754
f 1293//754 1620//1230 1290//1072
f 1290//1072 1620//1230 1294//1229
f 1289//1105 1290//1072 1294//1229
f 1620//1230 1619//750 1294//1229
f 1294//1229 1619//750 1295//1074
f 1152//1111 1294//1229 1295//1074
f 1619//750 1618//748 1295//1074
f 1295//1074 1618//748 1296//1228
f 1155//1117 1295//1074 1296//1228
f 1618//748 1297//1231 1296//1228
f 1296//1228 1297//1231 1298//1076
f 1288//1123 1296//1228 1298//1076
f 1297//1231 1299//744 1298//1076
f 1298//1076 1299//744 1300//1047
f 1167//1129 1298//1076 1300//1047
f 1299//744 1302//1232 1300//1047
f 1300//1047 1302//1232 1287//1046
f 1301//1135 1300//1047 1287//1046
f 1302//1232 1303//740 1287//1046
f 1287//1046 1303//740 1304//1045
f 1305//1141 1287//1046 1304//1045
f 1303//740 1306//738 1304//1045
f 1304//1045 1306//738 1285//1049
f 1286//1147 1304//1045 1285//1049
f 1306//738 1600//1233 1285//1049
f 1285//1049 1600//1233 1308//1050
f 1307//1153 1285//1049 1308//1050
f 1600//1233 1601//782 1308//1050
f 1308//1050 1601//782 1311//1052
f 1284//1159 1308//1050 1311//1052
f 1601//782 1309//1053 1311//1052
f 1311//1052 1309//1053 1310//1227
f 1283//1165 1311//1052 1310//1227
f 1309//1053 1610//796 1310//1227
f 1310//1227 1610//796 1313//1055
f 1312//1171 1310//1227 1313//1055
f 1610//796 1314//795 1313//1055
f 1313//1055 1314//795 1282//1226
f 1185//1177 1313//1055 1282//1226
f 1314//795 1316//774 1282//1226
f 1282//1226 1316//774 1315//1057
f 1186//1183 1282//1226 1315//1057
f 1316//774 1317//794 1315//1057
f 1315//1057 1317//794 1318//1225
f 1188//1189 1315//1057 1318//1225
f 1317//794 1605//770 1318//1225
f 1318//1225 1605//770 1319//1060
f 1190//1195 1318//1225 1319//1060
f 1605//770 1606//792 1319//1060
f 1319//1060 1606//792 1320//1224
f 1195//1201 1319//1060 1320//1224
f 1606//792 1607//766 1320//1224
f 1320//1224 1607//766 1321//1063
f 1202//1207 1320//1224 1321//1063
f 1607//766 1613//809 1321//1063
f 1321//1063 1613//809 1322//1064
f 1203//1213 1321//1063 1322//1064
f 1613//809 1323//805 1322//1064
f 1322//1064 1323//805 1280//1066
f 1205//1081 1322//1064 1280//1066
f 1323//805 1324//760 1280//1066
f 1280//1066 1324//760 1325//1068
f 1281//1079 1280//1066 1325//1068
f 1326//1234 1401//1080 1392//1235
f 1326//1234 1327//1082 1401//1080
f 1326//1234 1463//1083 1327//1082
f 1327//1082 1463//1083 1329//1084
f 1402//1085 1329//1084 1328//1086
f 1400//1087 1328//1086 1330//1088
f 1398//1089 1330//1088 1424//1090
f 1421//1091 1424//1090 1397//1092
f 1463//1083 1461//1093 1329//1084
f 1329//1084 1461//1093 1332//1094
f 1328//1086 1332//1094 1419//1095
f 1330//1088 1419//1095 1331//1096
f 1424//1090 1331//1096 1423//1097
f 1397//1092 1423//1097 1427//1236
f 1461//1093 1462//1099 1332//1094
f 1332//1094 1462//1099 1334//1237
f 1419//1095 1334//1237 1420//1101
f 1331//1096 1420//1101 1333//1102
f 1423//1097 1333//1102 1428//1103
f 1427//1236 1428//1103 1430//1104
f 1462//1099 1474//1105 1334//1237
f 1334//1237 1474//1105 1335//1106
f 1420//1101 1335//1106 1422//1107
f 1333//1102 1422//1107 1426//1108
f 1428//1103 1426//1108 1434//1109
f 1430//1104 1434//1109 1396//1110
f 1474//1105 1473//1111 1335//1106
f 1335//1106 1473//1111 1425//1112
f 1422//1107 1425//1112 1429//1113
f 1426//1108 1429//1113 1433//1114
f 1434//1109 1433//1114 1436//1115
f 1396//1110 1436//1115 1395//1116
f 1473//1111 1336//1117 1425//1112
f 1425//1112 1336//1117 1338//1118
f 1429//1113 1338//1118 1431//1119
f 1433//1114 1431//1119 1340//1120
f 1436//1115 1340//1120 1337//1121
f 1395//1116 1337//1121 1342//1122
f 1336//1117 1343//1123 1338//1118
f 1338//1118 1343//1123 1339//1124
f 1431//1119 1339//1124 1432//1238
f 1340//1120 1432//1238 1341//1126
f 1337//1121 1341//1126 1409//1127
f 1342//1122 1409//1127 1346//1128
f 1343//1123 1344//1129 1339//1124
f 1339//1124 1344//1129 1347//1130
f 1432//1238 1347//1130 1345//1131
f 1341//1126 1345//1131 1408//1132
f 1409//1127 1408//1132 1349//1133
f 1346//1128 1349//1133 1440//1134
f 1344//1129 1485//1135 1347//1130
f 1347//1130 1485//1135 1435//1239
f 1345//1131 1435//1239 1348//1137
f 1408//1132 1348//1137 1350//1138
f 1349//1133 1350//1138 1441//1139
f 1440//1134 1441//1139 1351//1140
f 1485//1135 1472//1141 1435//1239
f 1435//1239 1472//1141 1352//1142
f 1348//1137 1352//1142 1439//1143
f 1350//1138 1439//1143 1438//1144
f 1441//1139 1438//1144 1353//1145
f 1351//1140 1353//1145 1407//1146
f 1472//1141 1471//1147 1352//1142
f 1352//1142 1471//1147 1437//1148
f 1439//1143 1437//1148 1443//1149
f 1438//1144 1443//1149 1446//1150
f 1353//1145 1446//1150 1354//1151
f 1407//1146 1354//1151 1355//1152
f 1471//1147 1470//1153 1437//1148
f 1437//1148 1470//1153 1442//1154
f 1443//1149 1442//1154 1357//1155
f 1446//1150 1357//1155 1447//1156
f 1354//1151 1447//1156 1356//1157
f 1355//1152 1356//1157 1406//1158
f 1470//1153 1490//1159 1442//1154
f 1442//1154 1490//1159 1444//1160
f 1357//1155 1444//1160 1445//1161
f 1447//1156 1445//1161 1448//1162
f 1356//1157 1448//1162 1360//1163
f 1406//1158 1360//1163 1358//1164
f 1490//1159 1361//1165 1444//1160
f 1444//1160 1361//1165 1363//1166
f 1445//1161 1363//1166 1359//1167
f 1448//1162 1359//1167 1449//1168
f 1360//1163 1449//1168 1450//1169
f 1358//1164 1450//1169 1405//1240
f 1361//1165 1362//1171 1363//1166
f 1363//1166 1362//1171 1364//1172
f 1359//1167 1364//1172 1368//1173
f 1449//1168 1368//1173 1365//1174
f 1450//1169 1365//1174 1366//1175
f 1405//1240 1366//1175 1370//1176
f 1362//1171 1367//1177 1364//1172
f 1364//1172 1367//1177 1372//1178
f 1368//1173 1372//1178 1451//1179
f 1365//1174 1451//1179 1369//1180
f 1366//1175 1369//1180 1376//1181
f 1370//1176 1376//1181 1371//1182
f 1367//1177 1373//1183 1372//1178
f 1372//1178 1373//1183 1374//1184
f 1451//1179 1374//1184 1375//1185
f 1369//1180 1375//1185 1454//1186
f 1376//1181 1454//1186 1377//1187
f 1371//1182 1377//1187 1380//1188
f 1373//1183 1468//1189 1374//1184
f 1374//1184 1468//1189 1378//1190
f 1375//1185 1378//1190 1453//1191
f 1454//1186 1453//1191 1379//1192
f 1377//1187 1379//1192 1457//1193
f 1380//1188 1457//1193 1383//1194
f 1468//1189 1381//1195 1378//1190
f 1378//1190 1381//1195 1382//1196
f 1453//1191 1382//1196 1452//1197
f 1379//1192 1452//1197 1456//1198
f 1457//1193 1456//1198 1414//1199
f 1383//1194 1414//1199 1413//1200
f 1381//1195 1467//1201 1382//1196
f 1382//1196 1467//1201 1386//1202
f 1452//1197 1386//1202 1384//1203
f 1456//1198 1384//1203 1385//1204
f 1414//1199 1385//1204 1412//1205
f 1413//1200 1412//1205 1403//1206
f 1467//1201 1388//1207 1386//1202
f 1386//1202 1388//1207 1455//1241
f 1384//1203 1455//1241 1389//1209
f 1385//1204 1389//1209 1411//1210
f 1412//1205 1411//1210 1387//1211
f 1403//1206 1387//1211 1390//1212
f 1388//1207 1464//1213 1455//1241
f 1455//1241 1464//1213 1391//1214
f 1389//1209 1391//1214 1410//1215
f 1411//1210 1410//1215 1416//1216
f 1387//1211 1416//1216 1415//1217
f 1390//1212 1415//1217 1394//1218
f 1464//1213 1392//1235 1391//1214
f 1391//1214 1392//1235 1401//1080
f 1410//1215 1401//1080 1393//1219
f 1416//1216 1393//1219 1417//1220
f 1415//1217 1417//1220 1418//1221
f 1394//1218 1418//1221 1399//1222
f 1346//1128 1404//1223 1342//1122
f 1342//1122 1404//1223 1395//1116
f 1394//1218 1404//1223 1390//1212
f 1405//1240 1404//1223 1358//1164
f 1395//1116 1404//1223 1396//1110
f 1396//1110 1404//1223 1430//1104
f 1430//1104 1404//1223 1427//1236
f 1427//1236 1404//1223 1397//1092
f 1397//1092 1404//1223 1421//1091
f 1421//1091 1404//1223 1399//1222
f 1398//1089 1399//1222 1418//1221
f 1400//1087 1418//1221 1417//1220
f 1402//1085 1417//1220 1393//1219
f 1327//1082 1393//1219 1401//1080
f 1327//1082 1402//1085 1393//1219
f 1327//1082 1329//1084 1402//1085
f 1399//1222 1404//1223 1394//1218
f 1390//1212 1404//1223 1403//1206
f 1403//1206 1404//1223 1413//1200
f 1413//1200 1404//1223 1383//1194
f 1383//1194 1404//1223 1380//1188
f 1380//1188 1404//1223 1371//1182
f 1371//1182 1404//1223 1370//1176
f 1370//1176 1404//1223 1405//1240
f 1358//1164 1404//1223 1406//1158
f 1406//1158 1404//1223 1355//1152
f 1355//1152 1404//1223 1407//1146
f 1407//1146 1404//1223 1351//1140
f 1351//1140 1404//1223 1440//1134
f 1440//1134 1404//1223 1346//1128
f 1352//1142 1348//1137 1435//1239
f 1439//1143 1352//1142 1437//1148
f 1348//1137 1408//1132 1345//1131
f 1350//1138 1348//1137 1439//1143
f 1408//1132 1409//1127 1341//1126
f 1349//1133 1408//1132 1350//1138
f 1409//1127 1342//1122 1337//1121
f 1346//1128 1409//1127 1349//1133
f 1401//1080 1410//1215 1391//1214
f 1410//1215 1411//1210 1389//1209
f 1416//1216 1410//1215 1393//1219
f 1411//1210 1412//1205 1385//1204
f 1387//1211 1411//1210 1416//1216
f 1412//1205 1413//1200 1414//1199
f 1403//1206 1412//1205 1387//1211
f 1457//1193 1414//1199 1383//1194
f 1456//1198 1385//1204 1414//1199
f 1384//1203 1389//1209 1385//1204
f 1455//1241 1391//1214 1389//1209
f 1415//1217 1416//1216 1417//1220
f 1390//1212 1387//1211 1415//1217
f 1328//1086 1329//1084 1332//1094
f 1400//1087 1417//1220 1402//1085
f 1328//1086 1400//1087 1402//1085
f 1394//1218 1415//1217 1418//1221
f 1419//1095 1332//1094 1334//1237
f 1330//1088 1328//1086 1419//1095
f 1398//1089 1418//1221 1400//1087
f 1330//1088 1398//1089 1400//1087
f 1420//1101 1334//1237 1335//1106
f 1331//1096 1419//1095 1420//1101
f 1424//1090 1330//1088 1331//1096
f 1421//1091 1399//1222 1398//1089
f 1424//1090 1421//1091 1398//1089
f 1422//1107 1335//1106 1425//1112
f 1333//1102 1420//1101 1422//1107
f 1423//1097 1331//1096 1333//1102
f 1397//1092 1424//1090 1423//1097
f 1429//1113 1425//1112 1338//1118
f 1426//1108 1422//1107 1429//1113
f 1428//1103 1333//1102 1426//1108
f 1427//1236 1423//1097 1428//1103
f 1431//1119 1338//1118 1339//1124
f 1433//1114 1429//1113 1431//1119
f 1434//1109 1426//1108 1433//1114
f 1430//1104 1428//1103 1434//1109
f 1432//1238 1339//1124 1347//1130
f 1340//1120 1431//1119 1432//1238
f 1436//1115 1433//1114 1340//1120
f 1396//1110 1434//1109 1436//1115
f 1345//1131 1347//1130 1435//1239
f 1341//1126 1432//1238 1345//1131
f 1337//1121 1340//1120 1341//1126
f 1395//1116 1436//1115 1337//1121
f 1443//1149 1437//1148 1442//1154
f 1438//1144 1439//1143 1443//1149
f 1441//1139 1350//1138 1438//1144
f 1440//1134 1349//1133 1441//1139
f 1357//1155 1442//1154 1444//1160
f 1446//1150 1443//1149 1357//1155
f 1353//1145 1438//1144 1446//1150
f 1351//1140 1441//1139 1353//1145
f 1445//1161 1444//1160 1363//1166
f 1447//1156 1357//1155 1445//1161
f 1354//1151 1446//1150 1447//1156
f 1407//1146 1353//1145 1354//1151
f 1359//1167 1363//1166 1364//1172
f 1448//1162 1445//1161 1359//1167
f 1356//1157 1447//1156 1448//1162
f 1355//1152 1354//1151 1356//1157
f 1368//1173 1364//1172 1372//1178
f 1449//1168 1359//1167 1368//1173
f 1360//1163 1448//1162 1449//1168
f 1406//1158 1356//1157 1360//1163
f 1451//1179 1372//1178 1374//1184
f 1365//1174 1368//1173 1451//1179
f 1450//1169 1449//1168 1365//1174
f 1358//1164 1360//1163 1450//1169
f 1375//1185 1374//1184 1378//1190
f 1369//1180 1451//1179 1375//1185
f 1366//1175 1365//1174 1369//1180
f 1405//1240 1450//1169 1366//1175
f 1453//1191 1378//1190 1382//1196
f 1454//1186 1375//1185 1453//1191
f 1376//1181 1369//1180 1454//1186
f 1370//1176 1366//1175 1376//1181
f 1452//1197 1382//1196 1386//1202
f 1379//1192 1453//1191 1452//1197
f 1377//1187 1454//1186 1379//1192
f 1371//1182 1376//1181 1377//1187
f 1384//1203 1386//1202 1455//1241
f 1456//1198 1452//1197 1384//1203
f 1457//1193 1379//1192 1456//1198
f 1380//1188 1377//1187 1457//1193
f 1614//758 1458//1068 1580//791
f 1614//758 1459//1069 1458//1068
f 1614//758 1460//1070 1459//1069
f 1459//1069 1460//1070 1475//1071
f 1461//1093 1475//1071 1462//1099
f 1461//1093 1459//1069 1475//1071
f 1461//1093 1463//1083 1459//1069
f 1459//1069 1463//1083 1458//1068
f 1458//1068 1463//1083 1326//1234
f 1502//1066 1326//1234 1392//1235
f 1501//1064 1392//1235 1464//1213
f 1499//1063 1464//1213 1388//1207
f 1465//1224 1388//1207 1467//1201
f 1466//1060 1467//1201 1381//1195
f 1496//1225 1381//1195 1468//1189
f 1495//1057 1468//1189 1373//1183
f 1494//1226 1373//1183 1367//1177
f 1469//1055 1367//1177 1362//1171
f 1493//1227 1362//1171 1361//1165
f 1491//1052 1361//1165 1490//1159
f 1489//1050 1490//1159 1470//1153
f 1487//1049 1470//1153 1471//1147
f 1486//1045 1471//1147 1472//1141
f 1484//1046 1472//1141 1485//1135
f 1482//1047 1485//1135 1344//1129
f 1481//1076 1344//1129 1343//1123
f 1480//1228 1343//1123 1336//1117
f 1478//1074 1336//1117 1473//1111
f 1477//1229 1473//1111 1474//1105
f 1476//1072 1474//1105 1462//1099
f 1475//1071 1476//1072 1462//1099
f 1475//1071 1583//1242 1476//1072
f 1475//1071 1460//1070 1583//1242
f 1583//1242 1584//789 1476//1072
f 1476//1072 1584//789 1477//1229
f 1474//1105 1476//1072 1477//1229
f 1584//789 1587//1243 1477//1229
f 1477//1229 1587//1243 1478//1074
f 1473//1111 1477//1229 1478//1074
f 1587//1243 1631//748 1478//1074
f 1478//1074 1631//748 1480//1228
f 1336//1117 1478//1074 1480//1228
f 1631//748 1479//787 1480//1228
f 1480//1228 1479//787 1481//1076
f 1343//1123 1480//1228 1481//1076
f 1479//787 1630//802 1481//1076
f 1481//1076 1630//802 1482//1047
f 1344//1129 1481//1076 1482//1047
f 1630//802 1483//742 1482//1047
f 1482//1047 1483//742 1484//1046
f 1485//1135 1482//1047 1484//1046
f 1483//742 1627//740 1484//1046
f 1484//1046 1627//740 1486//1045
f 1472//1141 1484//1046 1486//1045
f 1627//740 1488//738 1486//1045
f 1486//1045 1488//738 1487//1049
f 1471//1147 1486//1045 1487//1049
f 1488//738 1626//784 1487//1049
f 1487//1049 1626//784 1489//1050
f 1470//1153 1487//1049 1489//1050
f 1626//784 1625//782 1489//1050
f 1489//1050 1625//782 1491//1052
f 1490//1159 1489//1050 1491//1052
f 1625//782 1492//1053 1491//1052
f 1491//1052 1492//1053 1493//1227
f 1361//1165 1491//1052 1493//1227
f 1492//1053 1594//796 1493//1227
f 1493//1227 1594//796 1469//1055
f 1362//1171 1493//1227 1469//1055
f 1594//796 1624//795 1469//1055
f 1469//1055 1624//795 1494//1226
f 1367//1177 1469//1055 1494//1226
f 1624//795 1596//774 1494//1226
f 1494//1226 1596//774 1495//1057
f 1373//1183 1494//1226 1495//1057
f 1596//774 1576//1058 1495//1057
f 1495//1057 1576//1058 1496//1225
f 1468//1189 1495//1057 1496//1225
f 1576//1058 1578//770 1496//1225
f 1496//1225 1578//770 1466//1060
f 1381//1195 1496//1225 1466//1060
f 1578//770 1497//1061 1466//1060
f 1466//1060 1497//1061 1465//1224
f 1467//1201 1466//1060 1465//1224
f 1497//1061 1498//766 1465//1224
f 1465//1224 1498//766 1499//1063
f 1388//1207 1465//1224 1499//1063
f 1498//766 1500//809 1499//1063
f 1499//1063 1500//809 1501//1064
f 1464//1213 1499//1063 1501//1064
f 1500//809 1599//805 1501//1064
f 1501//1064 1599//805 1502//1066
f 1392//1235 1501//1064 1502//1066
f 1599//805 1580//791 1502//1066
f 1502//1066 1580//791 1458//1068
f 1326//1234 1502//1066 1458//1068
f 1504//1244 1503//1245 1608//1246
f 1504//1244 1505//1247 1503//1245
f 1504//1244 1506//1248 1505//1247
f 1505//1247 1506//1248 1529//1249
f 1529//1249 1506//1248 1507//1250
f 1530//1251 1507//1250 1531//1252
f 1532//1253 1531//1252 1508//1254
f 2862//1255 1508//1254 1604//1256
f 2863//1257 1604//1256 1611//1258
f 1509//1259 1611//1258 1510//1260
f 2864//1261 1510//1260 1563//1262
f 2865//1263 1563//1262 1511//1264
f 2866//1265 1511//1264 1533//1266
f 1534//1267 1533//1266 1535//1268
f 2867//1269 1535//1268 1512//1270
f 1536//1271 1512//1270 1537//1272
f 1538//1273 1537//1272 1514//1274
f 1513//1275 1514//1274 1574//1276
f 1515//1277 1574//1276 1570//1278
f 2932//1279 1570//1278 1575//1280
f 1539//1281 1575//1280 1516//1282
f 2933//1283 1516//1282 1517//1284
f 2909//1285 1517//1284 1573//1286
f 2926//1287 1573//1286 1540//1288
f 1541//1289 1540//1288 1577//1290
f 2928//1291 1577//1290 1597//1292
f 2923//1293 1597//1292 1595//1294
f 2922//1295 1595//1294 1518//1296
f 1542//1297 1518//1296 1543//1298
f 1544//1299 1543//1298 1593//1300
f 1545//1301 1593//1300 1519//1302
f 1546//1303 1519//1302 1592//1304
f 2883//1305 1592//1304 1628//1306
f 1520//1307 1628//1306 1591//1308
f 2881//1309 1591//1308 1629//1310
f 2880//1311 1629//1310 1590//1312
f 2874//1313 1590//1312 1521//1314
f 2875//1315 1521//1314 1589//1316
f 1547//1317 1589//1316 1588//1318
f 2877//1319 1588//1318 1548//1320
f 2878//1321 1548//1320 1586//1322
f 1549//1323 1586//1322 1522//1324
f 2879//1325 1522//1324 1585//1326
f 1523//1327 1585//1326 1550//1328
f 2934//1329 1550//1328 1524//1330
f 2936//1331 1524//1330 1582//1332
f 2937//1333 1582//1332 1632//1334
f 1551//1335 1632//1334 1552//1336
f 1553//1337 1552//1336 1525//1338
f 2941//1339 1525//1338 1615//1340
f 1554//1341 1615//1340 1555//1342
f 2828//1343 1555//1342 1616//1344
f 2826//1345 1616//1344 1617//1346
f 1556//1347 1617//1346 1557//1348
f 1558//1349 1557//1348 1526//1350
f 2824//1351 1526//1350 1527//1352
f 2823//1353 1527//1352 1559//1354
f 1528//1355 1559//1354 1621//1356
f 2822//1357 1621//1356 1560//1358
f 2819//1359 1560//1358 1623//1360
f 1561//1361 1623//1360 1608//1246
f 1503//1245 1561//1361 1608//1246
f 1529//1249 1507//1250 1530//1251
f 1530//1251 1531//1252 1532//1253
f 1532//1253 1508//1254 2862//1255
f 2862//1255 1604//1256 2863//1257
f 2863//1257 1611//1258 1509//1259
f 1509//1259 1510//1260 2864//1261
f 2864//1261 1563//1262 2865//1263
f 2865//1263 1511//1264 2866//1265
f 2866//1265 1533//1266 1534//1267
f 1534//1267 1535//1268 2867//1269
f 2867//1269 1512//1270 1536//1271
f 1536//1271 1537//1272 1538//1273
f 1538//1273 1514//1274 1513//1275
f 1513//1275 1574//1276 1515//1277
f 1515//1277 1570//1278 2932//1279
f 2932//1279 1575//1280 1539//1281
f 1539//1281 1516//1282 2933//1283
f 2933//1283 1517//1284 2909//1285
f 2909//1285 1573//1286 2926//1287
f 2926//1287 1540//1288 1541//1289
f 1541//1289 1577//1290 2928//1291
f 2928//1291 1597//1292 2923//1293
f 2923//1293 1595//1294 2922//1295
f 2922//1295 1518//1296 1542//1297
f 1542//1297 1543//1298 1544//1299
f 1544//1299 1593//1300 1545//1301
f 1545//1301 1519//1302 1546//1303
f 1546//1303 1592//1304 2883//1305
f 2883//1305 1628//1306 1520//1307
f 1520//1307 1591//1308 2881//1309
f 2881//1309 1629//1310 2880//1311
f 2880//1311 1590//1312 2874//1313
f 2874//1313 1521//1314 2875//1315
f 2875//1315 1589//1316 1547//1317
f 1547//1317 1588//1318 2877//1319
f 2877//1319 1548//1320 2878//1321
f 2878//1321 1586//1322 1549//1323
f 1549//1323 1522//1324 2879//1325
f 2879//1325 1585//1326 1523//1327
f 1523//1327 1550//1328 2934//1329
f 2934//1329 1524//1330 2936//1331
f 2936//1331 1582//1332 2937//1333
f 2937//1333 1632//1334 1551//1335
f 1551//1335 1552//1336 1553//1337
f 1553//1337 1525//1338 2941//1339
f 2941//1339 1615//1340 1554//1341
f 1554//1341 1555//1342 2828//1343
f 2828//1343 1616//1344 2826//1345
f 2826//1345 1617//1346 1556//1347
f 1556//1347 1557//1348 1558//1349
f 1558//1349 1526//1350 2824//1351
f 2824//1351 1527//1352 2823//1353
f 2823//1353 1559//1354 1528//1355
f 1528//1355 1621//1356 2822//1357
f 2822//1357 1560//1358 2819//1359
f 2819//1359 1623//1360 1561//1361
f 1564//738 1563//1262 1562//784
f 1564//738 1511//1264 1563//1262
f 1564//738 1565//1048 1511//1264
f 1511//1264 1565//1048 1533//1266
f 1533//1266 1565//1048 1535//1268
f 1535//1268 1565//1048 1566//742
f 1512//1270 1566//742 1089//786
f 1104//787 1512//1270 1089//786
f 1104//787 1537//1272 1512//1270
f 1104//787 1567//788 1537//1272
f 1537//1272 1567//788 1514//1274
f 1514//1274 1567//788 1568//750
f 1574//1276 1568//750 1569//752
f 1570//1278 1569//752 1098//754
f 1575//1280 1098//754 1571//1070
f 1516//1282 1571//1070 1097//758
f 1517//1284 1097//758 1572//1067
f 1573//1286 1572//1067 1540//1288
f 1573//1286 1517//1284 1572//1067
f 1535//1268 1566//742 1512//1270
f 1514//1274 1568//750 1574//1276
f 1574//1276 1569//752 1570//1278
f 1570//1278 1098//754 1575//1280
f 1575//1280 1571//1070 1516//1282
f 1516//1282 1097//758 1517//1284
f 1572//1067 1096//1065 1540//1288
f 1540//1288 1096//1065 1576//1058
f 1577//1290 1576//1058 1597//1292
f 1577//1290 1540//1288 1576//1058
f 1576//1058 1096//1065 1578//770
f 1578//770 1096//1065 1598//809
f 1497//1061 1598//809 1094//766
f 1498//766 1094//766 1579//1061
f 1500//809 1579//1061 1092//770
f 1599//805 1092//770 1581//1058
f 1580//791 1581//1058 1600//1233
f 1614//758 1600//1233 1306//738
f 1460//1070 1306//738 1303//740
f 1583//1242 1303//740 1302//1232
f 1582//1332 1302//1232 1632//1334
f 1582//1332 1583//1242 1302//1232
f 1582//1332 1524//1330 1583//1242
f 1583//1242 1524//1330 1550//1328
f 1584//789 1550//1328 1585//1326
f 1522//1324 1584//789 1585//1326
f 1522//1324 1586//1322 1584//789
f 1584//789 1586//1322 1587//1243
f 1587//1243 1586//1322 1548//1320
f 1588//1318 1587//1243 1548//1320
f 1588//1318 1631//748 1587//1243
f 1588//1318 1589//1316 1631//748
f 1631//748 1589//1316 1521//1314
f 1479//787 1521//1314 1590//1312
f 1630//802 1590//1312 1629//1310
f 1483//742 1629//1310 1591//1308
f 1627//740 1591//1308 1628//1306
f 1488//738 1628//1306 1592//1304
f 1626//784 1592//1304 1519//1302
f 1625//782 1519//1302 1593//1300
f 1492//1053 1593//1300 1543//1298
f 1594//796 1543//1298 1518//1296
f 1624//795 1518//1296 1595//1294
f 1596//774 1595//1294 1597//1292
f 1576//1058 1596//774 1597//1292
f 1578//770 1598//809 1497//1061
f 1497//1061 1094//766 1498//766
f 1498//766 1579//1061 1500//809
f 1500//809 1092//770 1599//805
f 1600//1233 1581//1058 1601//782
f 1601//782 1581//1058 1602//774
f 1309//1053 1602//774 1609//795
f 1610//796 1609//795 1124//796
f 1314//795 1124//796 1603//1053
f 1316//774 1603//1053 1612//1051
f 1317//794 1612//1051 1611//1258
f 1604//1256 1317//794 1611//1258
f 1604//1256 1605//770 1317//794
f 1604//1256 1508//1254 1605//770
f 1605//770 1508//1254 1606//792
f 1606//792 1508//1254 1531//1252
f 1507//1250 1606//792 1531//1252
f 1507//1250 1607//766 1606//792
f 1507//1250 1506//1248 1607//766
f 1607//766 1506//1248 1613//809
f 1613//809 1506//1248 1504//1244
f 1323//805 1504//1244 1608//1246
f 1324//760 1608//1246 1622//758
f 1324//760 1323//805 1608//1246
f 1601//782 1602//774 1309//1053
f 1309//1053 1609//795 1610//796
f 1610//796 1124//796 1314//795
f 1314//795 1603//1053 1316//774
f 1611//1258 1612//1051 1510//1260
f 1510//1260 1612//1051 1562//784
f 1563//1262 1510//1260 1562//784
f 1323//805 1613//809 1504//1244
f 1317//794 1316//774 1612//1051
f 1580//791 1600//1233 1614//758
f 1614//758 1306//738 1460//1070
f 1460//1070 1303//740 1583//1242
f 1299//744 1525//1338 1302//1232
f 1299//744 1615//1340 1525//1338
f 1299//744 1555//1342 1615//1340
f 1299//744 1297//1231 1555//1342
f 1555//1342 1297//1231 1616//1344
f 1616//1344 1297//1231 1617//1346
f 1617//1346 1297//1231 1618//748
f 1557//1348 1618//748 1526//1350
f 1557//1348 1617//1346 1618//748
f 1618//748 1619//750 1526//1350
f 1526//1350 1619//750 1527//1352
f 1527//1352 1619//750 1620//1230
f 1559//1354 1620//1230 1621//1356
f 1559//1354 1527//1352 1620//1230
f 1620//1230 1293//754 1621//1356
f 1621//1356 1293//754 1560//1358
f 1560//1358 1293//754 1292//1070
f 1623//1360 1292//1070 1622//758
f 1608//1246 1623//1360 1622//758
f 1560//1358 1292//1070 1623//1360
f 1580//791 1599//805 1581//1058
f 1596//774 1624//795 1595//1294
f 1624//795 1594//796 1518//1296
f 1594//796 1492//1053 1543//1298
f 1492//1053 1625//782 1593//1300
f 1625//782 1626//784 1519//1302
f 1626//784 1488//738 1592//1304
f 1488//738 1627//740 1628//1306
f 1627//740 1483//742 1591//1308
f 1483//742 1630//802 1629//1310
f 1630//802 1479//787 1590//1312
f 1479//787 1631//748 1521//1314
f 1584//789 1583//1242 1550//1328
f 1525//1338 1552//1336 1302//1232
f 1302//1232 1552//1336 1632//1334
f 1781//1362 1633//1363 1779//1364
f 1781//1362 1707//1365 1633//1363
f 1781//1362 1764//1366 1707//1365
f 1707//1365 1764//1366 1635//1367
f 1708//1368 1635//1367 1636//1369
f 1634//1370 1636//1369 1723//1371
f 1721//1372 1723//1371 1637//1373
f 1705//1374 1637//1373 1704//1375
f 1764//1366 1765//1376 1635//1367
f 1635//1367 1765//1376 1719//1377
f 1636//1369 1719//1377 1638//1378
f 1723//1371 1638//1378 1639//1379
f 1637//1373 1639//1379 1726//1380
f 1704//1375 1726//1380 1699//1381
f 1765//1376 1766//1382 1719//1377
f 1719//1377 1766//1382 1725//1383
f 1638//1378 1725//1383 1724//1384
f 1639//1379 1724//1384 1727//1385
f 1726//1380 1727//1385 1728//1386
f 1699//1381 1728//1386 1640//1387
f 1766//1382 1782//1388 1725//1383
f 1725//1383 1782//1388 1641//1389
f 1724//1384 1641//1389 1643//1390
f 1727//1385 1643//1390 1731//1391
f 1728//1386 1731//1391 1646//1392
f 1640//1387 1646//1392 1648//1393
f 1782//1388 1642//1394 1641//1389
f 1641//1389 1642//1394 1644//1395
f 1643//1390 1644//1395 1730//1396
f 1731//1391 1730//1396 1645//1397
f 1646//1392 1645//1397 1647//1398
f 1648//1393 1647//1398 1703//1399
f 1642//1394 1649//1400 1644//1395
f 1644//1395 1649//1400 1729//1401
f 1730//1396 1729//1401 1653//1402
f 1645//1397 1653//1402 1732//1403
f 1647//1398 1732//1403 1737//1404
f 1703//1399 1737//1404 1650//1405
f 1649//1400 1651//1406 1729//1401
f 1729//1401 1651//1406 1652//1407
f 1653//1402 1652//1407 1654//1408
f 1732//1403 1654//1408 1734//1409
f 1737//1404 1734//1409 1738//1410
f 1650//1405 1738//1410 1656//1411
f 1651//1406 1785//1412 1652//1407
f 1652//1407 1785//1412 1655//1413
f 1654//1408 1655//1413 1733//1414
f 1734//1409 1733//1414 1736//1415
f 1738//1410 1736//1415 1743//1416
f 1656//1411 1743//1416 1702//1417
f 1785//1412 1770//1418 1655//1413
f 1655//1413 1770//1418 1735//1419
f 1733//1414 1735//1419 1657//1420
f 1736//1415 1657//1420 1658//1421
f 1743//1416 1658//1421 1659//1422
f 1702//1417 1659//1422 1745//1423
f 1770//1418 1771//1424 1735//1419
f 1735//1419 1771//1424 1662//1425
f 1657//1420 1662//1425 1742//1426
f 1658//1421 1742//1426 1660//1427
f 1659//1422 1660//1427 1744//1428
f 1745//1423 1744//1428 1661//1429
f 1771//1424 1664//1430 1662//1425
f 1662//1425 1664//1430 1740//1431
f 1742//1426 1740//1431 1739//1432
f 1660//1427 1739//1432 1666//1433
f 1744//1428 1666//1433 1668//1434
f 1661//1429 1668//1434 1663//1435
f 1664//1430 1665//1436 1740//1431
f 1740//1431 1665//1436 1741//1437
f 1739//1432 1741//1437 1669//1438
f 1666//1433 1669//1438 1667//1439
f 1668//1434 1667//1439 1746//1440
f 1663//1435 1746//1440 1701//1441
f 1665//1436 1774//1442 1741//1437
f 1741//1437 1774//1442 1670//1443
f 1669//1438 1670//1443 1671//1444
f 1667//1439 1671//1444 1672//1445
f 1746//1440 1672//1445 1673//1446
f 1701//1441 1673//1446 1751//1447
f 1774//1442 1674//1448 1670//1443
f 1670//1443 1674//1448 1675//1449
f 1671//1444 1675//1449 1677//1450
f 1672//1445 1677//1450 1749//1451
f 1673//1446 1749//1451 1752//1452
f 1751//1447 1752//1452 1700//1453
f 1674//1448 1676//1454 1675//1449
f 1675//1449 1676//1454 1679//1455
f 1677//1450 1679//1455 1747//1456
f 1749//1451 1747//1456 1750//1457
f 1752//1452 1750//1457 1753//1458
f 1700//1453 1753//1458 1756//1459
f 1676//1454 1678//1460 1679//1455
f 1679//1455 1678//1460 1680//1461
f 1747//1456 1680//1461 1681//1462
f 1750//1457 1681//1462 1682//1463
f 1753//1458 1682//1463 1755//1464
f 1756//1459 1755//1464 1758//1465
f 1678//1460 1788//1466 1680//1461
f 1680//1461 1788//1466 1748//1467
f 1681//1462 1748//1467 1683//1468
f 1682//1463 1683//1468 1684//1469
f 1755//1464 1684//1469 1759//1470
f 1758//1465 1759//1470 1698//1471
f 1788//1466 1775//1472 1748//1467
f 1748//1467 1775//1472 1687//1473
f 1683//1468 1687//1473 1754//1474
f 1684//1469 1754//1474 1685//1475
f 1759//1470 1685//1475 1762//1476
f 1698//1471 1762//1476 1686//1477
f 1775//1472 1689//1478 1687//1473
f 1687//1473 1689//1478 1688//1479
f 1754//1474 1688//1479 1757//1480
f 1685//1475 1757//1480 1712//1481
f 1762//1476 1712//1481 1715//1482
f 1686//1477 1715//1482 1714//1483
f 1689//1478 1789//1484 1688//1479
f 1688//1479 1789//1484 1691//1485
f 1757//1480 1691//1485 1760//1486
f 1712//1481 1760//1486 1711//1487
f 1715//1482 1711//1487 1690//1488
f 1714//1483 1690//1488 1717//1489
f 1789//1484 1790//1490 1691//1485
f 1691//1485 1790//1490 1761//1491
f 1760//1486 1761//1491 1692//1492
f 1711//1487 1692//1492 1713//1493
f 1690//1488 1713//1493 1694//1494
f 1717//1489 1694//1494 1695//1495
f 1790//1490 1777//1496 1761//1491
f 1761//1491 1777//1496 1693//1497
f 1692//1492 1693//1497 1710//1498
f 1713//1493 1710//1498 1716//1499
f 1694//1494 1716//1499 1718//1500
f 1695//1495 1718//1500 1720//1501
f 1777//1496 1779//1364 1693//1497
f 1693//1497 1779//1364 1633//1363
f 1710//1498 1633//1363 1696//1502
f 1716//1499 1696//1502 1697//1503
f 1718//1500 1697//1503 1722//1504
f 1720//1501 1722//1504 1706//1505
f 1714//1483 1709//1506 1686//1477
f 1686//1477 1709//1506 1698//1471
f 1661//1429 1709//1506 1745//1423
f 1699//1381 1709//1506 1704//1375
f 1698//1471 1709//1506 1758//1465
f 1758//1465 1709//1506 1756//1459
f 1756//1459 1709//1506 1700//1453
f 1700//1453 1709//1506 1751//1447
f 1751//1447 1709//1506 1701//1441
f 1701//1441 1709//1506 1663//1435
f 1663//1435 1709//1506 1661//1429
f 1745//1423 1709//1506 1702//1417
f 1702//1417 1709//1506 1656//1411
f 1656//1411 1709//1506 1650//1405
f 1650//1405 1709//1506 1703//1399
f 1703//1399 1709//1506 1648//1393
f 1648//1393 1709//1506 1640//1387
f 1640//1387 1709//1506 1699//1381
f 1704//1375 1709//1506 1705//1374
f 1705//1374 1709//1506 1706//1505
f 1721//1372 1706//1505 1722//1504
f 1634//1370 1722//1504 1697//1503
f 1708//1368 1697//1503 1696//1502
f 1707//1365 1696//1502 1633//1363
f 1707//1365 1708//1368 1696//1502
f 1707//1365 1635//1367 1708//1368
f 1706//1505 1709//1506 1720//1501
f 1720//1501 1709//1506 1695//1495
f 1695//1495 1709//1506 1717//1489
f 1717//1489 1709//1506 1714//1483
f 1693//1497 1692//1492 1761//1491
f 1710//1498 1693//1497 1633//1363
f 1692//1492 1711//1487 1760//1486
f 1713//1493 1692//1492 1710//1498
f 1711//1487 1715//1482 1712//1481
f 1690//1488 1711//1487 1713//1493
f 1715//1482 1686//1477 1762//1476
f 1714//1483 1715//1482 1690//1488
f 1716//1499 1710//1498 1696//1502
f 1694//1494 1713//1493 1716//1499
f 1717//1489 1690//1488 1694//1494
f 1718//1500 1716//1499 1697//1503
f 1695//1495 1694//1494 1718//1500
f 1636//1369 1635//1367 1719//1377
f 1634//1370 1697//1503 1708//1368
f 1636//1369 1634//1370 1708//1368
f 1720//1501 1718//1500 1722//1504
f 1638//1378 1719//1377 1725//1383
f 1723//1371 1636//1369 1638//1378
f 1721//1372 1722//1504 1634//1370
f 1723//1371 1721//1372 1634//1370
f 1724//1384 1725//1383 1641//1389
f 1639//1379 1638//1378 1724//1384
f 1637//1373 1723//1371 1639//1379
f 1705//1374 1706//1505 1721//1372
f 1637//1373 1705//1374 1721//1372
f 1643//1390 1641//1389 1644//1395
f 1727//1385 1724//1384 1643//1390
f 1726//1380 1639//1379 1727//1385
f 1704//1375 1637//1373 1726//1380
f 1730//1396 1644//1395 1729//1401
f 1731//1391 1643//1390 1730//1396
f 1728//1386 1727//1385 1731//1391
f 1699//1381 1726//1380 1728//1386
f 1653//1402 1729//1401 1652//1407
f 1645//1397 1730//1396 1653//1402
f 1646//1392 1731//1391 1645//1397
f 1640//1387 1728//1386 1646//1392
f 1654//1408 1652//1407 1655//1413
f 1732//1403 1653//1402 1654//1408
f 1647//1398 1645//1397 1732//1403
f 1648//1393 1646//1392 1647//1398
f 1733//1414 1655//1413 1735//1419
f 1734//1409 1654//1408 1733//1414
f 1737//1404 1732//1403 1734//1409
f 1703//1399 1647//1398 1737//1404
f 1657//1420 1735//1419 1662//1425
f 1736//1415 1733//1414 1657//1420
f 1738//1410 1734//1409 1736//1415
f 1650//1405 1737//1404 1738//1410
f 1742//1426 1662//1425 1740//1431
f 1658//1421 1657//1420 1742//1426
f 1743//1416 1736//1415 1658//1421
f 1656//1411 1738//1410 1743//1416
f 1739//1432 1740//1431 1741//1437
f 1660//1427 1742//1426 1739//1432
f 1659//1422 1658//1421 1660//1427
f 1702//1417 1743//1416 1659//1422
f 1669//1438 1741//1437 1670//1443
f 1666//1433 1739//1432 1669//1438
f 1744//1428 1660//1427 1666//1433
f 1745//1423 1659//1422 1744//1428
f 1671//1444 1670//1443 1675//1449
f 1667//1439 1669//1438 1671//1444
f 1668//1434 1666//1433 1667//1439
f 1661//1429 1744//1428 1668//1434
f 1677//1450 1675//1449 1679//1455
f 1672//1445 1671//1444 1677//1450
f 1746//1440 1667//1439 1672//1445
f 1663//1435 1668//1434 1746//1440
f 1747//1456 1679//1455 1680//1461
f 1749//1451 1677//1450 1747//1456
f 1673//1446 1672//1445 1749//1451
f 1701//1441 1746//1440 1673//1446
f 1681//1462 1680//1461 1748//1467
f 1750//1457 1747//1456 1681//1462
f 1752//1452 1749//1451 1750//1457
f 1751//1447 1673//1446 1752//1452
f 1683//1468 1748//1467 1687//1473
f 1682//1463 1681//1462 1683//1468
f 1753//1458 1750//1457 1682//1463
f 1700//1453 1752//1452 1753//1458
f 1754//1474 1687//1473 1688//1479
f 1684//1469 1683//1468 1754//1474
f 1755//1464 1682//1463 1684//1469
f 1756//1459 1753//1458 1755//1464
f 1757//1480 1688//1479 1691//1485
f 1685//1475 1754//1474 1757//1480
f 1759//1470 1684//1469 1685//1475
f 1758//1465 1755//1464 1759//1470
f 1760//1486 1691//1485 1761//1491
f 1712//1481 1757//1480 1760//1486
f 1762//1476 1685//1475 1712//1481
f 1698//1471 1759//1470 1762//1476
f 1763//1507 1781//1362 2435//1508
f 1763//1507 1764//1366 1781//1362
f 1763//1507 2469//1509 1764//1366
f 1764//1366 2469//1509 1765//1376
f 1765//1376 2469//1509 2451//1510
f 1766//1382 2451//1510 1767//1511
f 1782//1388 1767//1511 1783//1512
f 1642//1394 1783//1512 1768//1513
f 1649//1400 1768//1513 1784//1514
f 1651//1406 1784//1514 1769//1515
f 1785//1412 1769//1515 2446//1516
f 1770//1418 2446//1516 2445//1517
f 1771//1424 2445//1517 1772//1518
f 1664//1430 1772//1518 1773//1519
f 1665//1436 1773//1519 2443//1520
f 1774//1442 2443//1520 1786//1521
f 1674//1448 1786//1521 1787//1522
f 1676//1454 1787//1522 2442//1523
f 1678//1460 2442//1523 2441//1524
f 1788//1466 2441//1524 2440//1525
f 1775//1472 2440//1525 2438//1526
f 1689//1478 2438//1526 1776//1527
f 1789//1484 1776//1527 2447//1528
f 1790//1490 2447//1528 1778//1529
f 1777//1496 1778//1529 1780//1530
f 1779//1364 1780//1530 2435//1508
f 1781//1362 1779//1364 2435//1508
f 1765//1376 2451//1510 1766//1382
f 1766//1382 1767//1511 1782//1388
f 1782//1388 1783//1512 1642//1394
f 1642//1394 1768//1513 1649//1400
f 1649//1400 1784//1514 1651//1406
f 1651//1406 1769//1515 1785//1412
f 1785//1412 2446//1516 1770//1418
f 1770//1418 2445//1517 1771//1424
f 1771//1424 1772//1518 1664//1430
f 1664//1430 1773//1519 1665//1436
f 1665//1436 2443//1520 1774//1442
f 1774//1442 1786//1521 1674//1448
f 1674//1448 1787//1522 1676//1454
f 1676//1454 2442//1523 1678//1460
f 1678//1460 2441//1524 1788//1466
f 1788//1466 2440//1525 1775//1472
f 1775//1472 2438//1526 1689//1478
f 1689//1478 1776//1527 1789//1484
f 1789//1484 2447//1528 1790//1490
f 1790//1490 1778//1529 1777//1496
f 1777//1496 1780//1530 1779//1364
f 1792//1531 1799//1532 1989//1533
f 1792//1531 1791//1534 1799//1532
f 1792//1531 1802//1535 1791//1534
f 1791//1534 1802//1535 1803//1536
f 1800//1537 1803//1536 1897//1538
f 1899//1539 1897//1538 1793//1540
f 1900//1541 1793//1540 1794//1542
f 1797//1543 1794//1542 1907//1544
f 1796//1545 1907//1544 1805//1546
f 1795//1547 1805//1546 1977//1548
f 1795//1547 1796//1545 1805//1546
f 1795//1547 1891//1549 1796//1545
f 1796//1545 1891//1549 1798//1550
f 1797//1543 1798//1550 1890//1551
f 1900//1541 1890//1551 1888//1552
f 1899//1539 1888//1552 1896//1553
f 1800//1537 1896//1553 1801//1554
f 1791//1534 1801//1554 1799//1532
f 1791//1534 1800//1537 1801//1554
f 1791//1534 1803//1536 1800//1537
f 1802//1535 1992//1555 1803//1536
f 1803//1536 1992//1555 1804//1556
f 1897//1538 1804//1556 1904//1557
f 1793//1540 1904//1557 1903//1558
f 1794//1542 1903//1558 1906//1559
f 1907//1544 1906//1559 1809//1560
f 1805//1546 1809//1560 1813//1561
f 1977//1548 1813//1561 1976//1562
f 1977//1548 1805//1546 1813//1561
f 1992//1555 1994//1563 1804//1556
f 1804//1556 1994//1563 1806//1564
f 1904//1557 1806//1564 1807//1565
f 1903//1558 1807//1565 1808//1566
f 1906//1559 1808//1566 1810//1567
f 1809//1560 1810//1567 1811//1568
f 1813//1561 1811//1568 1812//1569
f 1976//1562 1812//1569 1975//1570
f 1976//1562 1813//1561 1812//1569
f 1994//1563 1816//1571 1806//1564
f 1806//1564 1816//1571 1902//1572
f 1807//1565 1902//1572 1905//1573
f 1808//1566 1905//1573 1814//1574
f 1810//1567 1814//1574 1815//1575
f 1811//1568 1815//1575 1913//1576
f 1812//1569 1913//1576 1917//1577
f 1975//1570 1917//1577 1974//1578
f 1975//1570 1812//1569 1917//1577
f 1816//1571 1817//1579 1902//1572
f 1902//1572 1817//1579 1908//1580
f 1905//1573 1908//1580 1820//1581
f 1814//1574 1820//1581 1821//1582
f 1815//1575 1821//1582 1818//1583
f 1913//1576 1818//1583 1916//1584
f 1917//1577 1916//1584 1819//1585
f 1974//1578 1819//1585 1973//1586
f 1974//1578 1917//1577 1819//1585
f 1817//1579 1824//1587 1908//1580
f 1908//1580 1824//1587 1909//1588
f 1820//1581 1909//1588 1912//1589
f 1821//1582 1912//1589 1911//1590
f 1818//1583 1911//1590 1822//1591
f 1916//1584 1822//1591 1825//1592
f 1819//1585 1825//1592 1823//1593
f 1973//1586 1823//1593 1972//1594
f 1973//1586 1819//1585 1823//1593
f 1824//1587 1995//1595 1909//1588
f 1909//1588 1995//1595 1827//1596
f 1912//1589 1827//1596 1828//1597
f 1911//1590 1828//1597 1915//1598
f 1822//1591 1915//1598 1829//1599
f 1825//1592 1829//1599 1826//1600
f 1823//1593 1826//1600 1832//1601
f 1972//1594 1832//1601 1971//1602
f 1972//1594 1823//1593 1832//1601
f 1995//1595 1993//1603 1827//1596
f 1827//1596 1993//1603 1910//1604
f 1828//1597 1910//1604 1914//1605
f 1915//1598 1914//1605 1921//1606
f 1829//1599 1921//1606 1833//1607
f 1826//1600 1833//1607 1830//1608
f 1832//1601 1830//1608 1834//1609
f 1971//1602 1834//1609 1831//1610
f 1971//1602 1832//1601 1834//1609
f 1993//1603 1991//1611 1910//1604
f 1910//1604 1991//1611 1918//1612
f 1914//1605 1918//1612 1920//1613
f 1921//1606 1920//1613 1922//1614
f 1833//1607 1922//1614 1924//1615
f 1830//1608 1924//1615 1927//1616
f 1834//1609 1927//1616 1933//1617
f 1831//1610 1933//1617 1961//1618
f 1831//1610 1834//1609 1933//1617
f 1991//1611 1835//1619 1918//1612
f 1918//1612 1835//1619 1919//1620
f 1920//1613 1919//1620 1838//1621
f 1922//1614 1838//1621 1836//1622
f 1924//1615 1836//1622 1837//1623
f 1927//1616 1837//1623 1935//1624
f 1933//1617 1935//1624 1934//1625
f 1961//1618 1934//1625 1970//1626
f 1961//1618 1933//1617 1934//1625
f 1835//1619 1990//1627 1919//1620
f 1919//1620 1990//1627 1839//1628
f 1838//1621 1839//1628 1923//1629
f 1836//1622 1923//1629 1841//1630
f 1837//1623 1841//1630 1932//1631
f 1935//1624 1932//1631 1939//1632
f 1934//1625 1939//1632 1843//1633
f 1970//1626 1843//1633 1840//1634
f 1970//1626 1934//1625 1843//1633
f 1990//1627 1844//1635 1839//1628
f 1839//1628 1844//1635 1925//1636
f 1923//1629 1925//1636 1931//1637
f 1841//1630 1931//1637 1930//1638
f 1932//1631 1930//1638 1842//1639
f 1939//1632 1842//1639 1938//1640
f 1843//1633 1938//1640 1943//1641
f 1840//1634 1943//1641 1968//1642
f 1840//1634 1843//1633 1943//1641
f 1844//1635 1845//1643 1925//1636
f 1925//1636 1845//1643 1926//1644
f 1931//1637 1926//1644 1928//1645
f 1930//1638 1928//1645 1846//1646
f 1842//1639 1846//1646 1847//1647
f 1938//1640 1847//1647 1942//1648
f 1943//1641 1942//1648 1849//1649
f 1968//1642 1849//1649 1957//1650
f 1968//1642 1943//1641 1849//1649
f 1845//1643 1850//1651 1926//1644
f 1926//1644 1850//1651 1929//1652
f 1928//1645 1929//1652 1936//1653
f 1846//1646 1936//1653 1941//1654
f 1847//1647 1941//1654 1848//1655
f 1942//1648 1848//1655 1948//1656
f 1849//1649 1948//1656 1951//1657
f 1957//1650 1951//1657 1956//1658
f 1957//1650 1849//1649 1951//1657
f 1850//1651 1986//1659 1929//1652
f 1929//1652 1986//1659 1852//1660
f 1936//1653 1852//1660 1937//1661
f 1941//1654 1937//1661 1946//1662
f 1848//1655 1946//1662 1945//1663
f 1948//1656 1945//1663 1851//1664
f 1951//1657 1851//1664 1857//1665
f 1956//1658 1857//1665 1856//1666
f 1956//1658 1951//1657 1857//1665
f 1986//1659 1988//1667 1852//1660
f 1852//1660 1988//1667 1853//1668
f 1937//1661 1853//1668 1940//1669
f 1946//1662 1940//1669 1947//1670
f 1945//1663 1947//1670 1854//1671
f 1851//1664 1854//1671 1855//1672
f 1857//1665 1855//1672 1954//1673
f 1856//1666 1954//1673 1860//1674
f 1856//1666 1857//1665 1954//1673
f 1988//1667 1858//1675 1853//1668
f 1853//1668 1858//1675 1944//1676
f 1940//1669 1944//1676 1949//1677
f 1947//1670 1949//1677 1859//1678
f 1854//1671 1859//1678 1953//1679
f 1855//1672 1953//1679 1955//1680
f 1954//1673 1955//1680 1866//1681
f 1860//1674 1866//1681 1983//1682
f 1860//1674 1954//1673 1866//1681
f 1858//1675 1861//1683 1944//1676
f 1944//1676 1861//1683 1867//1684
f 1949//1677 1867//1684 1950//1685
f 1859//1678 1950//1685 1870//1686
f 1953//1679 1870//1686 1862//1687
f 1955//1680 1862//1687 1863//1688
f 1866//1681 1863//1688 1864//1689
f 1983//1682 1864//1689 1865//1690
f 1983//1682 1866//1681 1864//1689
f 1861//1683 1987//1691 1867//1684
f 1867//1684 1987//1691 1868//1692
f 1950//1685 1868//1692 1869//1693
f 1870//1686 1869//1693 1952//1694
f 1862//1687 1952//1694 1873//1695
f 1863//1688 1873//1695 1871//1696
f 1864//1689 1871//1696 1895//1697
f 1865//1690 1895//1697 1966//1698
f 1865//1690 1864//1689 1895//1697
f 1987//1691 1985//1699 1868//1692
f 1868//1692 1985//1699 1878//1700
f 1869//1693 1878//1700 1872//1701
f 1952//1694 1872//1701 1880//1702
f 1873//1695 1880//1702 1874//1703
f 1871//1696 1874//1703 1875//1704
f 1895//1697 1875//1704 1876//1705
f 1966//1698 1876//1705 1877//1706
f 1966//1698 1895//1697 1876//1705
f 1985//1699 1883//1707 1878//1700
f 1878//1700 1883//1707 1879//1708
f 1872//1701 1879//1708 1881//1709
f 1880//1702 1881//1709 1893//1710
f 1874//1703 1893//1710 1894//1711
f 1875//1704 1894//1711 1885//1712
f 1876//1705 1885//1712 1882//1713
f 1877//1706 1882//1713 1979//1714
f 1877//1706 1876//1705 1882//1713
f 1883//1707 1984//1715 1879//1708
f 1879//1708 1984//1715 1886//1716
f 1881//1709 1886//1716 1887//1717
f 1893//1710 1887//1717 1884//1718
f 1894//1711 1884//1718 1898//1719
f 1885//1712 1898//1719 1901//1720
f 1882//1713 1901//1720 1889//1721
f 1979//1714 1889//1721 1892//1722
f 1979//1714 1882//1713 1889//1721
f 1984//1715 1989//1533 1886//1716
f 1886//1716 1989//1533 1799//1532
f 1887//1717 1799//1532 1801//1554
f 1884//1718 1801//1554 1896//1553
f 1898//1719 1896//1553 1888//1552
f 1901//1720 1888//1552 1890//1551
f 1889//1721 1890//1551 1798//1550
f 1892//1722 1798//1550 1891//1549
f 1892//1722 1889//1721 1798//1550
f 1886//1716 1881//1709 1879//1708
f 1887//1717 1886//1716 1799//1532
f 1881//1709 1880//1702 1872//1701
f 1893//1710 1881//1709 1887//1717
f 1880//1702 1873//1695 1952//1694
f 1874//1703 1880//1702 1893//1710
f 1873//1695 1863//1688 1862//1687
f 1871//1696 1873//1695 1874//1703
f 1863//1688 1866//1681 1955//1680
f 1864//1689 1863//1688 1871//1696
f 1884//1718 1887//1717 1801//1554
f 1894//1711 1893//1710 1884//1718
f 1875//1704 1874//1703 1894//1711
f 1895//1697 1871//1696 1875//1704
f 1898//1719 1884//1718 1896//1553
f 1885//1712 1894//1711 1898//1719
f 1876//1705 1875//1704 1885//1712
f 1897//1538 1803//1536 1804//1556
f 1899//1539 1896//1553 1800//1537
f 1897//1538 1899//1539 1800//1537
f 1901//1720 1898//1719 1888//1552
f 1882//1713 1885//1712 1901//1720
f 1904//1557 1804//1556 1806//1564
f 1793//1540 1897//1538 1904//1557
f 1900//1541 1888//1552 1899//1539
f 1793//1540 1900//1541 1899//1539
f 1889//1721 1901//1720 1890//1551
f 1807//1565 1806//1564 1902//1572
f 1903//1558 1904//1557 1807//1565
f 1794//1542 1793//1540 1903//1558
f 1797//1543 1890//1551 1900//1541
f 1794//1542 1797//1543 1900//1541
f 1905//1573 1902//1572 1908//1580
f 1808//1566 1807//1565 1905//1573
f 1906//1559 1903//1558 1808//1566
f 1907//1544 1794//1542 1906//1559
f 1796//1545 1798//1550 1797//1543
f 1907//1544 1796//1545 1797//1543
f 1820//1581 1908//1580 1909//1588
f 1814//1574 1905//1573 1820//1581
f 1810//1567 1808//1566 1814//1574
f 1809//1560 1906//1559 1810//1567
f 1805//1546 1907//1544 1809//1560
f 1912//1589 1909//1588 1827//1596
f 1821//1582 1820//1581 1912//1589
f 1815//1575 1814//1574 1821//1582
f 1811//1568 1810//1567 1815//1575
f 1813//1561 1809//1560 1811//1568
f 1828//1597 1827//1596 1910//1604
f 1911//1590 1912//1589 1828//1597
f 1818//1583 1821//1582 1911//1590
f 1913//1576 1815//1575 1818//1583
f 1812//1569 1811//1568 1913//1576
f 1914//1605 1910//1604 1918//1612
f 1915//1598 1828//1597 1914//1605
f 1822//1591 1911//1590 1915//1598
f 1916//1584 1818//1583 1822//1591
f 1917//1577 1913//1576 1916//1584
f 1920//1613 1918//1612 1919//1620
f 1921//1606 1914//1605 1920//1613
f 1829//1599 1915//1598 1921//1606
f 1825//1592 1822//1591 1829//1599
f 1819//1585 1916//1584 1825//1592
f 1838//1621 1919//1620 1839//1628
f 1922//1614 1920//1613 1838//1621
f 1833//1607 1921//1606 1922//1614
f 1826//1600 1829//1599 1833//1607
f 1823//1593 1825//1592 1826//1600
f 1923//1629 1839//1628 1925//1636
f 1836//1622 1838//1621 1923//1629
f 1924//1615 1922//1614 1836//1622
f 1830//1608 1833//1607 1924//1615
f 1832//1601 1826//1600 1830//1608
f 1931//1637 1925//1636 1926//1644
f 1841//1630 1923//1629 1931//1637
f 1837//1623 1836//1622 1841//1630
f 1927//1616 1924//1615 1837//1623
f 1834//1609 1830//1608 1927//1616
f 1928//1645 1926//1644 1929//1652
f 1930//1638 1931//1637 1928//1645
f 1932//1631 1841//1630 1930//1638
f 1935//1624 1837//1623 1932//1631
f 1933//1617 1927//1616 1935//1624
f 1936//1653 1929//1652 1852//1660
f 1846//1646 1928//1645 1936//1653
f 1842//1639 1930//1638 1846//1646
f 1939//1632 1932//1631 1842//1639
f 1934//1625 1935//1624 1939//1632
f 1937//1661 1852//1660 1853//1668
f 1941//1654 1936//1653 1937//1661
f 1847//1647 1846//1646 1941//1654
f 1938//1640 1842//1639 1847//1647
f 1843//1633 1939//1632 1938//1640
f 1940//1669 1853//1668 1944//1676
f 1946//1662 1937//1661 1940//1669
f 1848//1655 1941//1654 1946//1662
f 1942//1648 1847//1647 1848//1655
f 1943//1641 1938//1640 1942//1648
f 1949//1677 1944//1676 1867//1684
f 1947//1670 1940//1669 1949//1677
f 1945//1663 1946//1662 1947//1670
f 1948//1656 1848//1655 1945//1663
f 1849//1649 1942//1648 1948//1656
f 1950//1685 1867//1684 1868//1692
f 1859//1678 1949//1677 1950//1685
f 1854//1671 1947//1670 1859//1678
f 1851//1664 1945//1663 1854//1671
f 1951//1657 1948//1656 1851//1664
f 1869//1693 1868//1692 1878//1700
f 1870//1686 1950//1685 1869//1693
f 1953//1679 1859//1678 1870//1686
f 1855//1672 1854//1671 1953//1679
f 1857//1665 1851//1664 1855//1672
f 1872//1701 1878//1700 1879//1708
f 1952//1694 1869//1693 1872//1701
f 1862//1687 1870//1686 1952//1694
f 1955//1680 1953//1679 1862//1687
f 1954//1673 1855//1672 1955//1680
f 2607//1507 1856//1666 1967//1723
f 2607//1507 1956//1658 1856//1666
f 2607//1507 1958//1509 1956//1658
f 1956//1658 1958//1509 1957//1650
f 1957//1650 1958//1509 1959//1724
f 1968//1642 1959//1724 2588//1725
f 1840//1634 2588//1725 1969//1726
f 1970//1626 1969//1726 1960//1513
f 1961//1618 1960//1513 1962//1514
f 1831//1610 1962//1514 1963//1727
f 1971//1602 1963//1727 1964//1516
f 1972//1594 1964//1516 2603//1728
f 1973//1586 2603//1728 2599//1518
f 1974//1578 2599//1518 2601//1519
f 1975//1570 2601//1519 1965//1520
f 1976//1562 1965//1520 2598//1729
f 1977//1548 2598//1729 2597//1730
f 1795//1547 2597//1730 1978//1523
f 1891//1549 1978//1523 2596//1524
f 1892//1722 2596//1524 2595//1525
f 1979//1714 2595//1525 1980//1731
f 1877//1706 1980//1731 1981//1732
f 1966//1698 1981//1732 2592//1528
f 1865//1690 2592//1528 1982//1733
f 1983//1682 1982//1733 2561//1530
f 1860//1674 2561//1530 1967//1723
f 1856//1666 1860//1674 1967//1723
f 1957//1650 1959//1724 1968//1642
f 1968//1642 2588//1725 1840//1634
f 1840//1634 1969//1726 1970//1626
f 1970//1626 1960//1513 1961//1618
f 1961//1618 1962//1514 1831//1610
f 1831//1610 1963//1727 1971//1602
f 1971//1602 1964//1516 1972//1594
f 1972//1594 2603//1728 1973//1586
f 1973//1586 2599//1518 1974//1578
f 1974//1578 2601//1519 1975//1570
f 1975//1570 1965//1520 1976//1562
f 1976//1562 2598//1729 1977//1548
f 1977//1548 2597//1730 1795//1547
f 1795//1547 1978//1523 1891//1549
f 1891//1549 2596//1524 1892//1722
f 1892//1722 2595//1525 1979//1714
f 1979//1714 1980//1731 1877//1706
f 1877//1706 1981//1732 1966//1698
f 1966//1698 2592//1528 1865//1690
f 1865//1690 1982//1733 1983//1682
f 1983//1682 2561//1530 1860//1674
f 1984//1715 1844//1635 1989//1533
f 1984//1715 1845//1643 1844//1635
f 1984//1715 1883//1707 1845//1643
f 1845//1643 1883//1707 1850//1651
f 1850//1651 1883//1707 1985//1699
f 1986//1659 1985//1699 1987//1691
f 1988//1667 1987//1691 1861//1683
f 1858//1675 1988//1667 1861//1683
f 1850//1651 1985//1699 1986//1659
f 1986//1659 1987//1691 1988//1667
f 1844//1635 1990//1627 1989//1533
f 1989//1533 1990//1627 1792//1531
f 1792//1531 1990//1627 1835//1619
f 1802//1535 1835//1619 1991//1611
f 1992//1555 1991//1611 1993//1603
f 1994//1563 1993//1603 1995//1595
f 1816//1571 1995//1595 1824//1587
f 1817//1579 1816//1571 1824//1587
f 1792//1531 1835//1619 1802//1535
f 1802//1535 1991//1611 1992//1555
f 1992//1555 1993//1603 1994//1563
f 1994//1563 1995//1595 1816//1571
f 2141//1362 2066//1363 1996//1364
f 2141//1362 2078//1365 2066//1363
f 2141//1362 2132//1366 2078//1365
f 2078//1365 2132//1366 2079//1367
f 2080//1368 2079//1367 2091//1369
f 2076//1370 2091//1369 1997//1371
f 2094//1372 1997//1371 1998//1373
f 2075//1374 1998//1373 1999//1375
f 2132//1366 2000//1376 2079//1367
f 2079//1367 2000//1376 2093//1377
f 2091//1369 2093//1377 2092//1378
f 1997//1371 2092//1378 2001//1379
f 1998//1373 2001//1379 2002//1380
f 1999//1375 2002//1380 2072//1381
f 2000//1376 2142//1734 2093//1377
f 2093//1377 2142//1734 2003//1383
f 2092//1378 2003//1383 2007//1384
f 2001//1379 2007//1384 2004//1385
f 2002//1380 2004//1385 2005//1386
f 2072//1381 2005//1386 2098//1387
f 2142//1734 2006//1388 2003//1383
f 2003//1383 2006//1388 2095//1389
f 2007//1384 2095//1389 2010//1390
f 2004//1385 2010//1390 2097//1391
f 2005//1386 2097//1391 2008//1735
f 2098//1387 2008//1735 2074//1393
f 2006//1388 2009//1394 2095//1389
f 2095//1389 2009//1394 2096//1395
f 2010//1390 2096//1395 2013//1396
f 2097//1391 2013//1396 2011//1397
f 2008//1735 2011//1397 2012//1398
f 2074//1393 2012//1398 2100//1399
f 2009//1394 2016//1400 2096//1395
f 2096//1395 2016//1400 2017//1401
f 2013//1396 2017//1401 2014//1402
f 2011//1397 2014//1402 2099//1403
f 2012//1398 2099//1403 2015//1404
f 2100//1399 2015//1404 2102//1405
f 2016//1400 2021//1736 2017//1401
f 2017//1401 2021//1736 2018//1407
f 2014//1402 2018//1407 2019//1408
f 2099//1403 2019//1408 2020//1409
f 2015//1404 2020//1409 2024//1410
f 2102//1405 2024//1410 2104//1411
f 2021//1736 2022//1412 2018//1407
f 2018//1407 2022//1412 2028//1413
f 2019//1408 2028//1413 2029//1414
f 2020//1409 2029//1414 2023//1415
f 2024//1410 2023//1415 2025//1416
f 2104//1411 2025//1416 2026//1417
f 2022//1412 2027//1418 2028//1413
f 2028//1413 2027//1418 2031//1419
f 2029//1414 2031//1419 2101//1420
f 2023//1415 2101//1420 2103//1421
f 2025//1416 2103//1421 2034//1422
f 2026//1417 2034//1422 2107//1423
f 2027//1418 2030//1424 2031//1419
f 2031//1419 2030//1424 2032//1425
f 2101//1420 2032//1425 2033//1426
f 2103//1421 2033//1426 2106//1427
f 2034//1422 2106//1427 2112//1428
f 2107//1423 2112//1428 2035//1429
f 2030//1424 2136//1430 2032//1425
f 2032//1425 2136//1430 2036//1431
f 2033//1426 2036//1431 2105//1432
f 2106//1427 2105//1432 2111//1433
f 2112//1428 2111//1433 2113//1434
f 2035//1429 2113//1434 2115//1435
f 2136//1430 2143//1436 2036//1431
f 2036//1431 2143//1436 2038//1437
f 2105//1432 2038//1437 2110//1438
f 2111//1433 2110//1438 2114//1439
f 2113//1434 2114//1439 2039//1440
f 2115//1435 2039//1440 2040//1441
f 2143//1436 2037//1442 2038//1437
f 2038//1437 2037//1442 2109//1443
f 2110//1438 2109//1443 2108//1737
f 2114//1439 2108//1737 2118//1445
f 2039//1440 2118//1445 2041//1446
f 2040//1441 2041//1446 2042//1447
f 2037//1442 2144//1448 2109//1443
f 2109//1443 2144//1448 2044//1449
f 2108//1737 2044//1449 2045//1450
f 2118//1445 2045//1450 2046//1451
f 2041//1446 2046//1451 2120//1452
f 2042//1447 2120//1452 2048//1738
f 2144//1448 2043//1739 2044//1449
f 2044//1449 2043//1739 2049//1740
f 2045//1450 2049//1740 2116//1456
f 2046//1451 2116//1456 2047//1457
f 2120//1452 2047//1457 2121//1458
f 2048//1738 2121//1458 2073//1459
f 2043//1739 2051//1460 2049//1740
f 2049//1740 2051//1460 2117//1461
f 2116//1456 2117//1461 2050//1462
f 2047//1457 2050//1462 2052//1463
f 2121//1458 2052//1463 2122//1464
f 2073//1459 2122//1464 2126//1465
f 2051//1460 2138//1466 2117//1461
f 2117//1461 2138//1466 2119//1467
f 2050//1462 2119//1467 2054//1468
f 2052//1463 2054//1468 2053//1469
f 2122//1464 2053//1469 2129//1470
f 2126//1465 2129//1470 2128//1471
f 2138//1466 2140//1472 2119//1467
f 2119//1467 2140//1472 2055//1473
f 2054//1468 2055//1473 2125//1474
f 2053//1469 2125//1474 2124//1475
f 2129//1470 2124//1475 2130//1476
f 2128//1471 2130//1476 2071//1477
f 2140//1472 2056//1478 2055//1473
f 2055//1473 2056//1478 2057//1479
f 2125//1474 2057//1479 2123//1480
f 2124//1475 2123//1480 2059//1481
f 2130//1476 2059//1481 2058//1482
f 2071//1477 2058//1482 2070//1483
f 2056//1478 2147//1484 2057//1479
f 2057//1479 2147//1484 2127//1485
f 2123//1480 2127//1485 2060//1486
f 2059//1481 2060//1486 2086//1487
f 2058//1482 2086//1487 2087//1488
f 2070//1483 2087//1488 2083//1489
f 2147//1484 2148//1490 2127//1485
f 2127//1485 2148//1490 2061//1741
f 2060//1486 2061//1741 2084//1492
f 2086//1487 2084//1492 2063//1493
f 2087//1488 2063//1493 2088//1494
f 2083//1489 2088//1494 2089//1495
f 2148//1490 2062//1496 2061//1741
f 2061//1741 2062//1496 2065//1497
f 2084//1492 2065//1497 2085//1498
f 2063//1493 2085//1498 2064//1499
f 2088//1494 2064//1499 2090//1500
f 2089//1495 2090//1500 2081//1501
f 2062//1496 1996//1364 2065//1497
f 2065//1497 1996//1364 2066//1363
f 2085//1498 2066//1363 2067//1502
f 2064//1499 2067//1502 2068//1503
f 2090//1500 2068//1503 2077//1504
f 2081//1501 2077//1504 2069//1505
f 2070//1483 2082//1506 2071//1477
f 2071//1477 2082//1506 2128//1471
f 2035//1429 2082//1506 2107//1423
f 2072//1381 2082//1506 1999//1375
f 2128//1471 2082//1506 2126//1465
f 2126//1465 2082//1506 2073//1459
f 2073//1459 2082//1506 2048//1738
f 2048//1738 2082//1506 2042//1447
f 2042//1447 2082//1506 2040//1441
f 2040//1441 2082//1506 2115//1435
f 2115//1435 2082//1506 2035//1429
f 2107//1423 2082//1506 2026//1417
f 2026//1417 2082//1506 2104//1411
f 2104//1411 2082//1506 2102//1405
f 2102//1405 2082//1506 2100//1399
f 2100//1399 2082//1506 2074//1393
f 2074//1393 2082//1506 2098//1387
f 2098//1387 2082//1506 2072//1381
f 1999//1375 2082//1506 2075//1374
f 2075//1374 2082//1506 2069//1505
f 2094//1372 2069//1505 2077//1504
f 2076//1370 2077//1504 2068//1503
f 2080//1368 2068//1503 2067//1502
f 2078//1365 2067//1502 2066//1363
f 2078//1365 2080//1368 2067//1502
f 2078//1365 2079//1367 2080//1368
f 2069//1505 2082//1506 2081//1501
f 2081//1501 2082//1506 2089//1495
f 2089//1495 2082//1506 2083//1489
f 2083//1489 2082//1506 2070//1483
f 2065//1497 2084//1492 2061//1741
f 2085//1498 2065//1497 2066//1363
f 2084//1492 2086//1487 2060//1486
f 2063//1493 2084//1492 2085//1498
f 2086//1487 2058//1482 2059//1481
f 2087//1488 2086//1487 2063//1493
f 2058//1482 2071//1477 2130//1476
f 2070//1483 2058//1482 2087//1488
f 2064//1499 2085//1498 2067//1502
f 2088//1494 2063//1493 2064//1499
f 2083//1489 2087//1488 2088//1494
f 2090//1500 2064//1499 2068//1503
f 2089//1495 2088//1494 2090//1500
f 2091//1369 2079//1367 2093//1377
f 2076//1370 2068//1503 2080//1368
f 2091//1369 2076//1370 2080//1368
f 2081//1501 2090//1500 2077//1504
f 2092//1378 2093//1377 2003//1383
f 1997//1371 2091//1369 2092//1378
f 2094//1372 2077//1504 2076//1370
f 1997//1371 2094//1372 2076//1370
f 2007//1384 2003//1383 2095//1389
f 2001//1379 2092//1378 2007//1384
f 1998//1373 1997//1371 2001//1379
f 2075//1374 2069//1505 2094//1372
f 1998//1373 2075//1374 2094//1372
f 2010//1390 2095//1389 2096//1395
f 2004//1385 2007//1384 2010//1390
f 2002//1380 2001//1379 2004//1385
f 1999//1375 1998//1373 2002//1380
f 2013//1396 2096//1395 2017//1401
f 2097//1391 2010//1390 2013//1396
f 2005//1386 2004//1385 2097//1391
f 2072//1381 2002//1380 2005//1386
f 2014//1402 2017//1401 2018//1407
f 2011//1397 2013//1396 2014//1402
f 2008//1735 2097//1391 2011//1397
f 2098//1387 2005//1386 2008//1735
f 2019//1408 2018//1407 2028//1413
f 2099//1403 2014//1402 2019//1408
f 2012//1398 2011//1397 2099//1403
f 2074//1393 2008//1735 2012//1398
f 2029//1414 2028//1413 2031//1419
f 2020//1409 2019//1408 2029//1414
f 2015//1404 2099//1403 2020//1409
f 2100//1399 2012//1398 2015//1404
f 2101//1420 2031//1419 2032//1425
f 2023//1415 2029//1414 2101//1420
f 2024//1410 2020//1409 2023//1415
f 2102//1405 2015//1404 2024//1410
f 2033//1426 2032//1425 2036//1431
f 2103//1421 2101//1420 2033//1426
f 2025//1416 2023//1415 2103//1421
f 2104//1411 2024//1410 2025//1416
f 2105//1432 2036//1431 2038//1437
f 2106//1427 2033//1426 2105//1432
f 2034//1422 2103//1421 2106//1427
f 2026//1417 2025//1416 2034//1422
f 2110//1438 2038//1437 2109//1443
f 2111//1433 2105//1432 2110//1438
f 2112//1428 2106//1427 2111//1433
f 2107//1423 2034//1422 2112//1428
f 2108//1737 2109//1443 2044//1449
f 2114//1439 2110//1438 2108//1737
f 2113//1434 2111//1433 2114//1439
f 2035//1429 2112//1428 2113//1434
f 2045//1450 2044//1449 2049//1740
f 2118//1445 2108//1737 2045//1450
f 2039//1440 2114//1439 2118//1445
f 2115//1435 2113//1434 2039//1440
f 2116//1456 2049//1740 2117//1461
f 2046//1451 2045//1450 2116//1456
f 2041//1446 2118//1445 2046//1451
f 2040//1441 2039//1440 2041//1446
f 2050//1462 2117//1461 2119//1467
f 2047//1457 2116//1456 2050//1462
f 2120//1452 2046//1451 2047//1457
f 2042//1447 2041//1446 2120//1452
f 2054//1468 2119//1467 2055//1473
f 2052//1463 2050//1462 2054//1468
f 2121//1458 2047//1457 2052//1463
f 2048//1738 2120//1452 2121//1458
f 2125//1474 2055//1473 2057//1479
f 2053//1469 2054//1468 2125//1474
f 2122//1464 2052//1463 2053//1469
f 2073//1459 2121//1458 2122//1464
f 2123//1480 2057//1479 2127//1485
f 2124//1475 2125//1474 2123//1480
f 2129//1470 2053//1469 2124//1475
f 2126//1465 2122//1464 2129//1470
f 2060//1486 2127//1485 2061//1741
f 2059//1481 2123//1480 2060//1486
f 2130//1476 2124//1475 2059//1481
f 2128//1471 2129//1470 2130//1476
f 2675//1507 2141//1362 2131//1742
f 2675//1507 2132//1366 2141//1362
f 2675//1507 2676//1509 2132//1366
f 2132//1366 2676//1509 2000//1376
f 2000//1376 2676//1509 2740//1510
f 2142//1734 2740//1510 2133//1725
f 2006//1388 2133//1725 2737//1726
f 2009//1394 2737//1726 2134//1513
f 2016//1400 2134//1513 2135//1743
f 2021//1736 2135//1743 2731//1744
f 2022//1412 2731//1744 2730//1516
f 2027//1418 2730//1516 2735//1728
f 2030//1424 2735//1728 2729//1518
f 2136//1430 2729//1518 2728//1745
f 2143//1436 2728//1745 2723//1520
f 2037//1442 2723//1520 2722//1729
f 2144//1448 2722//1729 2137//1522
f 2043//1739 2137//1522 2145//1746
f 2051//1460 2145//1746 2713//1747
f 2138//1466 2713//1747 2139//1525
f 2140//1472 2139//1525 2715//1731
f 2056//1478 2715//1731 2146//1732
f 2147//1484 2146//1732 2720//1528
f 2148//1490 2720//1528 2717//1529
f 2062//1496 2717//1529 2719//1530
f 1996//1364 2719//1530 2131//1742
f 2141//1362 1996//1364 2131//1742
f 2000//1376 2740//1510 2142//1734
f 2142//1734 2133//1725 2006//1388
f 2006//1388 2737//1726 2009//1394
f 2009//1394 2134//1513 2016//1400
f 2016//1400 2135//1743 2021//1736
f 2021//1736 2731//1744 2022//1412
f 2022//1412 2730//1516 2027//1418
f 2027//1418 2735//1728 2030//1424
f 2030//1424 2729//1518 2136//1430
f 2136//1430 2728//1745 2143//1436
f 2143//1436 2723//1520 2037//1442
f 2037//1442 2722//1729 2144//1448
f 2144//1448 2137//1522 2043//1739
f 2043//1739 2145//1746 2051//1460
f 2051//1460 2713//1747 2138//1466
f 2138//1466 2139//1525 2140//1472
f 2140//1472 2715//1731 2056//1478
f 2056//1478 2146//1732 2147//1484
f 2147//1484 2720//1528 2148//1490
f 2148//1490 2717//1529 2062//1496
f 2062//1496 2719//1530 1996//1364
f 2178//1748 2457//1749 2169//1750
f 2178//1748 2456//1751 2457//1749
f 2178//1748 2182//1752 2456//1751
f 2456//1751 2182//1752 2470//1753
f 2470//1753 2182//1752 2155//1754
f 2156//1515 2155//1754 2157//1755
f 2149//1514 2157//1755 2180//1756
f 2453//1513 2180//1756 2181//1757
f 2158//1758 2181//1757 2159//1759
f 2452//1725 2159//1759 2160//1760
f 2161//1510 2160//1760 2162//1761
f 2150//1509 2162//1761 2163//1762
f 2450//1763 2163//1762 2179//1764
f 2164//1765 2179//1764 2151//1766
f 2468//1767 2151//1766 2165//1768
f 2472//1529 2165//1768 2152//1769
f 2473//1528 2152//1769 2177//1770
f 2153//1732 2177//1770 2172//1771
f 2465//1731 2172//1771 2174//1772
f 2474//1525 2174//1772 2176//1773
f 2166//1524 2176//1773 2175//1774
f 2464//1523 2175//1774 2173//1775
f 2167//1776 2173//1775 2171//1777
f 2461//1729 2171//1777 2170//1778
f 2476//1520 2170//1778 2168//1779
f 2154//1780 2168//1779 2169//1750
f 2457//1749 2154//1780 2169//1750
f 2470//1753 2155//1754 2156//1515
f 2156//1515 2157//1755 2149//1514
f 2149//1514 2180//1756 2453//1513
f 2453//1513 2181//1757 2158//1758
f 2158//1758 2159//1759 2452//1725
f 2452//1725 2160//1760 2161//1510
f 2161//1510 2162//1761 2150//1509
f 2150//1509 2163//1762 2450//1763
f 2450//1763 2179//1764 2164//1765
f 2164//1765 2151//1766 2468//1767
f 2468//1767 2165//1768 2472//1529
f 2472//1529 2152//1769 2473//1528
f 2473//1528 2177//1770 2153//1732
f 2153//1732 2172//1771 2465//1731
f 2465//1731 2174//1772 2474//1525
f 2474//1525 2176//1773 2166//1524
f 2166//1524 2175//1774 2464//1523
f 2464//1523 2173//1775 2167//1776
f 2167//1776 2171//1777 2461//1729
f 2461//1729 2170//1778 2476//1520
f 2476//1520 2168//1779 2154//1780
f 2168//1779 2165//1768 2169//1750
f 2168//1779 2152//1769 2165//1768
f 2168//1779 2170//1778 2152//1769
f 2152//1769 2170//1778 2177//1770
f 2177//1770 2170//1778 2171//1777
f 2172//1771 2171//1777 2173//1775
f 2174//1772 2173//1775 2175//1774
f 2176//1773 2174//1772 2175//1774
f 2177//1770 2171//1777 2172//1771
f 2172//1771 2173//1775 2174//1772
f 2165//1768 2151//1766 2169//1750
f 2169//1750 2151//1766 2178//1748
f 2178//1748 2151//1766 2179//1764
f 2182//1752 2179//1764 2163//1762
f 2155//1754 2163//1762 2162//1761
f 2157//1755 2162//1761 2160//1760
f 2180//1756 2160//1760 2159//1759
f 2181//1757 2180//1756 2159//1759
f 2178//1748 2179//1764 2182//1752
f 2182//1752 2163//1762 2155//1754
f 2155//1754 2162//1761 2157//1755
f 2157//1755 2160//1760 2180//1756
f 2215//1748 2184//1518 2214//1750
f 2215//1748 2183//1728 2184//1518
f 2215//1748 2216//1752 2183//1728
f 2183//1728 2216//1752 2479//1781
f 2479//1781 2216//1752 2220//1754
f 2185//1515 2220//1754 2198//1755
f 2199//1514 2198//1755 2186//1756
f 2486//1513 2186//1756 2187//1757
f 2188//1726 2187//1757 2218//1759
f 2482//1725 2218//1759 2217//1760
f 2483//1510 2217//1760 2200//1761
f 2201//1509 2200//1761 2189//1762
f 2484//1763 2189//1762 2219//1764
f 2490//1765 2219//1764 2202//1766
f 2437//1767 2202//1766 2190//1768
f 2436//1529 2190//1768 2191//1769
f 2203//1528 2191//1769 2209//1770
f 2204//1732 2209//1770 2193//1771
f 2192//1731 2193//1771 2211//1772
f 2205//1525 2211//1772 2206//1773
f 2194//1524 2206//1773 2212//1774
f 2207//1523 2212//1774 2210//1775
f 2471//1782 2210//1775 2213//1777
f 2195//1783 2213//1777 2196//1778
f 2492//1784 2196//1778 2197//1779
f 2208//1780 2197//1779 2214//1750
f 2184//1518 2208//1780 2214//1750
f 2479//1781 2220//1754 2185//1515
f 2185//1515 2198//1755 2199//1514
f 2199//1514 2186//1756 2486//1513
f 2486//1513 2187//1757 2188//1726
f 2188//1726 2218//1759 2482//1725
f 2482//1725 2217//1760 2483//1510
f 2483//1510 2200//1761 2201//1509
f 2201//1509 2189//1762 2484//1763
f 2484//1763 2219//1764 2490//1765
f 2490//1765 2202//1766 2437//1767
f 2437//1767 2190//1768 2436//1529
f 2436//1529 2191//1769 2203//1528
f 2203//1528 2209//1770 2204//1732
f 2204//1732 2193//1771 2192//1731
f 2192//1731 2211//1772 2205//1525
f 2205//1525 2206//1773 2194//1524
f 2194//1524 2212//1774 2207//1523
f 2207//1523 2210//1775 2471//1782
f 2471//1782 2213//1777 2195//1783
f 2195//1783 2196//1778 2492//1784
f 2492//1784 2197//1779 2208//1780
f 2197//1779 2190//1768 2214//1750
f 2197//1779 2191//1769 2190//1768
f 2197//1779 2196//1778 2191//1769
f 2191//1769 2196//1778 2209//1770
f 2209//1770 2196//1778 2213//1777
f 2193//1771 2213//1777 2210//1775
f 2211//1772 2210//1775 2212//1774
f 2206//1773 2211//1772 2212//1774
f 2209//1770 2213//1777 2193//1771
f 2193//1771 2210//1775 2211//1772
f 2190//1768 2202//1766 2214//1750
f 2214//1750 2202//1766 2215//1748
f 2215//1748 2202//1766 2219//1764
f 2216//1752 2219//1764 2189//1762
f 2220//1754 2189//1762 2200//1761
f 2198//1755 2200//1761 2217//1760
f 2186//1756 2217//1760 2218//1759
f 2187//1757 2186//1756 2218//1759
f 2215//1748 2219//1764 2216//1752
f 2216//1752 2189//1762 2220//1754
f 2220//1754 2200//1761 2198//1755
f 2198//1755 2217//1760 2186//1756
f 2253//1748 2732//1749 2246//1750
f 2253//1748 2736//1728 2732//1749
f 2253//1748 2221//1752 2736//1728
f 2736//1728 2221//1752 2230//1516
f 2230//1516 2221//1752 2222//1754
f 2734//1515 2222//1754 2231//1755
f 2741//1785 2231//1755 2232//1756
f 2233//1786 2232//1756 2234//1757
f 2223//1726 2234//1757 2235//1787
f 2725//1725 2235//1787 2252//1760
f 2727//1788 2252//1760 2236//1761
f 2237//1789 2236//1761 2251//1762
f 2692//1763 2251//1762 2238//1764
f 2689//1765 2238//1764 2224//1766
f 2239//1767 2224//1766 2247//1768
f 2687//1529 2247//1768 2225//1769
f 2240//1528 2225//1769 2226//1770
f 2241//1732 2226//1770 2248//1771
f 2744//1731 2248//1771 2249//1772
f 2745//1525 2249//1772 2227//1773
f 2242//1524 2227//1773 2250//1774
f 2684//1523 2250//1774 2228//1775
f 2243//1776 2228//1775 2244//1777
f 2681//1729 2244//1777 2245//1778
f 2680//1520 2245//1778 2229//1779
f 2733//1790 2229//1779 2246//1750
f 2732//1749 2733//1790 2246//1750
f 2230//1516 2222//1754 2734//1515
f 2734//1515 2231//1755 2741//1785
f 2741//1785 2232//1756 2233//1786
f 2233//1786 2234//1757 2223//1726
f 2223//1726 2235//1787 2725//1725
f 2725//1725 2252//1760 2727//1788
f 2727//1788 2236//1761 2237//1789
f 2237//1789 2251//1762 2692//1763
f 2692//1763 2238//1764 2689//1765
f 2689//1765 2224//1766 2239//1767
f 2239//1767 2247//1768 2687//1529
f 2687//1529 2225//1769 2240//1528
f 2240//1528 2226//1770 2241//1732
f 2241//1732 2248//1771 2744//1731
f 2744//1731 2249//1772 2745//1525
f 2745//1525 2227//1773 2242//1524
f 2242//1524 2250//1774 2684//1523
f 2684//1523 2228//1775 2243//1776
f 2243//1776 2244//1777 2681//1729
f 2681//1729 2245//1778 2680//1520
f 2680//1520 2229//1779 2733//1790
f 2229//1779 2247//1768 2246//1750
f 2229//1779 2225//1769 2247//1768
f 2229//1779 2245//1778 2225//1769
f 2225//1769 2245//1778 2226//1770
f 2226//1770 2245//1778 2244//1777
f 2248//1771 2244//1777 2228//1775
f 2249//1772 2228//1775 2250//1774
f 2227//1773 2249//1772 2250//1774
f 2226//1770 2244//1777 2248//1771
f 2248//1771 2228//1775 2249//1772
f 2247//1768 2224//1766 2246//1750
f 2246//1750 2224//1766 2253//1748
f 2253//1748 2224//1766 2238//1764
f 2221//1752 2238//1764 2251//1762
f 2222//1754 2251//1762 2236//1761
f 2231//1755 2236//1761 2252//1760
f 2232//1756 2252//1760 2235//1787
f 2234//1757 2232//1756 2235//1787
f 2253//1748 2238//1764 2221//1752
f 2221//1752 2251//1762 2222//1754
f 2222//1754 2236//1761 2231//1755
f 2231//1755 2252//1760 2232//1756
f 2286//1748 2565//1518 2284//1750
f 2286//1748 2610//1728 2565//1518
f 2286//1748 2288//1752 2610//1728
f 2610//1728 2288//1752 2254//1516
f 2254//1516 2288//1752 2289//1754
f 2255//1515 2289//1754 2291//1755
f 2268//1514 2291//1755 2293//1756
f 2269//1513 2293//1756 2256//1757
f 2270//1758 2256//1757 2271//1787
f 2272//1725 2271//1787 2292//1760
f 2273//1788 2292//1760 2290//1761
f 2257//1509 2290//1761 2285//1762
f 2608//1507 2285//1762 2287//1764
f 2606//1723 2287//1764 2259//1766
f 2258//1530 2259//1766 2283//1768
f 2260//1529 2283//1768 2274//1769
f 2590//1528 2274//1769 2279//1770
f 2261//1732 2279//1770 2262//1771
f 2263//1731 2262//1771 2264//1772
f 2275//1791 2264//1772 2265//1773
f 2266//1792 2265//1773 2282//1774
f 2276//1793 2282//1774 2277//1775
f 2568//1776 2277//1775 2281//1777
f 2278//1729 2281//1777 2280//1778
f 2612//1784 2280//1778 2267//1779
f 2609//1519 2267//1779 2284//1750
f 2565//1518 2609//1519 2284//1750
f 2254//1516 2289//1754 2255//1515
f 2255//1515 2291//1755 2268//1514
f 2268//1514 2293//1756 2269//1513
f 2269//1513 2256//1757 2270//1758
f 2270//1758 2271//1787 2272//1725
f 2272//1725 2292//1760 2273//1788
f 2273//1788 2290//1761 2257//1509
f 2257//1509 2285//1762 2608//1507
f 2608//1507 2287//1764 2606//1723
f 2606//1723 2259//1766 2258//1530
f 2258//1530 2283//1768 2260//1529
f 2260//1529 2274//1769 2590//1528
f 2590//1528 2279//1770 2261//1732
f 2261//1732 2262//1771 2263//1731
f 2263//1731 2264//1772 2275//1791
f 2275//1791 2265//1773 2266//1792
f 2266//1792 2282//1774 2276//1793
f 2276//1793 2277//1775 2568//1776
f 2568//1776 2281//1777 2278//1729
f 2278//1729 2280//1778 2612//1784
f 2612//1784 2267//1779 2609//1519
f 2267//1779 2283//1768 2284//1750
f 2267//1779 2274//1769 2283//1768
f 2267//1779 2280//1778 2274//1769
f 2274//1769 2280//1778 2279//1770
f 2279//1770 2280//1778 2281//1777
f 2262//1771 2281//1777 2277//1775
f 2264//1772 2277//1775 2282//1774
f 2265//1773 2264//1772 2282//1774
f 2279//1770 2281//1777 2262//1771
f 2262//1771 2277//1775 2264//1772
f 2283//1768 2259//1766 2284//1750
f 2284//1750 2259//1766 2286//1748
f 2286//1748 2259//1766 2287//1764
f 2288//1752 2287//1764 2285//1762
f 2289//1754 2285//1762 2290//1761
f 2291//1755 2290//1761 2292//1760
f 2293//1756 2292//1760 2271//1787
f 2256//1757 2293//1756 2271//1787
f 2286//1748 2287//1764 2288//1752
f 2288//1752 2285//1762 2289//1754
f 2289//1754 2290//1761 2291//1755
f 2291//1755 2292//1760 2293//1756
f 2295//1748 2294//1518 2318//1750
f 2295//1748 2296//1728 2294//1518
f 2295//1748 2327//1752 2296//1728
f 2296//1728 2327//1752 2709//1781
f 2709//1781 2327//1752 2307//1754
f 2308//1515 2307//1754 2330//1755
f 2309//1514 2330//1755 2310//1756
f 2297//1513 2310//1756 2328//1757
f 2706//1726 2328//1757 2298//1787
f 2311//1725 2298//1787 2331//1760
f 2705//1510 2331//1760 2312//1761
f 2703//1509 2312//1761 2329//1762
f 2299//1763 2329//1762 2300//1764
f 2700//1765 2300//1764 2301//1766
f 2313//1767 2301//1766 2326//1768
f 2302//1794 2326//1768 2319//1769
f 2314//1795 2319//1769 2323//1770
f 2726//1732 2323//1770 2324//1771
f 2724//1731 2324//1771 2325//1772
f 2303//1796 2325//1772 2304//1773
f 2305//1524 2304//1773 2322//1774
f 2748//1523 2322//1774 2321//1775
f 2315//1522 2321//1775 2320//1777
f 2721//1729 2320//1777 2316//1778
f 2317//1784 2316//1778 2306//1779
f 2711//1790 2306//1779 2318//1750
f 2294//1518 2711//1790 2318//1750
f 2709//1781 2307//1754 2308//1515
f 2308//1515 2330//1755 2309//1514
f 2309//1514 2310//1756 2297//1513
f 2297//1513 2328//1757 2706//1726
f 2706//1726 2298//1787 2311//1725
f 2311//1725 2331//1760 2705//1510
f 2705//1510 2312//1761 2703//1509
f 2703//1509 2329//1762 2299//1763
f 2299//1763 2300//1764 2700//1765
f 2700//1765 2301//1766 2313//1767
f 2313//1767 2326//1768 2302//1794
f 2302//1794 2319//1769 2314//1795
f 2314//1795 2323//1770 2726//1732
f 2726//1732 2324//1771 2724//1731
f 2724//1731 2325//1772 2303//1796
f 2303//1796 2304//1773 2305//1524
f 2305//1524 2322//1774 2748//1523
f 2748//1523 2321//1775 2315//1522
f 2315//1522 2320//1777 2721//1729
f 2721//1729 2316//1778 2317//1784
f 2317//1784 2306//1779 2711//1790
f 2306//1779 2326//1768 2318//1750
f 2306//1779 2319//1769 2326//1768
f 2306//1779 2316//1778 2319//1769
f 2319//1769 2316//1778 2323//1770
f 2323//1770 2316//1778 2320//1777
f 2324//1771 2320//1777 2321//1775
f 2325//1772 2321//1775 2322//1774
f 2304//1773 2325//1772 2322//1774
f 2323//1770 2320//1777 2324//1771
f 2324//1771 2321//1775 2325//1772
f 2326//1768 2301//1766 2318//1750
f 2318//1750 2301//1766 2295//1748
f 2295//1748 2301//1766 2300//1764
f 2327//1752 2300//1764 2329//1762
f 2307//1754 2329//1762 2312//1761
f 2330//1755 2312//1761 2331//1760
f 2310//1756 2331//1760 2298//1787
f 2328//1757 2310//1756 2298//1787
f 2295//1748 2300//1764 2327//1752
f 2327//1752 2329//1762 2307//1754
f 2307//1754 2312//1761 2330//1755
f 2330//1755 2331//1760 2310//1756
f 2362//1748 2332//1518 2361//1750
f 2362//1748 2611//1728 2332//1518
f 2362//1748 2333//1752 2611//1728
f 2611//1728 2333//1752 2334//1516
f 2334//1516 2333//1752 2364//1754
f 2589//1727 2364//1754 2363//1755
f 2335//1514 2363//1755 2365//1756
f 2605//1513 2365//1756 2336//1757
f 2351//1726 2336//1757 2352//1759
f 2337//1725 2352//1759 2338//1760
f 2587//1724 2338//1760 2339//1761
f 2586//1797 2339//1761 2340//1762
f 2353//1507 2340//1762 2341//1764
f 2584//1723 2341//1764 2342//1766
f 2354//1767 2342//1766 2343//1768
f 2583//1529 2343//1768 2344//1769
f 2582//1528 2344//1769 2360//1770
f 2614//1732 2360//1770 2345//1771
f 2615//1731 2345//1771 2346//1772
f 2355//1525 2346//1772 2347//1773
f 2580//1524 2347//1773 2348//1798
f 2616//1793 2348//1798 2350//1775
f 2349//1776 2350//1775 2356//1777
f 2577//1799 2356//1777 2359//1778
f 2357//1800 2359//1778 2358//1779
f 2574//1780 2358//1779 2361//1750
f 2332//1518 2574//1780 2361//1750
f 2334//1516 2364//1754 2589//1727
f 2589//1727 2363//1755 2335//1514
f 2335//1514 2365//1756 2605//1513
f 2605//1513 2336//1757 2351//1726
f 2351//1726 2352//1759 2337//1725
f 2337//1725 2338//1760 2587//1724
f 2587//1724 2339//1761 2586//1797
f 2586//1797 2340//1762 2353//1507
f 2353//1507 2341//1764 2584//1723
f 2584//1723 2342//1766 2354//1767
f 2354//1767 2343//1768 2583//1529
f 2583//1529 2344//1769 2582//1528
f 2582//1528 2360//1770 2614//1732
f 2614//1732 2345//1771 2615//1731
f 2615//1731 2346//1772 2355//1525
f 2355//1525 2347//1773 2580//1524
f 2580//1524 2348//1798 2616//1793
f 2616//1793 2350//1775 2349//1776
f 2349//1776 2356//1777 2577//1799
f 2577//1799 2359//1778 2357//1800
f 2357//1800 2358//1779 2574//1780
f 2358//1779 2343//1768 2361//1750
f 2358//1779 2344//1769 2343//1768
f 2358//1779 2359//1778 2344//1769
f 2344//1769 2359//1778 2360//1770
f 2360//1770 2359//1778 2356//1777
f 2345//1771 2356//1777 2350//1775
f 2346//1772 2350//1775 2348//1798
f 2347//1773 2346//1772 2348//1798
f 2360//1770 2356//1777 2345//1771
f 2345//1771 2350//1775 2346//1772
f 2343//1768 2342//1766 2361//1750
f 2361//1750 2342//1766 2362//1748
f 2362//1748 2342//1766 2341//1764
f 2333//1752 2341//1764 2340//1762
f 2364//1754 2340//1762 2339//1761
f 2363//1755 2339//1761 2338//1760
f 2365//1756 2338//1760 2352//1759
f 2336//1757 2365//1756 2352//1759
f 2362//1748 2341//1764 2333//1752
f 2333//1752 2340//1762 2364//1754
f 2364//1754 2339//1761 2363//1755
f 2363//1755 2338//1760 2365//1756
f 2494//1801 2401//960 2400//1802
f 2494//1801 1060//964 2401//960
f 2494//1801 2366//1803 1060//964
f 1060//964 2366//1803 1061//966
f 1061//966 2366//1803 2491//1804
f 2402//968 2491//1804 2403//1805
f 2404//970 2403//1805 2367//1806
f 1019//972 2367//1806 2368//1807
f 2369//1025 2368//1807 2493//1808
f 2405//1027 2493//1808 2406//1809
f 2407//1032 2406//1809 2370//1810
f 2408//980 2370//1810 2477//1811
f 1062//981 2477//1811 2478//1812
f 2409//982 2478//1812 2480//1813
f 1064//983 2480//1813 2371//1814
f 1016//1031 2371//1814 2481//1815
f 1014//985 2481//1815 2485//1816
f 2410//986 2485//1816 2411//1817
f 2372//987 2411//1817 2373//1818
f 2412//1030 2373//1818 2487//1819
f 1011//1029 2487//1819 2413//1820
f 2374//990 2413//1820 2488//1821
f 2414//977 2488//1821 2415//1822
f 1009//976 2415//1822 2489//1823
f 1008//1026 2489//1823 2439//1824
f 2375//973 2439//1824 2376//1825
f 1000//971 2376//1825 2378//1826
f 2377//969 2378//1826 2448//1827
f 2416//967 2448//1827 2379//1828
f 1007//965 2379//1828 2380//1829
f 2417//963 2380//1829 2444//1830
f 996//961 2444//1830 2381//1831
f 1056//992 2381//1831 2418//1832
f 2419//993 2418//1832 2382//1833
f 2420//994 2382//1833 2421//1834
f 2383//995 2421//1834 2384//1835
f 1059//1020 2384//1835 2449//1836
f 2422//997 2449//1836 2385//1837
f 2423//998 2385//1837 2386//1838
f 2424//999 2386//1838 2387//1839
f 2425//1000 2387//1839 2388//1840
f 1050//1040 2388//1840 2389//1841
f 1065//1002 2389//1841 2467//1842
f 2390//1041 2467//1842 2466//1843
f 1067//1016 2466//1843 2426//1844
f 2391//1005 2426//1844 2393//1845
f 2392//1006 2393//1845 2394//1846
f 2427//1007 2394//1846 2395//1847
f 1071//1042 2395//1847 2428//1848
f 1073//1009 2428//1848 2463//1849
f 2429//1010 2463//1849 2462//1850
f 1074//1011 2462//1850 2475//1851
f 2430//1012 2475//1851 2396//1852
f 2431//1043 2396//1852 2460//1853
f 1075//1014 2460//1853 2397//1854
f 1084//1044 2397//1854 2459//1855
f 1077//1018 2459//1855 2458//1856
f 1078//1019 2458//1856 2455//1857
f 1079//1021 2455//1857 2398//1858
f 2432//1022 2398//1858 2433//1859
f 2434//1023 2433//1859 2454//1860
f 1080//1024 2454//1860 2399//1861
f 1023//1033 2399//1861 2400//1802
f 2401//960 1023//1033 2400//1802
f 1061//966 2491//1804 2402//968
f 2402//968 2403//1805 2404//970
f 2404//970 2367//1806 1019//972
f 1019//972 2368//1807 2369//1025
f 2369//1025 2493//1808 2405//1027
f 2405//1027 2406//1809 2407//1032
f 2407//1032 2370//1810 2408//980
f 2408//980 2477//1811 1062//981
f 1062//981 2478//1812 2409//982
f 2409//982 2480//1813 1064//983
f 1064//983 2371//1814 1016//1031
f 1016//1031 2481//1815 1014//985
f 1014//985 2485//1816 2410//986
f 2410//986 2411//1817 2372//987
f 2372//987 2373//1818 2412//1030
f 2412//1030 2487//1819 1011//1029
f 1011//1029 2413//1820 2374//990
f 2374//990 2488//1821 2414//977
f 2414//977 2415//1822 1009//976
f 1009//976 2489//1823 1008//1026
f 1008//1026 2439//1824 2375//973
f 2375//973 2376//1825 1000//971
f 1000//971 2378//1826 2377//969
f 2377//969 2448//1827 2416//967
f 2416//967 2379//1828 1007//965
f 1007//965 2380//1829 2417//963
f 2417//963 2444//1830 996//961
f 996//961 2381//1831 1056//992
f 1056//992 2418//1832 2419//993
f 2419//993 2382//1833 2420//994
f 2420//994 2421//1834 2383//995
f 2383//995 2384//1835 1059//1020
f 1059//1020 2449//1836 2422//997
f 2422//997 2385//1837 2423//998
f 2423//998 2386//1838 2424//999
f 2424//999 2387//1839 2425//1000
f 2425//1000 2388//1840 1050//1040
f 1050//1040 2389//1841 1065//1002
f 1065//1002 2467//1842 2390//1041
f 2390//1041 2466//1843 1067//1016
f 1067//1016 2426//1844 2391//1005
f 2391//1005 2393//1845 2392//1006
f 2392//1006 2394//1846 2427//1007
f 2427//1007 2395//1847 1071//1042
f 1071//1042 2428//1848 1073//1009
f 1073//1009 2463//1849 2429//1010
f 2429//1010 2462//1850 1074//1011
f 1074//1011 2475//1851 2430//1012
f 2430//1012 2396//1852 2431//1043
f 2431//1043 2460//1853 1075//1014
f 1075//1014 2397//1854 1084//1044
f 1084//1044 2459//1855 1077//1018
f 1077//1018 2458//1856 1078//1019
f 1078//1019 2455//1857 1079//1021
f 1079//1021 2398//1858 2432//1022
f 2432//1022 2433//1859 2434//1023
f 2434//1023 2454//1860 1080//1024
f 1080//1024 2399//1861 1023//1033
f 1780//1530 2204//1732 2435//1508
f 1780//1530 2203//1528 2204//1732
f 1780//1530 1778//1529 2203//1528
f 2203//1528 1778//1529 2436//1529
f 2436//1529 1778//1529 2447//1528
f 2437//1767 2447//1528 1776//1527
f 2438//1526 2437//1767 1776//1527
f 2438//1526 2490//1765 2437//1767
f 2438//1526 2439//1824 2490//1765
f 2438//1526 2376//1825 2439//1824
f 2438//1526 2378//1826 2376//1825
f 2438//1526 2440//1525 2378//1826
f 2378//1826 2440//1525 2448//1827
f 2448//1827 2440//1525 2441//1524
f 2379//1828 2441//1524 2442//1523
f 2380//1829 2442//1523 1787//1522
f 2444//1830 1787//1522 1786//1521
f 2443//1520 2444//1830 1786//1521
f 2443//1520 2381//1831 2444//1830
f 2443//1520 1773//1519 2381//1831
f 2381//1831 1773//1519 2418//1832
f 2418//1832 1773//1519 1772//1518
f 2382//1833 1772//1518 2445//1517
f 2446//1516 2382//1833 2445//1517
f 2446//1516 2421//1834 2382//1833
f 2446//1516 1769//1515 2421//1834
f 2421//1834 1769//1515 2384//1835
f 2384//1835 1769//1515 1784//1514
f 2449//1836 1784//1514 1768//1513
f 2385//1837 1768//1513 1783//1512
f 2386//1838 1783//1512 2387//1839
f 2386//1838 2385//1837 1783//1512
f 2436//1529 2447//1528 2437//1767
f 2448//1827 2441//1524 2379//1828
f 2379//1828 2442//1523 2380//1829
f 2380//1829 1787//1522 2444//1830
f 2418//1832 1772//1518 2382//1833
f 2384//1835 1784//1514 2449//1836
f 2449//1836 1768//1513 2385//1837
f 1767//1511 2450//1763 1783//1512
f 1767//1511 2451//1510 2450//1763
f 2450//1763 2451//1510 2150//1509
f 2150//1509 2451//1510 2469//1509
f 2161//1510 2469//1509 1763//1507
f 2452//1725 1763//1507 2435//1508
f 2158//1758 2435//1508 2192//1731
f 2205//1525 2158//1758 2192//1731
f 2205//1525 2453//1513 2158//1758
f 2205//1525 2194//1524 2453//1513
f 2453//1513 2194//1524 2149//1514
f 2149//1514 2194//1524 2207//1523
f 2156//1515 2207//1523 2471//1782
f 2470//1753 2471//1782 2400//1802
f 2399//1861 2470//1753 2400//1802
f 2399//1861 2454//1860 2470//1753
f 2470//1753 2454//1860 2456//1751
f 2456//1751 2454//1860 2433//1859
f 2398//1858 2456//1751 2433//1859
f 2398//1858 2455//1857 2456//1751
f 2456//1751 2455//1857 2457//1749
f 2457//1749 2455//1857 2458//1856
f 2459//1855 2457//1749 2458//1856
f 2459//1855 2154//1780 2457//1749
f 2459//1855 2397//1854 2154//1780
f 2154//1780 2397//1854 2460//1853
f 2476//1520 2460//1853 2396//1852
f 2461//1729 2396//1852 2475//1851
f 2167//1776 2475//1851 2462//1850
f 2463//1849 2167//1776 2462//1850
f 2463//1849 2464//1523 2167//1776
f 2463//1849 2428//1848 2464//1523
f 2464//1523 2428//1848 2166//1524
f 2166//1524 2428//1848 2395//1847
f 2474//1525 2395//1847 2394//1846
f 2465//1731 2394//1846 2393//1845
f 2153//1732 2393//1845 2426//1844
f 2473//1528 2426//1844 2466//1843
f 2472//1529 2466//1843 2467//1842
f 2468//1767 2467//1842 2389//1841
f 2388//1840 2468//1767 2389//1841
f 2388//1840 2164//1765 2468//1767
f 2388//1840 2387//1839 2164//1765
f 2164//1765 2387//1839 1783//1512
f 2450//1763 2164//1765 1783//1512
f 2150//1509 2469//1509 2161//1510
f 2161//1510 1763//1507 2452//1725
f 2470//1753 2156//1515 2471//1782
f 2156//1515 2149//1514 2207//1523
f 2158//1758 2452//1725 2435//1508
f 2468//1767 2472//1529 2467//1842
f 2472//1529 2473//1528 2466//1843
f 2473//1528 2153//1732 2426//1844
f 2153//1732 2465//1731 2393//1845
f 2465//1731 2474//1525 2394//1846
f 2474//1525 2166//1524 2395//1847
f 2167//1776 2461//1729 2475//1851
f 2461//1729 2476//1520 2396//1852
f 2476//1520 2154//1780 2460//1853
f 2184//1518 2370//1810 2208//1780
f 2184//1518 2477//1811 2370//1810
f 2184//1518 2183//1728 2477//1811
f 2477//1811 2183//1728 2478//1812
f 2478//1812 2183//1728 2479//1781
f 2480//1813 2479//1781 2371//1814
f 2480//1813 2478//1812 2479//1781
f 2479//1781 2185//1515 2371//1814
f 2371//1814 2185//1515 2481//1815
f 2481//1815 2185//1515 2199//1514
f 2485//1816 2199//1514 2486//1513
f 2411//1817 2486//1513 2188//1726
f 2373//1818 2188//1726 2482//1725
f 2487//1819 2482//1725 2483//1510
f 2413//1820 2483//1510 2201//1509
f 2488//1821 2201//1509 2484//1763
f 2415//1822 2484//1763 2489//1823
f 2415//1822 2488//1821 2484//1763
f 2481//1815 2199//1514 2485//1816
f 2485//1816 2486//1513 2411//1817
f 2411//1817 2188//1726 2373//1818
f 2373//1818 2482//1725 2487//1819
f 2487//1819 2483//1510 2413//1820
f 2413//1820 2201//1509 2488//1821
f 2484//1763 2490//1765 2489//1823
f 2489//1823 2490//1765 2439//1824
f 2204//1732 2192//1731 2435//1508
f 2195//1783 2366//1803 2471//1782
f 2195//1783 2491//1804 2366//1803
f 2195//1783 2403//1805 2491//1804
f 2195//1783 2367//1806 2403//1805
f 2195//1783 2492//1784 2367//1806
f 2367//1806 2492//1784 2368//1807
f 2368//1807 2492//1784 2493//1808
f 2493//1808 2492//1784 2208//1780
f 2406//1809 2208//1780 2370//1810
f 2406//1809 2493//1808 2208//1780
f 2366//1803 2494//1801 2471//1782
f 2471//1782 2494//1801 2400//1802
f 2569//1862 997//960 2570//1863
f 2569//1862 998//964 997//960
f 2569//1862 2567//1803 998//964
f 998//964 2567//1803 999//966
f 999//966 2567//1803 2566//1804
f 2525//968 2566//1804 2526//1864
f 2527//970 2526//1864 2495//1806
f 1001//972 2495//1806 2496//1865
f 2528//1025 2496//1865 2497//1808
f 2529//1027 2497//1808 2498//1866
f 1002//979 2498//1866 2564//1810
f 2530//980 2564//1810 2563//1811
f 1005//981 2563//1811 2499//1812
f 2531//982 2499//1812 2562//1813
f 1024//1028 2562//1813 2532//1814
f 2500//1034 2532//1814 2501//1815
f 2533//985 2501//1815 2502//1867
f 2503//986 2502//1867 2591//1817
f 1027//987 2591//1817 2534//1818
f 2504//1030 2534//1818 2535//1819
f 2536//1029 2535//1819 2600//1820
f 1032//990 2600//1820 2593//1821
f 931//977 2593//1821 2594//1868
f 930//976 2594//1868 2537//1823
f 932//975 2537//1823 2538//1869
f 2505//973 2538//1869 2506//1870
f 2507//971 2506//1870 2508//1826
f 2509//969 2508//1826 2510//1827
f 933//967 2510//1827 2602//1828
f 2539//965 2602//1828 2604//1829
f 929//963 2604//1829 2540//1871
f 2541//961 2540//1871 2511//1831
f 2512//992 2511//1831 2513//1832
f 2542//993 2513//1832 2514//1872
f 2543//994 2514//1872 2515//1834
f 2544//995 2515//1834 2585//1835
f 995//1020 2585//1835 2516//1836
f 2545//997 2516//1836 2517//1873
f 990//998 2517//1873 2613//1874
f 980//999 2613//1874 2518//1839
f 2546//1000 2518//1839 2547//1840
f 982//1001 2547//1840 2581//1875
f 983//1002 2581//1875 2548//1842
f 1034//1003 2548//1842 2519//1843
f 2549//1016 2519//1843 2579//1844
f 1036//1005 2579//1844 2550//1876
f 986//1017 2550//1876 2551//1846
f 1040//1007 2551//1846 2552//1877
f 1042//1035 2552//1877 2553//1848
f 1043//1036 2553//1848 2578//1878
f 1046//1010 2578//1878 2554//1879
f 1053//1011 2554//1879 2575//1880
f 1054//1012 2575//1880 2576//1881
f 1047//1037 2576//1881 2555//1853
f 1048//1038 2555//1853 2556//1882
f 2520//1039 2556//1882 2573//1883
f 2557//1018 2573//1883 2572//1884
f 1058//1019 2572//1884 2571//1885
f 1055//1021 2571//1885 2521//1858
f 2558//1022 2521//1858 2522//1886
f 2523//1023 2522//1886 2524//1887
f 2559//1024 2524//1887 2560//1888
f 1057//962 2560//1888 2570//1863
f 997//960 1057//962 2570//1863
f 999//966 2566//1804 2525//968
f 2525//968 2526//1864 2527//970
f 2527//970 2495//1806 1001//972
f 1001//972 2496//1865 2528//1025
f 2528//1025 2497//1808 2529//1027
f 2529//1027 2498//1866 1002//979
f 1002//979 2564//1810 2530//980
f 2530//980 2563//1811 1005//981
f 1005//981 2499//1812 2531//982
f 2531//982 2562//1813 1024//1028
f 1024//1028 2532//1814 2500//1034
f 2500//1034 2501//1815 2533//985
f 2533//985 2502//1867 2503//986
f 2503//986 2591//1817 1027//987
f 1027//987 2534//1818 2504//1030
f 2504//1030 2535//1819 2536//1029
f 2536//1029 2600//1820 1032//990
f 1032//990 2593//1821 931//977
f 931//977 2594//1868 930//976
f 930//976 2537//1823 932//975
f 932//975 2538//1869 2505//973
f 2505//973 2506//1870 2507//971
f 2507//971 2508//1826 2509//969
f 2509//969 2510//1827 933//967
f 933//967 2602//1828 2539//965
f 2539//965 2604//1829 929//963
f 929//963 2540//1871 2541//961
f 2541//961 2511//1831 2512//992
f 2512//992 2513//1832 2542//993
f 2542//993 2514//1872 2543//994
f 2543//994 2515//1834 2544//995
f 2544//995 2585//1835 995//1020
f 995//1020 2516//1836 2545//997
f 2545//997 2517//1873 990//998
f 990//998 2613//1874 980//999
f 980//999 2518//1839 2546//1000
f 2546//1000 2547//1840 982//1001
f 982//1001 2581//1875 983//1002
f 983//1002 2548//1842 1034//1003
f 1034//1003 2519//1843 2549//1016
f 2549//1016 2579//1844 1036//1005
f 1036//1005 2550//1876 986//1017
f 986//1017 2551//1846 1040//1007
f 1040//1007 2552//1877 1042//1035
f 1042//1035 2553//1848 1043//1036
f 1043//1036 2578//1878 1046//1010
f 1046//1010 2554//1879 1053//1011
f 1053//1011 2575//1880 1054//1012
f 1054//1012 2576//1881 1047//1037
f 1047//1037 2555//1853 1048//1038
f 1048//1038 2556//1882 2520//1039
f 2520//1039 2573//1883 2557//1018
f 2557//1018 2572//1884 1058//1019
f 1058//1019 2571//1885 1055//1021
f 1055//1021 2521//1858 2558//1022
f 2558//1022 2522//1886 2523//1023
f 2523//1023 2524//1887 2559//1024
f 2559//1024 2560//1888 1057//962
f 2561//1530 2257//1509 1967//1723
f 2561//1530 2273//1788 2257//1509
f 2561//1530 1982//1733 2273//1788
f 2273//1788 1982//1733 2591//1817
f 2502//1867 2273//1788 2591//1817
f 2502//1867 2501//1815 2273//1788
f 2273//1788 2501//1815 2272//1725
f 2272//1725 2501//1815 2532//1814
f 2270//1758 2532//1814 2562//1813
f 2499//1812 2270//1758 2562//1813
f 2499//1812 2269//1513 2270//1758
f 2499//1812 2563//1811 2269//1513
f 2269//1513 2563//1811 2268//1514
f 2268//1514 2563//1811 2564//1810
f 2255//1515 2564//1810 2498//1866
f 2254//1516 2498//1866 2497//1808
f 2610//1728 2497//1808 2496//1865
f 2565//1518 2496//1865 2495//1806
f 2609//1519 2495//1806 2526//1864
f 2612//1784 2526//1864 2566//1804
f 2567//1803 2612//1784 2566//1804
f 2567//1803 2278//1729 2612//1784
f 2567//1803 2569//1862 2278//1729
f 2278//1729 2569//1862 2568//1776
f 2568//1776 2569//1862 2570//1863
f 2560//1888 2568//1776 2570//1863
f 2560//1888 2276//1793 2568//1776
f 2560//1888 2524//1887 2276//1793
f 2276//1793 2524//1887 2522//1886
f 2266//1792 2522//1886 2521//1858
f 2571//1885 2266//1792 2521//1858
f 2571//1885 2572//1884 2266//1792
f 2266//1792 2572//1884 2275//1791
f 2275//1791 2572//1884 2573//1883
f 2556//1882 2275//1791 2573//1883
f 2556//1882 2574//1780 2275//1791
f 2556//1882 2555//1853 2574//1780
f 2574//1780 2555//1853 2357//1800
f 2357//1800 2555//1853 2576//1881
f 2575//1880 2357//1800 2576//1881
f 2575//1880 2554//1879 2357//1800
f 2357//1800 2554//1879 2577//1799
f 2577//1799 2554//1879 2578//1878
f 2553//1848 2577//1799 2578//1878
f 2553//1848 2349//1776 2577//1799
f 2553//1848 2552//1877 2349//1776
f 2349//1776 2552//1877 2551//1846
f 2616//1793 2551//1846 2550//1876
f 2579//1844 2616//1793 2550//1876
f 2579//1844 2580//1524 2616//1793
f 2579//1844 2519//1843 2580//1524
f 2580//1524 2519//1843 2355//1525
f 2355//1525 2519//1843 2548//1842
f 2615//1731 2548//1842 2581//1875
f 2614//1732 2581//1875 2547//1840
f 2582//1528 2547//1840 2518//1839
f 2583//1529 2518//1839 2613//1874
f 2354//1767 2613//1874 2517//1873
f 2516//1836 2354//1767 2517//1873
f 2516//1836 2584//1723 2354//1767
f 2516//1836 2585//1835 2584//1723
f 2584//1723 2585//1835 2353//1507
f 2353//1507 2585//1835 2515//1834
f 2586//1797 2515//1834 2514//1872
f 2513//1832 2586//1797 2514//1872
f 2513//1832 2587//1724 2586//1797
f 2513//1832 2511//1831 2587//1724
f 2587//1724 2511//1831 1963//1727
f 1962//1514 2587//1724 1963//1727
f 1962//1514 2337//1725 2587//1724
f 1962//1514 1960//1513 2337//1725
f 2337//1725 1960//1513 2351//1726
f 2351//1726 1960//1513 1969//1726
f 2605//1513 1969//1726 2588//1725
f 2335//1514 2588//1725 1959//1724
f 2589//1727 1959//1724 2260//1529
f 2590//1528 2589//1727 2260//1529
f 2590//1528 2334//1516 2589//1727
f 2590//1528 2261//1732 2334//1516
f 2334//1516 2261//1732 2611//1728
f 2611//1728 2261//1732 2263//1731
f 2332//1518 2263//1731 2275//1791
f 2574//1780 2332//1518 2275//1791
f 2591//1817 1982//1733 2534//1818
f 2534//1818 1982//1733 2592//1528
f 2535//1819 2592//1528 1981//1732
f 2600//1820 1981//1732 1980//1731
f 2593//1821 1980//1731 2595//1525
f 2594//1868 2595//1525 2596//1524
f 2537//1823 2596//1524 1978//1523
f 2538//1869 1978//1523 2597//1730
f 2598//1729 2538//1869 2597//1730
f 2598//1729 2506//1870 2538//1869
f 2598//1729 1965//1520 2506//1870
f 2506//1870 1965//1520 2508//1826
f 2508//1826 1965//1520 2601//1519
f 2510//1827 2601//1519 2599//1518
f 2602//1828 2599//1518 2603//1728
f 2604//1829 2603//1728 1964//1516
f 2540//1871 1964//1516 1963//1727
f 2511//1831 2540//1871 1963//1727
f 2534//1818 2592//1528 2535//1819
f 2535//1819 1981//1732 2600//1820
f 2600//1820 1980//1731 2593//1821
f 2593//1821 2595//1525 2594//1868
f 2594//1868 2596//1524 2537//1823
f 2537//1823 1978//1523 2538//1869
f 2508//1826 2601//1519 2510//1827
f 2510//1827 2599//1518 2602//1828
f 2602//1828 2603//1728 2604//1829
f 2604//1829 1964//1516 2540//1871
f 2351//1726 1969//1726 2605//1513
f 2605//1513 2588//1725 2335//1514
f 2260//1529 1959//1724 2258//1530
f 2258//1530 1959//1724 1958//1509
f 2606//1723 1958//1509 2607//1507
f 2608//1507 2607//1507 1967//1723
f 2257//1509 2608//1507 1967//1723
f 2258//1530 1958//1509 2606//1723
f 2606//1723 2607//1507 2608//1507
f 2609//1519 2565//1518 2495//1806
f 2565//1518 2610//1728 2496//1865
f 2610//1728 2254//1516 2497//1808
f 2254//1516 2255//1515 2498//1866
f 2255//1515 2268//1514 2564//1810
f 2270//1758 2272//1725 2532//1814
f 2611//1728 2263//1731 2332//1518
f 2266//1792 2276//1793 2522//1886
f 2612//1784 2609//1519 2526//1864
f 2589//1727 2335//1514 1959//1724
f 2586//1797 2353//1507 2515//1834
f 2354//1767 2583//1529 2613//1874
f 2583//1529 2582//1528 2518//1839
f 2582//1528 2614//1732 2547//1840
f 2614//1732 2615//1731 2581//1875
f 2615//1731 2355//1525 2548//1842
f 2616//1793 2349//1776 2551//1846
f 2619//1862 2618//960 2718//1889
f 2619//1862 2617//964 2618//960
f 2619//1862 2621//1803 2617//964
f 2617//964 2621//1803 2620//966
f 2620//966 2621//1803 2716//1890
f 2622//968 2716//1890 2623//1864
f 934//970 2623//1864 2624//1806
f 2648//972 2624//1806 2714//1865
f 2649//974 2714//1865 2712//1808
f 2650//978 2712//1808 2625//1809
f 2651//979 2625//1809 2626//1810
f 2627//980 2626//1810 2652//1811
f 936//981 2652//1811 2710//1812
f 937//982 2710//1812 2628//1813
f 941//983 2628//1813 2653//1814
f 938//984 2653//1814 2746//1815
f 945//985 2746//1815 2708//1816
f 946//986 2708//1816 2629//1817
f 948//987 2629//1817 2707//1818
f 949//988 2707//1818 2630//1819
f 2654//989 2630//1819 2655//1820
f 962//990 2655//1820 2704//1821
f 951//991 2704//1821 2702//1822
f 2631//976 2702//1822 2747//1823
f 952//975 2747//1823 2701//1891
f 953//973 2701//1891 2656//1870
f 2657//971 2656//1870 2699//1892
f 2658//969 2699//1892 2659//1893
f 954//967 2659//1893 2698//1894
f 955//965 2698//1894 2697//1895
f 964//963 2697//1895 2696//1871
f 2660//961 2696//1871 2695//1831
f 2661//992 2695//1831 2632//1896
f 967//993 2632//1896 2662//1897
f 2663//994 2662//1897 2634//1898
f 2633//995 2634//1898 2694//1899
f 957//996 2694//1899 2693//1836
f 2635//997 2693//1836 2636//1873
f 969//998 2636//1873 2691//1874
f 970//999 2691//1874 2690//1900
f 958//1000 2690//1900 2637//1840
f 959//1001 2637//1840 2688//1841
f 2664//1002 2688//1841 2742//1842
f 2638//1003 2742//1842 2743//1843
f 2639//1004 2743//1843 2686//1844
f 971//1005 2686//1844 2665//1845
f 974//1006 2665//1845 2685//1846
f 2666//1007 2685//1846 2667//1847
f 2668//1008 2667//1847 2640//1848
f 978//1009 2640//1848 2683//1849
f 2669//1010 2683//1849 2642//1850
f 2641//1011 2642//1850 2682//1851
f 989//1012 2682//1851 2679//1852
f 2670//1013 2679//1852 2678//1853
f 979//1014 2678//1853 2643//1854
f 2671//1015 2643//1854 2677//1855
f 994//1018 2677//1855 2672//1884
f 2644//1019 2672//1884 2738//1857
f 2673//1021 2738//1857 2739//1901
f 991//1022 2739//1901 2645//1886
f 992//1023 2645//1886 2646//1860
f 993//1024 2646//1860 2674//1888
f 2647//962 2674//1888 2718//1889
f 2618//960 2647//962 2718//1889
f 2620//966 2716//1890 2622//968
f 2622//968 2623//1864 934//970
f 934//970 2624//1806 2648//972
f 2648//972 2714//1865 2649//974
f 2649//974 2712//1808 2650//978
f 2650//978 2625//1809 2651//979
f 2651//979 2626//1810 2627//980
f 2627//980 2652//1811 936//981
f 936//981 2710//1812 937//982
f 937//982 2628//1813 941//983
f 941//983 2653//1814 938//984
f 938//984 2746//1815 945//985
f 945//985 2708//1816 946//986
f 946//986 2629//1817 948//987
f 948//987 2707//1818 949//988
f 949//988 2630//1819 2654//989
f 2654//989 2655//1820 962//990
f 962//990 2704//1821 951//991
f 951//991 2702//1822 2631//976
f 2631//976 2747//1823 952//975
f 952//975 2701//1891 953//973
f 953//973 2656//1870 2657//971
f 2657//971 2699//1892 2658//969
f 2658//969 2659//1893 954//967
f 954//967 2698//1894 955//965
f 955//965 2697//1895 964//963
f 964//963 2696//1871 2660//961
f 2660//961 2695//1831 2661//992
f 2661//992 2632//1896 967//993
f 967//993 2662//1897 2663//994
f 2663//994 2634//1898 2633//995
f 2633//995 2694//1899 957//996
f 957//996 2693//1836 2635//997
f 2635//997 2636//1873 969//998
f 969//998 2691//1874 970//999
f 970//999 2690//1900 958//1000
f 958//1000 2637//1840 959//1001
f 959//1001 2688//1841 2664//1002
f 2664//1002 2742//1842 2638//1003
f 2638//1003 2743//1843 2639//1004
f 2639//1004 2686//1844 971//1005
f 971//1005 2665//1845 974//1006
f 974//1006 2685//1846 2666//1007
f 2666//1007 2667//1847 2668//1008
f 2668//1008 2640//1848 978//1009
f 978//1009 2683//1849 2669//1010
f 2669//1010 2642//1850 2641//1011
f 2641//1011 2682//1851 989//1012
f 989//1012 2679//1852 2670//1013
f 2670//1013 2678//1853 979//1014
f 979//1014 2643//1854 2671//1015
f 2671//1015 2677//1855 994//1018
f 994//1018 2672//1884 2644//1019
f 2644//1019 2738//1857 2673//1021
f 2673//1021 2739//1901 991//1022
f 991//1022 2645//1886 992//1023
f 992//1023 2646//1860 993//1024
f 993//1024 2674//1888 2647//962
f 2675//1507 2131//1742 2718//1889
f 2674//1888 2675//1507 2718//1889
f 2674//1888 2676//1509 2675//1507
f 2674//1888 2646//1860 2676//1509
f 2676//1509 2646//1860 2740//1510
f 2740//1510 2646//1860 2645//1886
f 2133//1725 2645//1886 2739//1901
f 2737//1726 2739//1901 2738//1857
f 2134//1513 2738//1857 2672//1884
f 2135//1743 2672//1884 2677//1855
f 2733//1790 2677//1855 2643//1854
f 2678//1853 2733//1790 2643//1854
f 2678//1853 2680//1520 2733//1790
f 2678//1853 2679//1852 2680//1520
f 2680//1520 2679//1852 2681//1729
f 2681//1729 2679//1852 2682//1851
f 2243//1776 2682//1851 2642//1850
f 2683//1849 2243//1776 2642//1850
f 2683//1849 2684//1523 2243//1776
f 2683//1849 2640//1848 2684//1523
f 2684//1523 2640//1848 2242//1524
f 2242//1524 2640//1848 2667//1847
f 2745//1525 2667//1847 2685//1846
f 2744//1731 2685//1846 2665//1845
f 2241//1732 2665//1845 2686//1844
f 2240//1528 2686//1844 2743//1843
f 2687//1529 2743//1843 2742//1842
f 2239//1767 2742//1842 2688//1841
f 2637//1840 2239//1767 2688//1841
f 2637//1840 2689//1765 2239//1767
f 2637//1840 2690//1900 2689//1765
f 2689//1765 2690//1900 2691//1874
f 2692//1763 2691//1874 2636//1873
f 2693//1836 2692//1763 2636//1873
f 2693//1836 2237//1789 2692//1763
f 2693//1836 2694//1899 2237//1789
f 2237//1789 2694//1899 2634//1898
f 2662//1897 2237//1789 2634//1898
f 2662//1897 2727//1788 2237//1789
f 2662//1897 2632//1896 2727//1788
f 2727//1788 2632//1896 2695//1831
f 2314//1795 2695//1831 2696//1871
f 2302//1794 2696//1871 2697//1895
f 2698//1894 2302//1794 2697//1895
f 2698//1894 2659//1893 2302//1794
f 2302//1794 2659//1893 2313//1767
f 2313//1767 2659//1893 2699//1892
f 2656//1870 2313//1767 2699//1892
f 2656//1870 2700//1765 2313//1767
f 2656//1870 2701//1891 2700//1765
f 2700//1765 2701//1891 2747//1823
f 2299//1763 2747//1823 2702//1822
f 2704//1821 2299//1763 2702//1822
f 2704//1821 2703//1509 2299//1763
f 2704//1821 2655//1820 2703//1509
f 2703//1509 2655//1820 2705//1510
f 2705//1510 2655//1820 2630//1819
f 2311//1725 2630//1819 2707//1818
f 2706//1726 2707//1818 2629//1817
f 2297//1513 2629//1817 2708//1816
f 2309//1514 2708//1816 2746//1815
f 2308//1515 2746//1815 2653//1814
f 2709//1781 2653//1814 2628//1813
f 2710//1812 2709//1781 2628//1813
f 2710//1812 2296//1728 2709//1781
f 2710//1812 2652//1811 2296//1728
f 2296//1728 2652//1811 2294//1518
f 2294//1518 2652//1811 2626//1810
f 2711//1790 2626//1810 2625//1809
f 2712//1808 2711//1790 2625//1809
f 2712//1808 2713//1747 2711//1790
f 2712//1808 2714//1865 2713//1747
f 2713//1747 2714//1865 2139//1525
f 2139//1525 2714//1865 2624//1806
f 2715//1731 2624//1806 2623//1864
f 2146//1732 2623//1864 2716//1890
f 2720//1528 2716//1890 2621//1803
f 2717//1529 2621//1803 2619//1862
f 2719//1530 2619//1862 2718//1889
f 2131//1742 2719//1530 2718//1889
f 2719//1530 2717//1529 2619//1862
f 2717//1529 2720//1528 2621//1803
f 2720//1528 2146//1732 2716//1890
f 2146//1732 2715//1731 2623//1864
f 2715//1731 2139//1525 2624//1806
f 2711//1790 2713//1747 2317//1784
f 2317//1784 2713//1747 2145//1746
f 2137//1522 2317//1784 2145//1746
f 2137//1522 2721//1729 2317//1784
f 2137//1522 2722//1729 2721//1729
f 2721//1729 2722//1729 2315//1522
f 2315//1522 2722//1729 2723//1520
f 2748//1523 2723//1520 2728//1745
f 2305//1524 2728//1745 2741//1785
f 2303//1796 2741//1785 2233//1786
f 2223//1726 2303//1796 2233//1786
f 2223//1726 2724//1731 2303//1796
f 2223//1726 2725//1725 2724//1731
f 2724//1731 2725//1725 2726//1732
f 2726//1732 2725//1725 2727//1788
f 2314//1795 2727//1788 2695//1831
f 2314//1795 2726//1732 2727//1788
f 2315//1522 2723//1520 2748//1523
f 2741//1785 2728//1745 2734//1515
f 2734//1515 2728//1745 2729//1518
f 2230//1516 2729//1518 2735//1728
f 2736//1728 2735//1728 2730//1516
f 2732//1749 2730//1516 2731//1744
f 2135//1743 2732//1749 2731//1744
f 2135//1743 2733//1790 2732//1749
f 2135//1743 2677//1855 2733//1790
f 2734//1515 2729//1518 2230//1516
f 2230//1516 2735//1728 2736//1728
f 2736//1728 2730//1516 2732//1749
f 2135//1743 2134//1513 2672//1884
f 2134//1513 2737//1726 2738//1857
f 2737//1726 2133//1725 2739//1901
f 2133//1725 2740//1510 2645//1886
f 2305//1524 2741//1785 2303//1796
f 2692//1763 2689//1765 2691//1874
f 2239//1767 2687//1529 2742//1842
f 2687//1529 2240//1528 2743//1843
f 2240//1528 2241//1732 2686//1844
f 2241//1732 2744//1731 2665//1845
f 2744//1731 2745//1525 2685//1846
f 2745//1525 2242//1524 2667//1847
f 2243//1776 2681//1729 2682//1851
f 2711//1790 2294//1518 2626//1810
f 2709//1781 2308//1515 2653//1814
f 2308//1515 2309//1514 2746//1815
f 2309//1514 2297//1513 2708//1816
f 2297//1513 2706//1726 2629//1817
f 2706//1726 2311//1725 2707//1818
f 2311//1725 2705//1510 2630//1819
f 2299//1763 2700//1765 2747//1823
f 2302//1794 2314//1795 2696//1871
f 2305//1524 2748//1523 2728//1745
f 308//463 2749//1902 321//462
f 321//462 2749//1902 2876//685
f 2750//515 2910//950 358//514
f 358//514 2910//950 2911//1903
f 2749//1902 308//463 2751//1904
f 2751//1904 308//463 309//464
f 2752//282 309//464 2753//465
f 2782//1905 2753//465 2754//466
f 2942//284 2754//466 2755//467
f 311//468 2942//284 2755//467
f 311//468 2756//1906 2942//284
f 311//468 312//469 2756//1906
f 2756//1906 312//469 2943//1907
f 2943//1907 312//469 313//470
f 2944//1908 313//470 316//471
f 2783//1909 316//471 315//472
f 2907//1910 315//472 323//473
f 2904//1911 323//473 324//474
f 2905//1912 324//474 2784//475
f 2785//292 2784//475 2757//476
f 2903//1913 2757//476 2758//477
f 2759//294 2758//477 341//478
f 2786//1914 341//478 2787//479
f 2788//1915 2787//479 342//480
f 2899//1916 342//480 2760//481
f 2896//1917 2760//481 343//482
f 2789//299 343//482 344//483
f 2790//300 344//483 2791//484
f 2792//301 2791//484 327//485
f 2761//1918 327//485 2762//486
f 2945//1919 2762//486 346//487
f 2793//304 346//487 347//488
f 2884//1920 347//488 2763//489
f 2794//1921 2763//489 2764//490
f 2885//417 2764//490 348//491
f 2765//416 348//491 350//492
f 2886//1922 350//492 333//493
f 2766//414 333//493 2795//494
f 2796//1923 2795//494 351//495
f 2797//412 351//495 2767//496
f 2768//411 2767//496 2769//497
f 2889//410 2769//497 2770//498
f 2919//409 2770//498 352//499
f 2771//408 352//499 2772//500
f 2917//407 2772//500 2798//501
f 2773//1924 2798//501 2774//502
f 2799//405 2774//502 2800//503
f 2801//1925 2800//503 2776//504
f 2775//1926 2776//504 2777//505
f 2890//402 2777//505 2802//506
f 2778//1927 2802//506 367//507
f 2891//400 367//507 2803//508
f 2892//1928 2803//508 2779//509
f 2804//1929 2779//509 2780//510
f 2893//1930 2780//510 2805//511
f 2806//396 2805//511 2807//512
f 2808//395 2807//512 368//513
f 2781//1931 368//513 358//514
f 2911//1903 2781//1931 358//514
f 2751//1904 309//464 2752//282
f 2752//282 2753//465 2782//1905
f 2782//1905 2754//466 2942//284
f 2943//1907 313//470 2944//1908
f 2944//1908 316//471 2783//1909
f 2783//1909 315//472 2907//1910
f 2907//1910 323//473 2904//1911
f 2904//1911 324//474 2905//1912
f 2905//1912 2784//475 2785//292
f 2785//292 2757//476 2903//1913
f 2903//1913 2758//477 2759//294
f 2759//294 341//478 2786//1914
f 2786//1914 2787//479 2788//1915
f 2788//1915 342//480 2899//1916
f 2899//1916 2760//481 2896//1917
f 2896//1917 343//482 2789//299
f 2789//299 344//483 2790//300
f 2790//300 2791//484 2792//301
f 2792//301 327//485 2761//1918
f 2761//1918 2762//486 2945//1919
f 2945//1919 346//487 2793//304
f 2793//304 347//488 2884//1920
f 2884//1920 2763//489 2794//1921
f 2794//1921 2764//490 2885//417
f 2885//417 348//491 2765//416
f 2765//416 350//492 2886//1922
f 2886//1922 333//493 2766//414
f 2766//414 2795//494 2796//1923
f 2796//1923 351//495 2797//412
f 2797//412 2767//496 2768//411
f 2768//411 2769//497 2889//410
f 2889//410 2770//498 2919//409
f 2919//409 352//499 2771//408
f 2771//408 2772//500 2917//407
f 2917//407 2798//501 2773//1924
f 2773//1924 2774//502 2799//405
f 2799//405 2800//503 2801//1925
f 2801//1925 2776//504 2775//1926
f 2775//1926 2777//505 2890//402
f 2890//402 2802//506 2778//1927
f 2778//1927 367//507 2891//400
f 2891//400 2803//508 2892//1928
f 2892//1928 2779//509 2804//1929
f 2804//1929 2780//510 2893//1930
f 2893//1930 2805//511 2806//396
f 2806//396 2807//512 2808//395
f 2808//395 368//513 2781//1931
f 637//738 2809//340 2839//784
f 637//738 522//341 2809//340
f 637//738 2810//740 522//341
f 522//341 2810//740 2811//342
f 2811//342 2810//740 2812//742
f 2813//343 2812//742 640//744
f 2815//630 640//744 2814//345
f 2815//630 2813//343 640//744
f 2811//342 2812//742 2813//343
f 640//744 2816//746 2814//345
f 2814//345 2816//746 2817//629
f 2817//629 2816//746 2818//628
f 2818//628 2816//746 2822//1357
f 2819//1359 2818//628 2822//1357
f 2819//1359 2820//627 2818//628
f 2819//1359 495//349 2820//627
f 2819//1359 1561//1361 495//349
f 495//349 1561//1361 2821//626
f 2821//626 1561//1361 1503//1245
f 519//625 1503//1245 518//624
f 519//625 2821//626 1503//1245
f 2816//746 641//748 2822//1357
f 2822//1357 641//748 1528//1355
f 1528//1355 641//748 2823//1353
f 2823//1353 641//748 2829//750
f 2824//1351 2829//750 2825//752
f 1558//1349 2825//752 644//754
f 1556//1347 644//754 2827//756
f 2826//1345 2827//756 2830//658
f 2828//1343 2830//658 1554//1341
f 2828//1343 2826//1345 2830//658
f 2823//1353 2829//750 2824//1351
f 2824//1351 2825//752 1558//1349
f 1558//1349 644//754 1556//1347
f 2827//756 655//758 2830//658
f 2830//658 655//758 511//639
f 511//639 655//758 645//760
f 657//762 511//639 645//760
f 657//762 659//764 511//639
f 511//639 659//764 661//766
f 2832//638 661//766 663//768
f 2831//770 2832//638 663//768
f 2831//770 525//326 2832//638
f 2831//770 664//772 525//326
f 525//326 664//772 509//327
f 509//327 664//772 649//774
f 508//637 649//774 2834//776
f 506//636 2834//776 2833//635
f 506//636 508//637 2834//776
f 511//639 661//766 2832//638
f 509//327 649//774 508//637
f 2833//635 2834//776 505//331
f 505//331 2834//776 2836//778
f 2835//634 2836//778 502//333
f 2835//634 505//331 2836//778
f 665//780 499//336 2836//778
f 665//780 2837//631 499//336
f 665//780 497//338 2837//631
f 665//780 2838//782 497//338
f 497//338 2838//782 496//339
f 496//339 2838//782 2839//784
f 2809//340 496//339 2839//784
f 684//782 685//798 490//621
f 2840//622 684//782 490//621
f 2840//622 692//797 684//782
f 2840//622 691//796 692//797
f 2840//622 491//356 691//796
f 691//796 491//356 682//795
f 682//795 491//356 516//355
f 2870//774 516//355 517//354
f 2841//794 517//354 493//623
f 518//624 2841//794 493//623
f 518//624 680//793 2841//794
f 518//624 1505//1247 680//793
f 518//624 1503//1245 1505//1247
f 2842//785 488//620 2947//738
f 2842//785 2843//742 488//620
f 488//620 2843//742 2846//619
f 2846//619 2843//742 2844//786
f 2845//787 2846//619 2844//786
f 2845//787 2847//361 2846//619
f 2845//787 2848//788 2847//361
f 2847//361 2848//788 2851//362
f 2851//362 2848//788 675//750
f 515//363 675//750 686//789
f 2849//618 686//789 2850//617
f 2849//618 515//363 686//789
f 2851//362 675//750 515//363
f 2850//617 686//789 2853//616
f 2853//616 686//789 2852//790
f 514//615 2852//790 481//614
f 514//615 2853//616 2852//790
f 2854//756 2855//371 2852//790
f 2854//756 2856//611 2855//371
f 2854//756 2858//373 2856//611
f 2854//756 2857//758 2858//373
f 2858//373 2857//758 512//610
f 512//610 2857//758 2860//791
f 2859//609 2860//791 678//762
f 2861//764 2859//609 678//762
f 2861//764 690//766 2859//609
f 2859//609 690//766 1532//1253
f 2862//1255 2859//609 1532//1253
f 2862//1255 2863//1257 2859//609
f 2859//609 2863//1257 1509//1259
f 926//959 1509//1259 2864//1261
f 2865//1263 926//959 2864//1261
f 2865//1263 2866//1265 926//959
f 926//959 2866//1265 927//377
f 927//377 2866//1265 1534//1267
f 924//378 1534//1267 2867//1269
f 2868//958 2867//1269 928//380
f 2868//958 924//378 2867//1269
f 512//610 2860//791 2859//609
f 690//766 2869//792 1532//1253
f 1532//1253 2869//792 1530//1251
f 1530//1251 2869//792 1529//1249
f 1529//1249 2869//792 680//793
f 1505//1247 1529//1249 680//793
f 2841//794 2870//774 517//354
f 2870//774 682//795 516//355
f 2871//799 2749//1902 721//784
f 2871//799 2872//800 2749//1902
f 2749//1902 2872//800 2873//801
f 2874//1313 2873//801 2880//1311
f 2874//1313 2749//1902 2873//801
f 2874//1313 2875//1315 2749//1902
f 2749//1902 2875//1315 1547//1317
f 2876//685 1547//1317 2877//1319
f 2878//1321 2876//685 2877//1319
f 2878//1321 1549//1323 2876//685
f 2876//685 1549//1323 570//307
f 570//307 1549//1323 2879//1325
f 569//308 2879//1325 1523//1327
f 568//309 1523//1327 2934//1329
f 567//684 2934//1329 2935//311
f 567//684 568//309 2934//1329
f 2873//801 710//802 2880//1311
f 2880//1311 710//802 2881//1309
f 2881//1309 710//802 2882//746
f 1520//1307 2882//746 2883//1305
f 1520//1307 2881//1309 2882//746
f 2883//1305 2882//746 2945//1919
f 2793//304 2883//1305 2945//1919
f 2793//304 1546//1303 2883//1305
f 2793//304 2884//1920 1546//1303
f 1546//1303 2884//1920 2794//1921
f 1545//1301 2794//1921 2885//417
f 1544//1299 2885//417 2765//416
f 2887//810 2765//416 2886//1922
f 2766//414 2887//810 2886//1922
f 2766//414 764//792 2887//810
f 2766//414 2796//1923 764//792
f 764//792 2796//1923 2797//412
f 2920//766 2797//412 2768//411
f 747//809 2768//411 2889//410
f 2888//805 2889//410 2919//409
f 2918//791 2919//409 2771//408
f 762//758 2771//408 2917//407
f 760//756 2917//407 2773//1924
f 2799//405 760//756 2773//1924
f 2799//405 2916//790 760//756
f 2799//405 2801//1925 2916//790
f 2916//790 2801//1925 2775//1926
f 2890//402 2916//790 2775//1926
f 2890//402 2778//1927 2916//790
f 2916//790 2778//1927 2891//400
f 2915//789 2891//400 2892//1928
f 2804//1929 2915//789 2892//1928
f 2804//1929 2893//1930 2915//789
f 2915//789 2893//1930 2914//750
f 2914//750 2893//1930 2806//396
f 2913//788 2806//396 2808//395
f 756//787 2808//395 2781//1931
f 755//808 2781//1931 2894//742
f 755//808 756//787 2781//1931
f 711//750 2792//301 2895//748
f 711//750 2790//300 2792//301
f 711//750 722//752 2790//300
f 2790//300 722//752 2789//299
f 2789//299 722//752 2897//754
f 2896//1917 2897//754 2898//803
f 724//758 2896//1917 2898//803
f 724//758 2899//1916 2896//1917
f 724//758 2900//804 2899//1916
f 2899//1916 2900//804 2901//805
f 2788//1915 2901//805 2902//806
f 715//766 2788//1915 2902//806
f 715//766 2786//1914 2788//1915
f 715//766 716//807 2786//1914
f 2786//1914 716//807 717//770
f 2759//294 717//770 718//772
f 2903//1913 718//772 2906//774
f 2785//292 2906//774 729//776
f 2905//1912 729//776 2904//1911
f 2905//1912 2785//292 729//776
f 2789//299 2897//754 2896//1917
f 2899//1916 2901//805 2788//1915
f 2786//1914 717//770 2759//294
f 2759//294 718//772 2903//1913
f 2903//1913 2906//774 2785//292
f 2904//1911 729//776 2907//1910
f 2907//1910 729//776 730//778
f 2783//1909 730//778 2944//1908
f 2783//1909 2907//1910 730//778
f 731//780 2942//284 730//778
f 731//780 2782//1905 2942//284
f 731//780 2752//282 2782//1905
f 731//780 2908//782 2752//282
f 2752//282 2908//782 2751//1904
f 2751//1904 2908//782 721//784
f 2749//1902 2751//1904 721//784
f 2925//782 754//812 2911//1903
f 2926//1287 2911//1903 2910//950
f 2909//1285 2910//950 2933//1283
f 2909//1285 2926//1287 2910//950
f 754//812 744//799 2911//1903
f 2911//1903 744//799 2912//785
f 2894//742 2911//1903 2912//785
f 2894//742 2781//1931 2911//1903
f 756//787 2913//788 2808//395
f 2913//788 2914//750 2806//396
f 2915//789 2916//790 2891//400
f 760//756 762//758 2917//407
f 762//758 2918//791 2771//408
f 2918//791 2888//805 2919//409
f 2888//805 747//809 2889//410
f 747//809 2920//766 2768//411
f 2920//766 764//792 2797//412
f 2921//794 1542//1297 2887//810
f 2921//794 2922//1295 1542//1297
f 2921//794 2923//1293 2922//1295
f 2921//794 2924//774 2923//1293
f 2923//1293 2924//774 2928//1291
f 2928//1291 2924//774 766//795
f 1541//1289 766//795 751//796
f 2926//1287 751//796 2927//811
f 2925//782 2926//1287 2927//811
f 2925//782 2911//1903 2926//1287
f 2928//1291 766//795 1541//1289
f 1541//1289 751//796 2926//1287
f 2859//609 1509//1259 926//959
f 927//377 1534//1267 924//378
f 2867//1269 1536//1271 928//380
f 928//380 1536//1271 922//957
f 922//957 1536//1271 2929//956
f 2929//956 1536//1271 2930//955
f 2930//955 1536//1271 1538//1273
f 918//384 1538//1273 917//954
f 918//384 2930//955 1538//1273
f 1513//1275 2946//387 1538//1273
f 1513//1275 920//952 2946//387
f 1513//1275 2931//389 920//952
f 1513//1275 1515//1277 2931//389
f 2931//389 1515//1277 914//951
f 914//951 1515//1277 913//391
f 913//391 1515//1277 2932//1279
f 2910//950 2932//1279 1539//1281
f 2933//1283 2910//950 1539//1281
f 913//391 2932//1279 2910//950
f 1542//1297 1544//1299 2887//810
f 2887//810 1544//1299 2765//416
f 1544//1299 1545//1301 2885//417
f 1545//1301 1546//1303 2794//1921
f 2749//1902 1547//1317 2876//685
f 570//307 2879//1325 569//308
f 569//308 1523//1327 568//309
f 2934//1329 2936//1331 2935//311
f 2935//311 2936//1331 566//683
f 566//683 2936//1331 578//682
f 578//682 2936//1331 565//681
f 565//681 2936//1331 577//680
f 577//680 2936//1331 576//316
f 576//316 2936//1331 2937//1333
f 574//679 2937//1333 2938//678
f 574//679 576//316 2937//1333
f 2938//678 2937//1333 573//319
f 573//319 2937//1333 1551//1335
f 572//677 1551//1335 2939//321
f 572//677 573//319 1551//1335
f 1551//1335 1553//1337 2939//321
f 2939//321 1553//1337 2940//322
f 2940//322 1553//1337 2941//1339
f 2830//658 2941//1339 1554//1341
f 2830//658 2940//322 2941//1339
f 2826//1345 1556//1347 2827//756
f 2942//284 2756//1906 730//778
f 730//778 2756//1906 2943//1907
f 2944//1908 730//778 2943//1907
f 2792//301 2761//1918 2895//748
f 2895//748 2761//1918 2945//1919
f 2882//746 2895//748 2945//1919
f 2946//387 916//953 1538//1273
f 1538//1273 916//953 917//954
f 2855//371 478//612 2852//790
f 2852//790 478//612 479//613
f 481//614 2852//790 479//613
f 488//620 490//621 2947//738
f 2947//738 490//621 685//798
f 499//336 523//632 2836//778
f 2836//778 523//632 500//633
f 502//333 2836//778 500//633
