# Blender 5.1.2
# www.blender.org
mtllib obj_26.mtl
o obj_26
v 0.030596 0.029319 0.021119
v 0.031812 0.028327 0.021118
v 0.032661 0.026274 0.021279
v 0.029194 0.029486 0.021727
v 0.030299 0.028667 0.022210
v 0.032063 0.026477 0.022122
v 0.031654 0.026359 0.022403
v 0.032430 0.026196 0.021739
v 0.032344 0.027288 0.021375
v 0.031670 0.028172 0.021616
v 0.030517 0.029124 0.021616
v 0.029165 0.029140 0.022120
v 0.029144 0.028710 0.022404
v 0.030436 0.027761 0.022542
v 0.029092 0.028151 0.022587
v 0.031075 0.026399 0.022587
v 0.029245 0.029704 0.021293
v 0.031294 0.027833 0.022210
v 0.031107 -0.026167 0.022584
v 0.031685 -0.026192 0.022389
v 0.032436 -0.026244 0.021727
v 0.032654 -0.026295 0.021293
v 0.029312 -0.028135 0.022588
v 0.029133 -0.029479 0.021745
v 0.029222 -0.029712 0.021278
v 0.030238 -0.029394 0.021375
v 0.031277 -0.028863 0.021118
v 0.031617 -0.027349 0.022210
v 0.030710 -0.027486 0.022542
v 0.030783 -0.028344 0.022210
v 0.029386 -0.029119 0.022129
v 0.029309 -0.028704 0.022403
v 0.032074 -0.027567 0.021616
v 0.032090 -0.026216 0.022120
v 0.031121 -0.028720 0.021616
v 0.032269 -0.027646 0.021119
v -0.042830 -0.028242 0.022553
v -0.042529 -0.029706 0.021298
v -0.042506 -0.029490 0.021717
v -0.044958 -0.026369 0.022399
v -0.045644 -0.027288 0.021375
v -0.045112 -0.028327 0.021118
v -0.043599 -0.028667 0.022210
v -0.042444 -0.028710 0.022404
v -0.043573 -0.027390 0.022614
v -0.044438 -0.026818 0.022546
v -0.045362 -0.026477 0.022122
v -0.045730 -0.026196 0.021739
v -0.045962 -0.026267 0.021283
v -0.043817 -0.029124 0.021616
v -0.042465 -0.029140 0.022120
v -0.043896 -0.029319 0.021119
v -0.044970 -0.028172 0.021616
v -0.044593 -0.027833 0.022210
v -0.044402 0.026164 0.022585
v -0.044968 0.026193 0.022399
v -0.045736 0.026244 0.021727
v -0.045952 0.026313 0.021286
v -0.042686 0.029119 0.022129
v -0.043538 0.029394 0.021375
v -0.044577 0.028863 0.021118
v -0.044917 0.027349 0.022210
v -0.044010 0.027486 0.022542
v -0.042609 0.028704 0.022403
v -0.044082 0.028344 0.022210
v -0.042512 0.029712 0.021286
v -0.042435 0.029479 0.021744
v -0.045390 0.026216 0.022120
v -0.045374 0.027567 0.021616
v -0.044421 0.028720 0.021616
v -0.042626 0.028139 0.022586
v -0.045568 0.027646 0.021119
v -0.046966 0.026360 0.015642
v -0.046573 0.027811 0.015624
v -0.044862 0.029862 0.015663
v -0.043056 0.030683 0.015535
v 0.030761 0.030324 0.015624
v 0.032812 0.028612 0.015663
v 0.033677 0.026365 0.015544
v 0.033398 0.027460 0.015607
v -0.040401 -0.025999 0.022607
v -0.041762 -0.023953 0.022607
v -0.041772 0.023939 0.022607
v -0.040408 0.026010 0.022607
v -0.039303 0.026412 0.022607
v 0.023189 0.026422 0.022607
v 0.024302 0.025999 0.022607
v 0.025260 0.025059 0.022607
v 0.025662 0.023953 0.022607
v 0.025249 -0.025052 0.022607
v 0.024309 -0.026010 0.022607
v 0.029756 -0.030683 0.015535
v 0.032530 -0.028964 0.015607
v 0.031562 -0.029862 0.015663
v -0.045213 -0.029580 0.015607
v -0.046112 -0.028612 0.015663
v -0.042610 -0.030716 0.015642
v -0.046933 -0.026807 0.015535
v -0.043061 -0.030682 0.001157
v -0.044061 -0.030324 0.015624
v -0.045329 -0.029544 0.001157
v -0.046961 -0.026402 0.001157
v -0.045830 0.028964 0.015607
v -0.045794 0.029079 0.001157
v -0.042652 0.030711 0.001157
v -0.044048 0.030329 0.001157
v 0.025672 0.023939 0.012507
v -0.039303 -0.026412 0.012507
v -0.038629 -0.024909 0.012507
v -0.039205 -0.024435 0.012507
v -0.040408 -0.026010 0.012507
v -0.041349 -0.025052 0.012507
v -0.041762 0.023953 0.012507
v -0.041772 -0.023939 0.012507
v -0.039257 0.024282 0.012507
v -0.040401 0.025999 0.012507
v -0.041360 0.025059 0.012507
v -0.039289 0.026422 0.012507
v -0.038516 0.024928 0.012507
v 0.023203 0.026412 0.012507
v 0.024309 0.026010 0.012507
v 0.023245 0.024884 0.012507
v 0.023778 0.024308 0.012507
v 0.025249 0.025052 0.012507
v 0.025662 -0.023953 0.012507
v 0.023762 -0.024414 0.012507
v 0.025260 -0.025059 0.012507
v 0.024302 -0.025999 0.012507
v 0.023189 -0.026422 0.012507
v 0.023191 -0.024900 0.012507
v 0.025672 -0.023939 0.022607
v 0.023203 -0.026412 0.022607
v -0.039289 -0.026422 0.022607
v -0.041349 0.025052 0.022607
v -0.041360 -0.025059 0.022607
v 0.024796 0.024576 0.021803
v 0.024993 0.024127 0.021799
v 0.024330 0.024152 0.022631
v 0.024279 0.024531 0.022478
v 0.024323 0.024913 0.021886
v -0.036165 0.024577 0.030191
v 0.024365 0.024787 0.022172
v 0.024875 0.024151 0.022181
v 0.024617 0.024129 0.022472
v -0.037046 0.024258 0.029752
v -0.038953 0.024711 0.012507
v -0.036272 0.024920 0.029640
v -0.036219 0.024816 0.029904
v -0.036849 0.024115 0.030094
v -0.036527 0.024093 0.030309
v -0.036695 0.024743 0.029718
v -0.036496 0.024430 0.030202
v 0.024319 -0.024163 0.022632
v 0.024720 -0.024115 0.022390
v 0.024913 -0.024228 0.022073
v -0.009321 0.006250 0.026966
v -0.036209 0.024153 0.030385
v -0.037065 -0.024143 0.029738
v -0.036112 -0.024158 0.030378
v -0.036845 -0.024111 0.030098
v -0.036403 -0.024909 0.029653
v -0.036889 -0.024548 0.029726
v 0.024970 -0.024269 0.021734
v 0.024611 -0.024754 0.021698
v 0.024227 -0.024922 0.021891
v 0.024275 -0.024514 0.022491
v -0.036173 -0.024590 0.030179
v 0.024167 -0.024812 0.022176
v 0.024565 -0.024687 0.022096
v -0.036312 -0.024814 0.029913
v -0.036421 -0.024075 0.030353
v -0.036512 -0.024432 0.030194
v 0.033700 -0.015749 0.001157
v 0.033700 0.015749 0.001157
v 0.029568 0.029691 0.001157
v 0.032209 0.027706 0.001157
v 0.032658 0.026377 0.001157
v 0.030655 0.029259 0.000407
v 0.031193 0.028900 0.001157
v 0.031850 0.028243 0.000407
v 0.032641 0.026618 0.000407
v 0.032641 -0.026618 0.001157
v 0.032209 -0.027706 0.000407
v 0.031850 -0.028243 0.001157
v 0.030655 -0.029259 0.001157
v 0.029568 -0.029691 0.000407
v 0.031193 -0.028900 0.000407
v 0.029327 -0.029708 0.001157
v -0.045149 -0.028243 0.000407
v -0.045508 -0.027706 0.001157
v -0.045958 -0.026377 0.001157
v -0.045941 -0.026618 0.000407
v -0.042868 -0.029691 0.001157
v -0.043955 -0.029259 0.000407
v -0.045941 0.026618 0.001157
v -0.045958 0.026377 0.000407
v -0.045149 0.028243 0.001157
v -0.043955 0.029259 0.001157
v -0.042868 0.029691 0.000407
v -0.045508 0.027706 0.000407
v -0.042627 0.029708 0.001157
v 0.033279 0.027799 0.001157
v 0.033689 0.026248 0.001157
v 0.032029 0.029544 0.001157
v 0.029761 0.030682 0.001157
v -0.046932 0.026811 0.001157
v -0.046579 -0.027799 0.001157
v -0.044493 -0.028900 0.001157
v 0.029352 -0.030711 0.001157
v 0.033687 -0.026308 0.001157
v 0.029310 0.030716 0.015642
v 0.031913 0.029580 0.015607
v 0.033700 -0.014092 0.003085
v 0.033683 -0.026296 0.015579
v 0.033700 -0.014923 0.002745
v 0.033700 -0.015579 0.001952
v 0.033700 0.014134 0.003074
v 0.033700 0.015579 0.001952
v 0.032544 -0.028927 -0.026721
v 0.031913 -0.029565 -0.026717
v 0.033215 -0.027938 0.000407
v 0.031937 -0.029610 0.000407
v 0.029753 -0.030685 0.000407
v 0.029278 -0.030708 -0.026777
v 0.030375 -0.030448 -0.026718
v 0.033046 -0.028197 -0.026720
v 0.033672 -0.026271 -0.026733
v -0.046999 0.010524 -0.009892
v -0.046983 0.026324 0.000407
v -0.046999 0.009102 -0.014412
v -0.046978 0.025821 -0.026770
v -0.046999 0.007552 -0.016434
v -0.046999 -0.001794 -0.019457
v -0.046999 -0.004233 -0.018725
v -0.046999 -0.017500 -0.021592
v -0.046999 -0.008248 -0.015649
v -0.046999 -0.009852 -0.012952
v -0.046999 -0.022500 -0.021592
v -0.046999 -0.010509 -0.010062
v -0.046956 -0.026736 0.000407
v -0.005757 0.006244 0.026846
v -0.005651 0.002241 0.027675
v -0.005642 -0.001790 0.027747
v -0.005760 -0.006246 0.026826
v -0.009163 0.001790 0.028198
v -0.009172 -0.002241 0.028127
v -0.009321 -0.006250 0.026966
v -0.005800 -0.006250 0.026515
v -0.005800 0.006250 0.026515
v -0.009281 0.006242 0.027278
v -0.009278 -0.006238 0.027299
v 0.047972 0.000459 -0.010860
v 0.047980 0.001022 -0.010492
v 0.047590 -0.000905 -0.007825
v 0.047992 -0.001486 -0.009425
v 0.047903 -0.001292 -0.010364
v 0.047590 -0.001568 -0.010297
v 0.047972 -0.000649 -0.010778
v 0.047590 -0.001810 -0.009392
v 0.047590 -0.001280 -0.010672
v 0.047590 -0.000905 -0.010960
v 0.047590 -0.000469 -0.011141
v 0.047590 0.000905 -0.010961
v 0.047590 0.001280 -0.010673
v 0.047977 0.001410 -0.009967
v 0.047590 0.000468 -0.011141
v 0.047903 0.001604 -0.009197
v 0.047972 0.001255 -0.008517
v 0.047590 0.001568 -0.010298
v 0.047590 0.001810 -0.009393
v 0.047590 0.001748 -0.009862
v 0.047590 0.001749 -0.008924
v 0.047975 0.000511 -0.007970
v 0.047975 -0.000167 -0.007878
v 0.047590 0.001568 -0.008488
v 0.047590 0.001280 -0.008113
v 0.047903 -0.000972 -0.008101
v 0.047656 0.000906 -0.007830
v 0.047590 0.000000 -0.007582
v 0.047590 0.000469 -0.007644
v 0.047590 -0.000468 -0.007644
v 0.047656 -0.000003 -0.011199
v 0.047590 -0.001280 -0.008112
v 0.047590 -0.001568 -0.008487
v 0.047978 -0.001200 -0.008466
v 0.047656 -0.001744 -0.008922
v 0.047903 -0.001605 -0.009588
v 0.047590 -0.001749 -0.009861
v 0.045999 -0.000220 -0.007983
v 0.045999 -0.001056 -0.008405
v 0.045999 -0.001305 -0.009970
v 0.045999 -0.000841 -0.010545
v 0.045999 -0.000153 -0.010811
v 0.045999 0.000765 -0.010620
v 0.045999 0.001331 -0.009908
v 0.045999 0.001383 -0.008972
v 0.045999 0.000680 -0.008117
v 0.046001 0.000603 -0.006979
v 0.045965 -0.001792 -0.007247
v 0.045988 -0.002612 -0.009506
v 0.045999 -0.001418 -0.009240
v 0.045963 0.002759 -0.008913
v 0.045989 0.002262 -0.010696
v 0.043211 -0.001473 -0.007238
v 0.043445 -0.002303 -0.007173
v 0.043735 -0.003191 -0.007992
v 0.045598 -0.003068 -0.010738
v 0.045985 -0.001365 -0.011621
v 0.045720 -0.002399 -0.011522
v 0.045145 -0.003594 -0.010146
v 0.044784 -0.003729 -0.008999
v 0.044415 -0.003248 -0.007519
v 0.043246 -0.002412 -0.008077
v 0.044059 -0.003634 -0.009016
v 0.044415 -0.003729 -0.009786
v 0.045723 -0.001637 -0.012168
v 0.045911 0.000123 -0.012294
v 0.043447 -0.003139 -0.008901
v 0.044415 -0.003246 -0.011269
v 0.045145 -0.001845 -0.012567
v 0.045981 0.000748 -0.011914
v 0.045749 0.002950 -0.010582
v 0.043476 0.002624 -0.011262
v 0.043211 0.002602 -0.009194
v 0.044415 0.002785 -0.006883
v 0.043739 0.002571 -0.007064
v 0.045464 0.000383 -0.005929
v 0.045927 0.000078 -0.006551
v 0.044054 0.003350 -0.007890
v 0.043383 0.002998 -0.010002
v 0.043735 -0.003405 -0.010135
v 0.045720 -0.000689 -0.012526
v 0.043209 -0.002261 -0.010691
v 0.043735 -0.002808 -0.011456
v 0.043735 -0.001726 -0.012420
v 0.044415 -0.002203 -0.012427
v 0.045598 0.000332 -0.012726
v 0.045140 0.000755 -0.012968
v 0.045898 0.001692 -0.011800
v 0.044415 -0.002786 -0.011903
v 0.043230 -0.002713 -0.010053
v 0.044415 -0.000778 -0.013060
v 0.044415 0.000001 -0.013142
v 0.043285 -0.002235 -0.011237
v 0.043232 -0.001280 -0.011877
v 0.044415 0.000781 -0.013060
v 0.045464 0.001726 -0.012420
v 0.044784 0.001524 -0.012818
v 0.043739 0.000732 -0.012784
v 0.044784 0.003246 -0.011269
v 0.045464 0.002808 -0.011456
v 0.044058 0.001491 -0.012728
v 0.043299 0.000368 -0.012280
v 0.043449 0.001491 -0.012202
v 0.043739 0.002048 -0.012193
v 0.044054 0.002977 -0.011542
v 0.043214 0.001365 -0.011621
v 0.043221 0.002341 -0.010661
v 0.043503 0.002944 -0.008006
v 0.044415 0.002203 -0.006358
v 0.044103 0.001063 -0.005861
v 0.044784 0.000781 -0.005725
v 0.044841 -0.000481 -0.005666
v 0.045460 -0.000711 -0.005997
v 0.045952 -0.002345 -0.007961
v 0.043274 0.002714 -0.008377
v 0.045464 -0.002318 -0.006791
v 0.045140 -0.001482 -0.006053
v 0.043214 0.001247 -0.007097
v 0.044784 -0.002785 -0.006883
v 0.045696 -0.002944 -0.008007
v 0.045460 -0.003449 -0.009020
v 0.045764 -0.003184 -0.009187
v 0.045145 -0.003350 -0.007890
v 0.044784 -0.002203 -0.006358
v 0.044415 -0.001526 -0.005968
v 0.043739 -0.000010 -0.005923
v 0.043449 0.000445 -0.006243
v 0.043376 0.001776 -0.006882
v 0.043221 -0.000072 -0.006731
v 0.043739 -0.001421 -0.006228
v 0.044054 -0.002465 -0.006671
v 0.045916 -0.002623 -0.010595
v 0.045749 0.002505 -0.007432
v 0.045464 0.003191 -0.007992
v 0.044415 0.003729 -0.009783
v 0.043739 0.003303 -0.010455
v 0.044415 0.003566 -0.010550
v 0.045952 0.002412 -0.008077
v 0.045696 0.003253 -0.009462
v 0.045145 0.003672 -0.009403
v 0.045140 0.003473 -0.010526
v 0.045096 0.002527 -0.006706
v 0.043478 -0.000645 -0.012535
v 0.043773 -0.000292 -0.012892
v 0.045145 -0.000394 -0.013043
v 0.044415 -0.003566 -0.008235
v 0.043449 -0.000875 -0.006334
v 0.044415 -0.000001 -0.005643
v 0.043735 0.001726 -0.006366
v 0.044058 -0.000765 -0.005820
v 0.045749 -0.001091 -0.006404
v 0.045897 0.001261 -0.006730
v 0.044415 -0.003566 -0.010553
v 0.045145 -0.002977 -0.011542
v 0.044415 -0.001524 -0.012819
v 0.044415 0.002205 -0.012425
v 0.044841 0.002580 -0.012125
v 0.043735 0.003485 -0.009374
v 0.044784 0.003248 -0.007519
v 0.045464 0.001758 -0.006384
v 0.044415 0.003729 -0.008999
v 0.044784 0.003566 -0.008235
v 0.044784 0.001526 -0.005968
v 0.043187 0.002953 -0.004918
v 0.043180 -0.002343 -0.004513
v 0.043175 -0.005429 -0.009280
v 0.043187 -0.004214 -0.012708
v 0.043181 -0.002531 -0.014176
v 0.043187 0.005043 -0.011250
v 0.043184 -0.004591 -0.006477
v 0.040678 -0.003526 -0.004590
v 0.041615 -0.006182 -0.007386
v 0.043105 -0.005260 -0.011468
v 0.042951 -0.005888 -0.008694
v 0.042343 -0.005928 -0.006923
v 0.040936 -0.002409 -0.003641
v 0.040485 -0.002408 -0.004280
v 0.040413 -0.000612 -0.003994
v 0.040939 -0.005040 -0.005748
v 0.041615 -0.005792 -0.006444
v 0.042340 -0.006324 -0.008385
v 0.040408 -0.004832 -0.007053
v 0.040494 -0.004358 -0.005789
v 0.041615 -0.006420 -0.008378
v 0.041984 -0.006499 -0.009391
v 0.042624 -0.005391 -0.012580
v 0.042920 -0.004838 -0.012871
v 0.040584 -0.005384 -0.007202
v 0.040937 -0.005771 -0.007029
v 0.041432 -0.006450 -0.009908
v 0.041984 -0.006420 -0.010407
v 0.043015 -0.003802 -0.013788
v 0.040497 -0.005688 -0.009479
v 0.040939 -0.006140 -0.010379
v 0.041984 -0.005792 -0.012342
v 0.042663 -0.004068 -0.014119
v 0.041256 -0.005928 -0.011862
v 0.041984 -0.005259 -0.013211
v 0.041984 -0.003822 -0.014650
v 0.042895 -0.002385 -0.014904
v 0.043189 0.002036 -0.014426
v 0.043105 0.004242 -0.013131
v 0.043116 0.005638 -0.009217
v 0.042795 0.005940 -0.007991
v 0.042343 0.006248 -0.007906
v 0.041984 0.006499 -0.009395
v 0.040937 0.006219 -0.009858
v 0.040413 0.005399 -0.008780
v 0.041289 0.004228 -0.004544
v 0.041984 0.002952 -0.003602
v 0.041432 0.002469 -0.003412
v 0.041984 0.002011 -0.003212
v 0.041984 0.001019 -0.002974
v 0.043180 -0.000295 -0.004014
v 0.040494 0.004776 -0.006366
v 0.040677 -0.005504 -0.011717
v 0.041258 -0.005177 -0.013162
v 0.041984 -0.004597 -0.013987
v 0.042343 -0.002470 -0.015321
v 0.042663 -0.000513 -0.015608
v 0.043110 -0.001270 -0.014902
v 0.040410 -0.005031 -0.011259
v 0.040939 -0.004388 -0.013800
v 0.041615 -0.002007 -0.015575
v 0.042340 0.000996 -0.015719
v 0.042949 0.000621 -0.015292
v 0.042920 0.001813 -0.015068
v 0.040678 -0.004802 -0.012918
v 0.040417 -0.003427 -0.013620
v 0.040648 -0.003669 -0.014050
v 0.040939 -0.002811 -0.014940
v 0.040937 -0.001432 -0.015462
v 0.041984 -0.001019 -0.015812
v 0.042637 0.002427 -0.015156
v 0.042949 0.003231 -0.014368
v 0.041304 -0.000401 -0.015819
v 0.041615 0.001019 -0.015812
v 0.042340 0.003759 -0.014577
v 0.040648 -0.000231 -0.015317
v 0.041984 0.002007 -0.015575
v 0.042660 0.004388 -0.013800
v 0.042795 0.005191 -0.012602
v 0.042949 0.005538 -0.011518
v 0.040433 -0.001913 -0.014604
v 0.040937 0.001479 -0.015451
v 0.041304 0.002561 -0.015300
v 0.041984 0.002949 -0.015185
v 0.041560 0.004138 -0.014415
v 0.040489 0.001270 -0.014902
v 0.042340 0.005177 -0.013162
v 0.042816 0.006102 -0.009786
v 0.040937 0.004069 -0.014119
v 0.041615 0.005259 -0.013211
v 0.042343 0.005929 -0.011862
v 0.040416 0.002533 -0.014166
v 0.040638 0.003355 -0.014303
v 0.040975 0.005391 -0.012580
v 0.042340 0.006324 -0.010401
v 0.040411 0.004211 -0.012707
v 0.040494 0.005260 -0.011468
v 0.040939 0.005919 -0.011301
v 0.041560 0.006478 -0.010019
v 0.040937 0.003238 -0.004063
v 0.041984 0.000002 -0.002893
v 0.042895 -0.002211 -0.003808
v 0.040663 0.004296 -0.005240
v 0.040939 0.001908 -0.003474
v 0.042935 -0.003593 -0.004618
v 0.040411 0.003314 -0.005185
v 0.041289 0.000570 -0.002985
v 0.042343 -0.002446 -0.003454
v 0.040494 0.002075 -0.004132
v 0.040937 -0.000513 -0.003177
v 0.041615 -0.001019 -0.002974
v 0.042949 -0.004610 -0.005660
v 0.041615 -0.002011 -0.003212
v 0.041615 -0.002952 -0.003602
v 0.042343 -0.004875 -0.005212
v 0.042922 -0.005504 -0.007069
v 0.041615 -0.003822 -0.004136
v 0.042663 0.004758 -0.005361
v 0.041984 0.005259 -0.005574
v 0.041615 0.006181 -0.007383
v 0.041615 0.006419 -0.008374
v 0.040783 0.005966 -0.008050
v 0.040975 0.005747 -0.006905
v 0.043105 0.004358 -0.005790
v 0.042660 0.005548 -0.006582
v 0.043159 0.005171 -0.007389
v 0.043105 0.001398 -0.003914
v 0.042663 0.000513 -0.003178
v 0.042663 0.002409 -0.003641
v 0.041984 0.003822 -0.004136
v 0.041304 0.005434 -0.005940
v 0.041984 -0.000002 -0.015892
v 0.041615 -0.004597 -0.004798
v 0.040638 0.000172 -0.003448
v 0.042340 -0.000995 -0.003067
v 0.042949 -0.000620 -0.003493
v 0.043015 0.003068 -0.004456
v 0.040975 -0.004142 -0.004696
v 0.042340 -0.003759 -0.004208
v 0.041615 -0.005259 -0.005574
v 0.040937 -0.006219 -0.008927
v 0.041984 -0.006182 -0.011399
v 0.042624 -0.006250 -0.009785
v 0.042816 -0.005925 -0.010905
v 0.041304 -0.004102 -0.014356
v 0.041615 -0.002949 -0.015185
v 0.041615 0.005792 -0.012342
v 0.041984 0.004594 -0.013990
v 0.040678 0.004837 -0.012870
v 0.041615 0.006182 -0.011399
v 0.040580 0.005834 -0.009340
v 0.041984 0.004597 -0.004798
v 0.041984 0.005792 -0.006444
v 0.042660 0.003667 -0.004370
v 0.040385 0.002619 -0.002157
v 0.040387 -0.005936 -0.004623
v 0.040387 -0.007560 -0.008462
v 0.040376 -0.006878 -0.012807
v 0.040388 -0.001511 -0.016853
v 0.040387 0.002646 -0.016535
v 0.040387 0.007614 -0.009380
v 0.040387 0.006473 -0.005380
v 0.040387 -0.002542 -0.002218
v 0.037784 -0.002742 -0.001810
v 0.039862 -0.008404 -0.008209
v 0.040314 -0.007692 -0.011207
v 0.040215 -0.008063 -0.009349
v 0.039184 -0.007147 -0.004345
v 0.038759 -0.005879 -0.002901
v 0.037667 -0.004647 -0.003044
v 0.038137 -0.005813 -0.003209
v 0.037600 -0.003647 -0.002990
v 0.038407 -0.007313 -0.004778
v 0.039184 -0.008566 -0.007610
v 0.039862 -0.008412 -0.010520
v 0.040304 -0.003736 -0.016360
v 0.040317 0.003697 -0.016367
v 0.040388 0.006093 -0.013974
v 0.040316 0.007505 -0.011834
v 0.039184 0.008244 -0.012325
v 0.038815 0.007770 -0.013416
v 0.037879 0.007303 -0.013138
v 0.037600 0.006780 -0.012292
v 0.037685 0.007692 -0.011207
v 0.037848 0.008175 -0.009116
v 0.038139 0.008289 -0.007654
v 0.038456 0.007949 -0.005923
v 0.039494 0.006817 -0.004004
v 0.039862 0.005813 -0.003209
v 0.039860 0.004414 -0.002165
v 0.040314 0.004823 -0.003133
v 0.037600 -0.005320 -0.004294
v 0.038457 -0.008356 -0.007067
v 0.039184 -0.008729 -0.008793
v 0.038815 -0.008729 -0.009992
v 0.040121 -0.007303 -0.013138
v 0.037850 -0.007827 -0.007008
v 0.038005 -0.008280 -0.008283
v 0.039239 -0.008657 -0.010719
v 0.039184 -0.008245 -0.012321
v 0.039823 -0.007854 -0.012677
v 0.039184 -0.007770 -0.013416
v 0.039823 -0.005896 -0.015534
v 0.040386 -0.005204 -0.014951
v 0.037600 -0.006551 -0.006019
v 0.037694 -0.007905 -0.009505
v 0.038139 -0.008448 -0.009986
v 0.038457 -0.008347 -0.011747
v 0.040160 -0.005853 -0.015136
v 0.037600 -0.007240 -0.008024
v 0.038004 -0.008037 -0.011673
v 0.037683 -0.007505 -0.011834
v 0.038459 -0.007680 -0.013381
v 0.039860 -0.004414 -0.016620
v 0.039862 -0.002869 -0.017380
v 0.037600 -0.007329 -0.010144
v 0.037879 -0.007272 -0.013199
v 0.039184 -0.005523 -0.016178
v 0.040215 -0.001683 -0.017279
v 0.037600 -0.006780 -0.012292
v 0.038457 -0.004989 -0.016487
v 0.039184 -0.004548 -0.016867
v 0.039239 -0.002806 -0.017689
v 0.040304 0.000436 -0.017287
v 0.037904 -0.005554 -0.015503
v 0.038815 -0.003484 -0.017419
v 0.039184 -0.001194 -0.018060
v 0.039862 -0.000607 -0.017858
v 0.040120 0.002182 -0.017305
v 0.037600 -0.005617 -0.014160
v 0.038457 -0.001750 -0.017887
v 0.040121 0.005153 -0.015781
v 0.039184 -0.000002 -0.018142
v 0.038139 -0.003360 -0.017167
v 0.037849 -0.003927 -0.016571
v 0.038459 0.000008 -0.018046
v 0.038815 0.001194 -0.018060
v 0.039860 0.003360 -0.017167
v 0.037600 -0.002097 -0.016456
v 0.037644 -0.003469 -0.016368
v 0.039239 0.005160 -0.016469
v 0.039823 0.004814 -0.016414
v 0.037695 -0.000436 -0.017287
v 0.039862 0.006566 -0.014770
v 0.037600 0.000000 -0.016761
v 0.037695 0.001714 -0.017111
v 0.040160 0.006814 -0.013955
v 0.038457 0.002919 -0.017560
v 0.039184 0.006393 -0.015366
v 0.037600 0.002097 -0.016456
v 0.037695 0.003736 -0.016360
v 0.038139 0.004414 -0.016620
v 0.038457 0.005931 -0.015721
v 0.039184 0.007147 -0.014440
v 0.039541 0.007680 -0.013381
v 0.037879 0.005206 -0.015738
v 0.038005 0.006498 -0.014643
v 0.037600 0.004023 -0.015565
v 0.037685 0.006086 -0.014429
v 0.038407 0.007313 -0.014007
v 0.037600 0.005617 -0.014160
v 0.037648 0.006946 -0.012853
v 0.037667 0.007538 -0.007137
v 0.038815 0.007147 -0.004345
v 0.038815 0.006393 -0.003419
v 0.039862 0.002868 -0.001405
v 0.037600 0.007329 -0.010144
v 0.039184 0.005523 -0.002607
v 0.040316 -0.005142 -0.003396
v 0.037864 0.007359 -0.005714
v 0.038137 0.006566 -0.004015
v 0.040311 -0.001283 -0.001589
v 0.040215 0.000594 -0.001351
v 0.037600 0.007240 -0.008024
v 0.038459 0.005456 -0.002675
v 0.038815 0.004544 -0.001916
v 0.039862 0.000607 -0.000927
v 0.037600 0.006551 -0.006019
v 0.037848 0.005377 -0.003228
v 0.038139 0.004387 -0.002148
v 0.039862 -0.001700 -0.001077
v 0.039184 0.002363 -0.000968
v 0.038815 0.001189 -0.000724
v 0.039239 0.000463 -0.000647
v 0.037600 0.005320 -0.004295
v 0.037644 0.005215 -0.003604
v 0.040215 -0.003671 -0.002213
v 0.037600 0.003647 -0.002990
v 0.038139 0.001138 -0.001000
v 0.039862 -0.003880 -0.001844
v 0.037682 0.003331 -0.002231
v 0.038456 -0.000607 -0.000741
v 0.039862 -0.005772 -0.003171
v 0.037864 0.002334 -0.001503
v 0.037877 -0.000609 -0.001190
v 0.040215 -0.006867 -0.005166
v 0.038139 -0.002301 -0.001242
v 0.039184 -0.004544 -0.001916
v 0.037647 -0.000672 -0.001622
v 0.038457 -0.004004 -0.001699
v 0.040315 -0.007513 -0.006943
v 0.039239 0.008396 -0.006901
v 0.038459 0.008633 -0.008795
v 0.040095 0.007112 -0.005198
v 0.039823 0.007854 -0.006108
v 0.038139 0.008450 -0.009955
v 0.038005 0.008052 -0.011620
v 0.040215 0.006283 -0.004338
v 0.038815 0.008729 -0.009988
v 0.038457 0.008356 -0.011717
v 0.039859 0.008295 -0.007685
v 0.039184 0.008566 -0.011175
v 0.039862 0.008487 -0.009421
v 0.040304 0.007642 -0.007364
v 0.040215 0.008063 -0.009436
v 0.039862 0.008165 -0.011709
v 0.038005 -0.000542 -0.017729
v 0.038139 0.001169 -0.017780
v 0.037694 -0.006073 -0.014453
v 0.039239 0.001913 -0.017939
v 0.039823 0.001617 -0.017751
v 0.039860 -0.006910 -0.004496
v 0.039862 -0.007773 -0.005986
v 0.038815 -0.002363 -0.000968
v 0.039184 -0.001189 -0.000724
v 0.039239 -0.003059 -0.001186
v 0.038005 -0.003868 -0.001988
v 0.037784 -0.006283 -0.004338
v 0.039240 -0.006076 -0.003085
v 0.037904 -0.007112 -0.005198
v 0.037644 -0.007200 -0.006415
v 0.038815 -0.007770 -0.005369
v 0.039239 -0.008086 -0.006027
v 0.038459 -0.008634 -0.008810
v 0.038139 -0.006910 -0.014289
v 0.038815 -0.007147 -0.014440
v 0.039239 -0.006708 -0.015024
v 0.039860 -0.006928 -0.014264
v 0.038459 -0.006320 -0.015305
v 0.037879 -0.002182 -0.017305
v 0.038005 0.002824 -0.017255
v 0.039184 0.003484 -0.017419
v 0.038815 0.004548 -0.016867
v 0.039239 0.008757 -0.009258
v 0.038815 0.008566 -0.007610
v 0.039184 0.007770 -0.005369
v 0.039239 0.003910 -0.001556
v 0.038457 0.002890 -0.001215
v 0.040215 0.002742 -0.001810
v 0.037600 0.001055 -0.002058
v 0.036200 0.001203 -0.000683
v 0.036200 0.007493 -0.004833
v 0.037600 -0.001668 -0.002216
v 0.036200 -0.001685 -0.000786
v 0.036200 -0.003971 -0.001573
v 0.036200 -0.005959 -0.002957
v 0.036200 -0.007492 -0.004833
v 0.036200 -0.008454 -0.007057
v 0.036200 -0.008288 -0.012330
v 0.036200 -0.006528 -0.015301
v 0.036200 -0.004089 -0.017152
v 0.036200 0.000607 -0.018143
v 0.036200 0.002978 -0.017642
v 0.036200 0.006869 -0.014844
v 0.036200 -0.008770 -0.009459
v 0.037600 -0.004023 -0.015565
v 0.036200 -0.001811 -0.017975
v 0.036200 0.005120 -0.016513
v 0.036200 0.008288 -0.012330
v 0.036200 0.008770 -0.009459
v 0.036200 0.008454 -0.007057
v 0.036200 0.005959 -0.002957
v -0.045389 -0.017500 -0.026866
v -0.045438 -0.022500 -0.026852
v -0.046035 -0.022500 -0.026322
v -0.046041 -0.017500 -0.026337
v -0.046099 -0.022500 -0.021592
v 0.032089 0.017500 -0.026866
v 0.032138 0.022500 -0.026852
v 0.032741 0.017500 -0.026337
v 0.032735 0.022500 -0.026322
v 0.032800 0.022500 -0.021592
v 0.032800 0.017500 -0.021592
v 0.024953 -0.029149 -0.028360
v 0.029134 -0.029735 -0.028131
v -0.042496 -0.030477 -0.027391
v -0.042621 -0.030692 -0.026843
v -0.042434 -0.029744 -0.028125
v -0.042485 -0.030155 -0.027806
v -0.042372 -0.029266 -0.028323
v -0.044709 -0.026390 -0.028405
v -0.045297 -0.026970 -0.028346
v -0.045516 -0.027628 -0.028149
v -0.044634 -0.029152 -0.027929
v -0.045314 -0.028497 -0.027920
v -0.043593 -0.029215 -0.028234
v -0.043972 -0.029910 -0.027633
v -0.046358 -0.027627 -0.027400
v -0.046719 -0.027364 -0.026730
v -0.046719 -0.026244 -0.027380
v -0.046231 -0.026195 -0.027976
v -0.046060 -0.027524 -0.027809
v -0.043676 -0.030448 -0.026718
v -0.045226 -0.029553 -0.026729
v -0.044495 -0.030068 -0.026736
v -0.045854 -0.028917 -0.026727
v -0.046950 -0.026388 -0.026736
v -0.046358 -0.028174 -0.026731
v -0.045421 -0.029039 -0.027400
v -0.046963 -0.022500 -0.026810
v -0.045726 -0.022500 -0.028272
v 0.029138 -0.030168 -0.027803
v 0.032485 0.017500 -0.028250
v 0.032964 0.005000 -0.027962
v 0.033355 0.017500 -0.027531
v 0.033663 0.017500 -0.026816
v 0.033432 -0.005000 -0.027392
v 0.032888 -0.005000 -0.028020
v 0.032102 -0.005000 -0.028362
v 0.032101 -0.022007 -0.028358
v 0.033121 -0.026084 -0.027804
v 0.032658 -0.026397 -0.028138
v 0.032209 -0.027213 -0.028258
v 0.032963 -0.027530 -0.027617
v 0.033438 -0.026146 -0.027379
v 0.031164 -0.029015 -0.028071
v 0.032154 -0.028761 -0.027653
v 0.031500 -0.029582 -0.027400
v 0.030596 -0.029901 -0.027686
v 0.031181 -0.030077 -0.026719
v 0.029198 -0.030487 -0.027374
v 0.033411 -0.027388 -0.026719
v 0.030184 -0.029259 -0.028253
v -0.046569 -0.022500 -0.027657
v -0.044802 -0.022500 -0.028396
v -0.045859 -0.028987 0.000407
v -0.042625 -0.030723 0.000407
v 0.030700 -0.005000 -0.028392
v 0.033274 -0.027811 0.015624
v 0.033062 -0.028268 0.001157
v 0.031913 -0.029580 0.001157
v 0.030749 -0.030329 0.001157
v 0.033663 0.022500 -0.026810
v 0.033647 0.026763 0.000407
v 0.033700 0.017500 -0.021592
v 0.033700 0.014388 -0.021831
v 0.033700 -0.014370 -0.021821
v 0.033700 -0.015713 -0.020310
v 0.033673 -0.026375 0.000407
v 0.031502 0.017500 -0.028400
v 0.031500 0.017500 -0.026892
v -0.038877 0.029229 -0.028339
v -0.042574 0.029735 -0.028128
v 0.029311 0.030695 -0.026839
v -0.042560 0.030709 -0.026779
v 0.029246 0.029738 -0.028126
v -0.042248 0.030171 -0.027803
v 0.028994 0.030157 -0.027809
v 0.031929 0.026832 -0.028374
v 0.032683 0.026320 -0.028121
v 0.033415 0.026413 -0.027377
v 0.032899 0.027594 -0.027643
v 0.032191 0.027531 -0.028179
v 0.032139 0.028223 -0.027982
v 0.031606 0.028995 -0.027886
v 0.030221 0.029919 -0.027798
v 0.029356 0.030465 -0.027405
v 0.031122 0.029831 -0.027400
v 0.033099 0.026370 -0.027798
v 0.032402 0.028719 -0.027400
v 0.030687 0.029259 -0.028113
v 0.029933 0.029060 -0.028333
v 0.029334 0.028437 -0.028409
v 0.028911 0.029266 -0.028324
v 0.031833 0.029632 -0.026724
v 0.032481 0.029006 -0.026720
v 0.033644 0.026429 -0.026776
v 0.032998 0.028284 -0.026720
v 0.033379 0.027483 -0.026718
v 0.031097 0.030126 -0.026723
v 0.030283 0.030481 -0.026723
v 0.032427 0.022500 -0.028272
v 0.031503 0.022500 -0.028396
v 0.033269 0.022500 -0.027657
v -0.042556 0.029249 -0.028321
v -0.042280 0.030496 -0.027369
v -0.045417 -0.005000 -0.028356
v -0.046974 -0.017500 -0.026781
v -0.046731 0.005000 -0.027392
v -0.046731 -0.017500 -0.027392
v -0.046741 0.026292 -0.027365
v -0.046429 0.025838 -0.027801
v -0.046188 0.005000 -0.028020
v -0.045402 0.005000 -0.028362
v -0.046215 -0.005000 -0.028001
v -0.046731 -0.005000 -0.027392
v -0.045508 0.027235 -0.028257
v -0.045977 0.026227 -0.028133
v -0.045400 0.022007 -0.028358
v -0.046159 0.027989 -0.027435
v -0.045767 0.029020 -0.026751
v -0.043240 0.030178 -0.027621
v -0.044385 0.029701 -0.027624
v -0.045520 0.028658 -0.027681
v -0.046217 0.027142 -0.027800
v -0.046679 0.027483 -0.026718
v -0.046285 0.028305 -0.026744
v -0.045127 0.029638 -0.026751
v -0.046906 0.026654 -0.026716
v -0.044375 0.030136 -0.026753
v -0.045094 0.028532 -0.028037
v -0.043957 0.029215 -0.028147
v -0.043561 0.030488 -0.026753
v 0.031500 0.022500 -0.026892
v 0.030888 0.030265 0.000407
v 0.032560 0.028987 0.000407
v -0.043053 0.030685 0.000407
v -0.046515 0.027938 0.000407
v -0.044039 0.020153 -0.028392
v -0.003300 0.027750 -0.028392
v -0.003328 0.024060 -0.028392
v -0.005000 0.023739 -0.028392
v -0.003973 0.022582 -0.028392
v -0.007110 0.023250 -0.028392
v -0.008886 0.022996 -0.028392
v -0.007956 0.022028 -0.028392
v -0.005361 0.021683 -0.028392
v -0.007792 0.024203 -0.028392
v -0.006646 0.026042 -0.028392
v -0.005490 0.025850 -0.028392
v -0.007600 0.025360 -0.028392
v 0.032048 0.005000 -0.028369
v 0.030700 0.005000 -0.028392
v 0.030785 0.026218 -0.028392
v -0.046079 -0.017500 -0.028126
v -0.044802 -0.017500 -0.028400
v -0.042463 -0.027801 -0.028392
v -0.009300 -0.027750 -0.028392
v -0.003714 -0.022996 -0.028392
v -0.007543 -0.021768 -0.028392
v -0.005902 -0.021559 -0.028392
v -0.004644 -0.022028 -0.028392
v -0.006646 -0.023058 -0.028392
v -0.003325 -0.024102 -0.028392
v -0.005000 -0.025360 -0.028392
v -0.004808 -0.024203 -0.028392
v -0.005953 -0.026042 -0.028392
v -0.003300 -0.027750 -0.028392
v 0.023132 -0.027822 -0.028392
v -0.043999 -0.005000 -0.028392
v -0.043999 -0.005000 -0.027892
v -0.043999 -0.005000 -0.027392
v 0.033700 0.022500 -0.021592
v -0.046099 -0.017500 -0.021592
v -0.044799 -0.022500 -0.026892
v -0.044799 -0.017500 -0.026892
v 0.022161 0.019256 -0.022892
v 0.023125 0.019416 -0.022892
v 0.023693 0.020211 -0.022892
v 0.023693 0.020789 -0.027892
v 0.023533 0.021175 -0.022892
v 0.022738 0.021743 -0.022892
v 0.021775 0.021583 -0.022892
v 0.021206 0.020789 -0.022892
v 0.022738 0.019256 -0.027892
v 0.023533 0.019825 -0.027892
v 0.023125 0.021583 -0.027892
v 0.022161 0.021743 -0.027892
v 0.021366 0.021175 -0.027892
v 0.021206 0.020211 -0.027892
v 0.021775 0.019416 -0.027892
v 0.021366 0.019825 -0.022892
v -0.035461 -0.021743 -0.027892
v -0.034666 -0.021175 -0.027892
v -0.034506 -0.020211 -0.027892
v -0.034506 -0.020789 -0.022892
v -0.035074 -0.019416 -0.027892
v -0.034666 -0.019825 -0.022892
v -0.036425 -0.019416 -0.022892
v -0.036993 -0.020211 -0.022892
v -0.035461 -0.019256 -0.022892
v -0.036038 -0.019256 -0.027892
v -0.036833 -0.019825 -0.027892
v -0.036833 -0.021175 -0.022892
v -0.036038 -0.021743 -0.022892
v -0.036425 -0.021583 -0.027892
v -0.035074 -0.021583 -0.022892
v -0.043999 0.005000 -0.027392
v -0.043999 0.005000 -0.027892
v -0.043999 0.005000 -0.028392
v 0.030700 0.005000 -0.027892
v 0.030700 -0.005000 -0.027392
v 0.033432 0.005000 -0.027392
v 0.030700 0.005000 -0.027392
v -0.009835 -0.026076 -0.025292
v -0.042473 -0.025439 -0.027892
v -0.041789 -0.026123 -0.025292
v -0.042426 -0.025615 -0.025292
v -0.041965 -0.026076 -0.027892
v -0.040550 0.016759 -0.027892
v -0.040573 0.016815 -0.025292
v -0.041268 0.017345 -0.025292
v -0.041092 0.017271 -0.027892
v -0.041907 0.017271 -0.025292
v -0.042426 0.016815 -0.027892
v -0.042449 0.016759 -0.025292
v -0.039909 -0.024099 -0.027892
v -0.039965 -0.024076 -0.025292
v -0.040459 -0.023488 -0.027892
v -0.040473 -0.023439 -0.025292
v -0.009835 -0.024223 -0.027892
v -0.009305 -0.025381 -0.025292
v -0.009891 -0.024200 -0.025292
v -0.009891 -0.026099 -0.027892
v -0.009378 -0.025557 -0.027892
v -0.009378 -0.024742 -0.025292
v 0.029173 0.025439 -0.027892
v 0.029126 0.025615 -0.025292
v 0.028665 0.026076 -0.027892
v 0.028489 0.026123 -0.025292
v 0.029149 -0.016759 -0.025292
v 0.027250 -0.016759 -0.027892
v 0.027969 -0.017345 -0.025292
v 0.027273 -0.016815 -0.025292
v 0.028431 -0.017345 -0.027892
v 0.028607 -0.017271 -0.025292
v 0.029126 -0.016815 -0.027892
v 0.026489 0.024123 -0.027892
v 0.027173 0.023439 -0.025292
v 0.027126 0.023615 -0.027892
v -0.003221 0.025557 -0.027892
v -0.002709 0.024200 -0.025292
v -0.002709 0.026099 -0.027892
v -0.003295 0.025381 -0.025292
v -0.003297 0.024922 -0.027892
v -0.003221 0.024742 -0.025292
v -0.002765 0.024223 -0.027892
v 0.026665 0.024076 -0.025292
v -0.002765 0.026076 -0.025292
v -0.033265 0.026076 -0.025292
v -0.033209 0.026099 -0.027892
v -0.009378 0.024742 -0.027892
v -0.009891 0.026099 -0.025292
v -0.009891 0.024200 -0.027892
v -0.009835 0.024223 -0.025292
v -0.009305 0.024919 -0.025292
v -0.009303 0.025377 -0.027892
v -0.009378 0.025557 -0.025292
v -0.033794 0.025381 -0.025292
v -0.033721 0.024742 -0.025292
v -0.033209 0.024200 -0.025292
v -0.033265 0.024223 -0.027892
v -0.002765 -0.024223 -0.025292
v -0.003221 -0.024742 -0.027892
v -0.003295 -0.024919 -0.025292
v -0.002709 -0.026099 -0.025292
v -0.002709 -0.024200 -0.027892
v -0.003297 -0.025377 -0.027892
v 0.020609 -0.026099 -0.027892
v 0.020609 -0.024200 -0.025292
v 0.020665 -0.026076 -0.025292
v 0.021121 -0.025557 -0.027892
v 0.021195 -0.025381 -0.025292
v 0.021121 -0.024742 -0.025292
v 0.021195 -0.024919 -0.027892
v 0.020665 -0.024223 -0.027892
v -0.003221 -0.025557 -0.025292
v -0.004644 0.022028 -0.027892
v -0.003714 0.022996 -0.027892
v -0.003338 0.024046 -0.027892
v -0.008886 -0.022996 -0.027892
v -0.009303 -0.024922 -0.027892
v -0.006213 0.021504 -0.027892
v -0.007853 0.021964 -0.027892
v -0.036993 -0.020789 -0.027892
v 0.023014 -0.023859 -0.027892
v 0.022500 -0.025398 -0.027892
v 0.022643 -0.026804 -0.027892
v -0.002765 -0.026076 -0.027892
v -0.003300 -0.027750 -0.027892
v 0.026863 -0.020038 -0.027892
v 0.027792 -0.017271 -0.027892
v 0.028348 -0.019550 -0.027892
v 0.029754 -0.019693 -0.027892
v 0.030700 -0.020177 -0.027892
v 0.030700 -0.005000 -0.027892
v 0.030684 0.026213 -0.027892
v 0.029290 0.027205 -0.027892
v -0.003300 0.027750 -0.027892
v -0.003973 -0.022582 -0.027892
v -0.003340 -0.024012 -0.027892
v -0.006698 -0.021559 -0.027892
v -0.008822 0.022894 -0.027892
v -0.040163 0.020038 -0.027892
v -0.041648 0.019550 -0.027892
v -0.041730 0.017345 -0.027892
v -0.043999 0.020177 -0.027892
v -0.042499 -0.027750 -0.027892
v -0.009300 -0.027750 -0.027892
v -0.043053 0.019693 -0.027892
v -0.043983 -0.026213 -0.027892
v -0.043051 -0.026573 -0.027892
v -0.033794 0.024919 -0.027892
v -0.033721 0.025557 -0.027892
v -0.035800 0.025398 -0.027892
v -0.035943 0.026804 -0.027892
v -0.009300 0.027750 -0.027892
v -0.009835 0.026076 -0.027892
v -0.009259 0.024012 -0.027892
v -0.005490 0.023250 -0.027142
v -0.004808 0.024203 -0.027142
v -0.005000 0.025360 -0.027142
v -0.007110 0.025850 -0.027142
v -0.007792 0.024896 -0.027142
v -0.006646 0.023057 -0.027142
v -0.005953 0.023057 -0.028392
v -0.004808 0.024896 -0.028392
v -0.007600 0.023739 -0.027142
v -0.005953 0.026042 -0.027142
v -0.005490 -0.025850 -0.027142
v -0.004808 -0.024896 -0.027142
v -0.005490 -0.023250 -0.028392
v -0.005000 -0.023739 -0.027142
v -0.007600 -0.023739 -0.028392
v -0.007792 -0.024896 -0.028392
v -0.007792 -0.024203 -0.027142
v -0.007110 -0.025850 -0.028392
v -0.006646 -0.026042 -0.027142
v -0.007110 -0.023250 -0.027142
v -0.007600 -0.025360 -0.027142
v -0.005953 -0.023058 -0.027142
v 0.023127 -0.027750 -0.027892
v -0.009262 -0.024046 -0.027892
v -0.009272 -0.024060 -0.028392
v -0.008822 -0.022894 -0.028392
v -0.007956 -0.022028 -0.027892
v -0.005361 -0.021683 -0.027892
v -0.009300 0.027750 -0.028392
v -0.009275 0.024102 -0.028392
v -0.006698 0.021559 -0.028392
v 0.029200 0.027750 -0.027892
v 0.031284 0.026357 -0.030392
v 0.031885 0.026811 -0.030392
v 0.032200 0.027543 -0.030392
v 0.032028 0.028508 -0.030392
v 0.030280 0.029225 -0.030392
v 0.029499 0.028667 -0.030392
v 0.029162 0.027729 -0.030392
v 0.029200 0.027750 -0.028392
v 0.029751 0.026573 -0.027892
v 0.029523 0.026801 -0.030392
v 0.030346 0.026260 -0.030392
v 0.031288 0.029145 -0.030392
v -0.043580 -0.029225 -0.030392
v -0.042799 -0.028667 -0.030392
v -0.042462 -0.027729 -0.030392
v -0.042590 -0.027205 -0.027892
v -0.042881 -0.028762 -0.028388
v -0.042823 -0.026801 -0.030392
v -0.043646 -0.026260 -0.030392
v -0.043999 -0.026250 -0.028392
v -0.045184 -0.026811 -0.030392
v -0.045500 -0.027543 -0.030392
v -0.045328 -0.028508 -0.030392
v -0.044588 -0.029145 -0.030392
v -0.044584 -0.026357 -0.030392
v 0.030537 -0.029233 -0.030392
v 0.031442 -0.028840 -0.030392
v 0.031894 -0.028355 -0.028058
v 0.032158 -0.027814 -0.030392
v 0.032175 -0.022553 -0.030392
v 0.031751 -0.021296 -0.030392
v 0.030708 -0.022794 -0.030392
v 0.029344 -0.019591 -0.030392
v 0.029522 -0.021199 -0.030392
v 0.026754 -0.027658 -0.030392
v 0.025503 -0.029225 -0.030392
v 0.023946 -0.026015 -0.030392
v 0.022541 -0.026394 -0.030392
v 0.022581 -0.024917 -0.030392
v 0.026623 -0.020216 -0.030392
v 0.027650 -0.021339 -0.030392
v 0.027867 -0.019631 -0.030392
v 0.028491 -0.021039 -0.030392
v 0.024322 -0.026989 -0.030392
v 0.024254 -0.024729 -0.030392
v -0.037589 0.024700 0.011607
v -0.037291 0.025509 0.011607
v -0.037292 0.026011 -0.030392
v -0.037360 0.025239 -0.030392
v -0.037665 0.026946 -0.030392
v -0.037435 0.026543 0.011607
v -0.037878 0.027171 0.011607
v -0.038292 0.027489 -0.030392
v -0.038884 0.027722 -0.030392
v -0.038534 0.027626 0.011607
v -0.039540 0.027758 0.011607
v -0.040137 0.027594 -0.030392
v -0.040385 0.027441 0.011607
v -0.037596 0.024686 -0.030392
v -0.043907 0.023804 0.011607
v -0.044053 0.022784 -0.030392
v -0.044041 0.022690 0.011607
v -0.043655 0.021779 -0.030392
v -0.042865 0.021156 -0.030392
v -0.042777 0.021120 0.011607
v -0.041834 0.020996 -0.030392
v -0.040992 0.021296 -0.030392
v -0.041740 0.021008 0.011607
v -0.040979 0.021304 0.011607
v -0.043866 0.023888 -0.030392
v -0.043640 0.021760 0.011607
v 0.024246 -0.024743 0.011607
v 0.024018 -0.025282 -0.030392
v 0.023945 -0.025652 0.011607
v 0.024949 -0.027532 -0.030392
v 0.024380 -0.027064 0.011607
v 0.025639 -0.027791 -0.030392
v 0.025192 -0.027669 0.011607
v 0.027020 -0.027496 0.011607
v 0.024018 -0.026318 0.011607
v 0.026190 -0.027802 0.011607
v 0.030410 -0.024099 0.011607
v 0.030711 -0.023156 0.011607
v 0.030639 -0.023560 -0.030392
v 0.030334 -0.021854 -0.030392
v 0.030639 -0.022525 0.011607
v 0.030276 -0.021778 0.011607
v 0.029434 -0.021163 0.011607
v 0.028397 -0.021051 0.011607
v 0.027637 -0.021346 0.011607
v 0.030403 -0.024113 -0.030392
v -0.044742 0.028840 -0.030392
v -0.045458 0.027814 -0.030392
v -0.035881 0.024917 -0.030392
v -0.035840 0.026394 -0.030392
v -0.036442 0.027804 -0.030392
v -0.043837 0.029233 -0.030392
v -0.045475 0.022553 -0.030392
v -0.045051 0.021296 -0.030392
v -0.044054 0.020192 -0.030392
v -0.042644 0.019591 -0.030392
v -0.039923 0.020216 -0.030392
v -0.036438 0.023720 -0.030392
v -0.041167 0.019631 -0.030392
v -0.038803 0.029225 -0.030392
v 0.030739 -0.020153 -0.028392
v 0.030754 -0.020192 -0.030392
v 0.023138 -0.023720 -0.030392
v 0.023142 -0.027804 -0.030392
v 0.024246 -0.028801 -0.030392
v -0.036314 0.023859 -0.027892
v -0.036427 0.027750 -0.027892
v -0.036432 0.027822 -0.028392
v -0.037881 0.028971 -0.028378
v -0.037546 0.028801 -0.030392
v -0.047999 -0.010122 -0.012078
v -0.047999 -0.007552 -0.016434
v -0.047999 -0.005564 -0.018027
v -0.047999 -0.000751 -0.019583
v -0.047999 0.001794 -0.019457
v -0.046999 0.010122 -0.012078
v -0.047999 0.009852 -0.012952
v -0.047999 -0.009102 -0.014412
v -0.046999 -0.006427 -0.017431
v -0.047999 -0.003252 -0.019097
v -0.046999 0.000751 -0.019583
v -0.046999 0.003252 -0.019097
v -0.047999 0.004233 -0.018725
v -0.046999 0.005564 -0.018027
v -0.047999 0.008248 -0.015649
v 0.029327 0.029708 0.000407
v 0.029325 0.030723 0.000407
v 0.033700 0.015750 0.000407
v 0.032658 -0.026377 0.000407
v 0.033700 -0.015750 0.000407
v -0.042627 -0.029708 0.000407
v -0.044188 -0.030265 0.000407
v -0.046999 -0.010550 0.000407
v -0.047999 0.010550 0.000407
v -0.047999 -0.010550 0.000407
v -0.045237 0.029610 0.000407
v -0.044493 0.028900 0.000407
v -0.046999 0.010550 0.000407
v -0.047999 -0.010524 -0.009892
v -0.047999 0.010509 -0.010062
v -0.047999 0.006427 -0.017431
v 0.033700 0.015715 -0.020283
v 0.033700 0.015377 -0.021081
v 0.036200 0.015689 -0.020530
v 0.036200 0.014938 -0.021520
v 0.036200 0.014141 -0.021858
v 0.036200 0.003971 -0.001573
v 0.036200 0.014384 0.003047
v 0.036200 0.015737 0.001419
v 0.036200 -0.014388 -0.021831
v 0.036200 -0.015727 -0.020240
v 0.036200 0.015374 0.002301
v 0.036200 -0.014423 0.003027
v 0.036200 -0.015374 0.002301
v 0.036200 -0.015377 -0.021081
v 0.033700 0.014923 0.002745
v 0.033700 -0.015319 -0.021157
v 0.036200 -0.015737 0.001419
vn 0.6578 0.1603 0.7359
vn 0.4953 0.3871 0.7777
vn 0.4331 0.1037 0.8954
vn 0.8150 0.1058 0.5697
vn 0.8431 0.3717 0.3887
vn 0.6518 0.5426 0.5299
vn 0.2941 0.5453 0.7849
vn 0.4142 0.7494 0.5166
vn 0.1170 0.6606 0.7415
vn 0.1400 0.8226 0.5511
vn 0.0936 0.4279 0.8990
vn 0.0353 0.1874 0.9816
vn 0.1962 0.2138 0.9570
vn 0.1725 0.0542 0.9835
vn 0.7217 0.6335 0.2789
vn 0.4465 0.8484 0.2845
vn 0.1524 0.9386 0.3094
vn 0.9424 0.1118 0.3151
vn 0.8161 -0.1288 0.5634
vn 0.6560 -0.1006 0.7481
vn 0.1806 -0.0421 0.9827
vn 0.4256 -0.0928 0.9001
vn 0.9312 -0.1511 0.3317
vn 0.3649 -0.8353 0.4112
vn 0.1001 -0.8257 0.5552
vn 0.1114 -0.9415 0.3182
vn 0.5446 -0.6497 0.5303
vn 0.6323 -0.7262 0.2698
vn 0.7495 -0.4138 0.5168
vn 0.2112 -0.1847 0.9598
vn 0.0588 -0.2052 0.9770
vn 0.3749 -0.4913 0.7861
vn 0.0952 -0.4336 0.8960
vn 0.1603 -0.6611 0.7330
vn 0.5339 -0.3010 0.7902
vn 0.8489 -0.4491 0.2787
vn -0.0559 -0.4413 0.8956
vn -0.1033 -0.6515 0.7516
vn -0.1623 -0.9293 0.3319
vn -0.1122 -0.8214 0.5592
vn -0.1496 -0.1415 0.9786
vn -0.1081 -0.2381 0.9652
vn -0.8357 -0.3653 0.4101
vn -0.8197 -0.1068 0.5628
vn -0.9375 -0.1183 0.3272
vn -0.6497 -0.5446 0.5304
vn -0.7262 -0.6323 0.2698
vn -0.4141 -0.7491 0.5170
vn -0.4800 -0.3817 0.7899
vn -0.2639 -0.1382 0.9546
vn -0.4313 -0.0767 0.8989
vn -0.6712 -0.1705 0.7214
vn -0.3148 -0.5233 0.7919
vn -0.4490 -0.8490 0.2783
vn -0.8140 0.1263 0.5670
vn -0.6555 0.1004 0.7485
vn -0.4227 0.0739 0.9032
vn -0.1785 0.0432 0.9830
vn -0.9311 0.1617 0.3271
vn -0.3649 0.8354 0.4110
vn -0.1025 0.8250 0.5558
vn -0.1213 0.9373 0.3267
vn -0.5446 0.6497 0.5303
vn -0.6323 0.7262 0.2698
vn -0.7495 0.4138 0.5168
vn -0.2111 0.1847 0.9599
vn -0.0649 0.1995 0.9778
vn -0.3749 0.4913 0.7861
vn -0.0958 0.4316 0.8969
vn -0.1602 0.6612 0.7329
vn -0.5338 0.3011 0.7902
vn -0.8486 0.4495 0.2789
vn -0.9882 0.1124 0.1044
vn -0.9720 -0.2217 0.0776
vn -0.9187 0.3854 0.0869
vn -0.7658 0.6389 0.0737
vn -0.5535 0.8293 0.0770
vn -0.2233 0.9710 0.0850
vn 0.1124 0.9882 0.1042
vn 0.3853 0.9187 0.0869
vn 0.6389 0.7658 0.0737
vn 0.8175 0.5707 0.0774
vn 0.9319 0.3515 0.0890
vn 0.9900 0.1254 0.0653
vn 0.2113 0.8129 0.5428
vn -0.0907 0.4973 0.8628
vn 0.1996 0.7647 0.6126
vn 0.5923 0.4453 0.6715
vn 0.7265 0.1600 0.6683
vn 0.7429 0.0125 0.6693
vn 0.6871 -0.1573 0.7094
vn 0.4300 -0.3801 0.8189
vn 0.1166 -0.7333 0.6699
vn 0.0439 -0.7116 0.7012
vn -0.4048 -0.6241 0.6683
vn -0.3819 -0.4891 0.7842
vn -0.7358 -0.1250 0.6655
vn -0.7594 0.0148 0.6504
vn -0.5501 0.2822 0.7859
vn -0.4342 0.7214 0.5395
vn 0.9867 -0.1494 0.0646
vn 0.9200 -0.3820 0.0872
vn 0.7653 -0.6395 0.0737
vn 0.5537 -0.8292 0.0766
vn 0.2232 -0.9710 0.0851
vn -0.1125 -0.9882 0.1041
vn -0.3853 -0.9187 0.0869
vn -0.6389 -0.7658 0.0737
vn -0.8293 -0.5535 0.0770
vn -0.3408 -0.6890 -0.6396
vn -0.5286 -0.5110 -0.6778
vn -0.6624 -0.2898 -0.6908
vn -0.7244 -0.0730 -0.6855
vn -0.7645 0.2311 -0.6017
vn -0.5110 0.5286 -0.6778
vn -0.2898 0.6624 -0.6908
vn 0.0270 0.6803 -0.7324
vn 0.3040 0.6293 -0.7152
vn -0.2685 -0.6919 0.6702
vn -0.3496 -0.6794 0.6451
vn -0.7420 -0.3282 0.5846
vn -0.7380 -0.2182 0.6385
vn 0.1477 0.6316 0.7611
vn -0.0219 -0.5867 0.8095
vn 0.3244 0.7293 0.6024
vn -0.4058 -0.2384 0.8823
vn 0.5253 0.3787 0.7620
vn 0.7516 0.2100 0.6253
vn -0.5427 0.2129 0.8125
vn 0.7276 -0.0964 0.6792
vn 0.5713 -0.4142 0.7086
vn -0.4382 0.4255 0.7918
vn 0.4308 -0.5991 0.6749
vn 0.0997 -0.6856 0.7211
vn -0.0269 0.5214 0.8529
vn 0.1890 0.5277 0.8281
vn 0.6126 0.2688 0.7433
vn 0.5840 -0.2897 0.7583
vn -0.7285 0.0958 0.6783
vn -0.5730 0.4124 0.7082
vn -0.4359 0.5022 0.7469
vn 0.2209 -0.5488 0.8063
vn -0.2111 0.7499 0.6269
vn 0.7727 0.6198 0.1371
vn 0.2903 0.9459 0.1449
vn 0.9736 0.2088 0.0920
vn 0.3160 0.5651 0.7621
vn 0.3855 0.7721 0.5052
vn -0.0730 0.6200 0.7812
vn -0.0816 0.2079 0.9747
vn 0.2975 0.1813 0.9374
vn -0.1312 0.8329 0.5376
vn -0.1859 0.9600 0.2093
vn 0.8302 0.2606 0.4928
vn 0.6205 0.2288 0.7501
vn -0.5548 0.7518 0.3563
vn -0.8921 0.2987 0.3389
vn -0.3955 0.4918 0.7757
vn -0.7128 0.2162 0.6672
vn -0.4115 0.1516 0.8987
vn 0.9486 -0.3109 0.0587
vn 0.8694 -0.3082 0.3862
vn 0.6823 -0.1864 0.7069
vn 0.3065 -0.2056 0.9294
vn 0.6273 0.2677 0.7314
vn -0.3829 0.4845 0.7865
vn 0.0126 -0.2497 0.9683
vn -0.6575 -0.4843 0.5772
vn 0.6826 -0.1955 0.7042
vn -0.6982 -0.1874 0.6909
vn -0.3040 -0.1548 0.9400
vn -0.9311 -0.1961 0.3075
vn -0.7230 -0.6072 0.3294
vn -0.2990 -0.9310 0.2094
vn 0.6120 -0.7882 0.0644
vn 0.2182 -0.9565 0.1935
vn -0.1975 -0.8283 0.5243
vn 0.1879 -0.8388 0.5111
vn -0.0463 -0.6095 0.7914
vn 0.3142 -0.5669 0.7615
vn 0.6053 -0.6751 0.4217
vn -0.3944 -0.4876 0.7789
vn 0.0046 0.7089 0.7053
vn -0.2628 -0.8021 0.5363
vn -0.2168 0.7930 -0.5693
vn 0.0418 -0.7829 -0.6207
vn 0.3468 0.5473 0.7617
vn 0.1079 0.5673 -0.8164
vn 0.4015 0.5509 -0.7317
vn 0.5384 0.3733 0.7555
vn 0.5809 0.3490 -0.7354
vn 0.6092 0.0567 0.7910
vn 0.7364 -0.0422 -0.6752
vn 0.0691 0.6884 0.7220
vn 0.6197 -0.2303 -0.7503
vn 0.5903 -0.2241 0.7755
vn 0.5473 -0.3468 0.7617
vn 0.5508 -0.4015 -0.7317
vn 0.3733 -0.5384 0.7555
vn 0.3481 -0.5807 -0.7359
vn 0.0567 -0.6092 0.7910
vn 0.1185 -0.6733 -0.7298
vn -0.2310 -0.6195 -0.7502
vn -0.1090 -0.6846 0.7207
vn -0.3468 -0.5473 0.7617
vn -0.4015 -0.5509 -0.7317
vn -0.5384 -0.3733 0.7555
vn -0.5809 -0.3490 -0.7354
vn -0.6092 -0.0567 0.7910
vn -0.7197 -0.0305 -0.6937
vn -0.6596 0.1309 -0.7401
vn -0.5902 0.2242 0.7755
vn -0.5473 0.3468 0.7617
vn -0.5509 0.4015 -0.7317
vn -0.3733 0.5384 0.7555
vn -0.3490 0.5809 -0.7354
vn -0.0567 0.6092 0.7910
vn -0.1185 0.6733 -0.7298
vn 0.6616 0.2890 -0.6919
vn 0.9026 -0.1081 -0.4167
vn 0.5483 0.5661 -0.6155
vn 0.0543 -0.6307 -0.7741
vn 0.2695 -0.6700 -0.6917
vn 0.5442 -0.5905 -0.5960
vn 0.6868 -0.4226 -0.5914
vn 0.8778 -0.2710 -0.3949
vn 0.7718 0.0027 0.6358
vn 0.6593 -0.0742 0.7482
vn 0.5807 -0.4355 0.6878
vn 0.5814 -0.7084 0.4002
vn 0.5769 0.4622 0.6735
vn 0.5779 0.7290 0.3669
vn 0.6372 -0.3444 0.6895
vn 0.9255 -0.3108 -0.2165
vn 0.7976 0.0333 0.6023
vn 0.8410 -0.4975 -0.2127
vn 0.7451 -0.6344 -0.2060
vn 0.4614 -0.5623 0.6862
vn 0.4717 -0.8587 -0.2004
vn 0.6422 -0.7443 -0.1830
vn 0.0774 -0.6794 0.7296
vn 0.3227 -0.9225 -0.2117
vn 0.1028 -0.9773 -0.1854
vn 0.9710 -0.1291 -0.2010
vn -0.2365 0.2361 0.9425
vn -0.8990 0.0909 0.4285
vn -0.5639 0.8235 -0.0629
vn -0.6955 0.6694 -0.2611
vn -0.9855 0.0464 -0.1629
vn -0.6740 0.6591 -0.3336
vn -0.6024 0.6665 -0.4393
vn -0.8243 -0.4579 -0.3329
vn -0.6765 0.0899 -0.7309
vn -0.6785 -0.0833 -0.7299
vn -0.9530 -0.2112 -0.2174
vn -0.5638 -0.3080 -0.7663
vn -0.5633 -0.4825 -0.6707
vn -0.5635 -0.6303 -0.5340
vn -0.6784 -0.6497 -0.3430
vn -0.9576 0.2535 -0.1366
vn -0.8233 0.5272 -0.2101
vn -0.9744 -0.1393 -0.1766
vn -0.7345 -0.3941 0.5525
vn -0.7825 -0.6212 -0.0432
vn -0.2196 -0.4379 0.8718
vn -0.5625 0.2718 -0.7808
vn -0.5626 0.4564 -0.6894
vn -0.0922 -0.7862 0.6110
vn -0.1425 -0.9728 -0.1827
vn 0.6875 0.7128 0.1389
vn 0.8083 0.1230 0.5758
vn 0.8497 -0.1309 0.5107
vn 0.7130 -0.6326 0.3024
vn -0.6318 0.3929 0.6681
vn -0.4490 -0.6338 0.6298
vn -0.6013 -0.0766 0.7953
vn -0.6645 -0.0914 0.7417
vn 0.8752 -0.1937 -0.4434
vn 0.8729 -0.0476 0.4856
vn 0.9245 -0.3791 0.0403
vn 0.8839 -0.3783 0.2748
vn 0.8706 0.1472 -0.4694
vn 0.8898 0.1542 0.4296
vn 0.8833 0.3189 -0.3437
vn 0.8725 0.3964 0.2858
vn 0.8742 0.4527 -0.1758
vn 0.2839 -0.9212 0.2662
vn 0.1724 -0.8601 0.4800
vn 0.1810 -0.7018 0.6890
vn 0.7854 -0.4899 -0.3784
vn 0.7151 -0.6909 -0.1066
vn 0.1709 -0.9481 -0.2682
vn 0.1766 -0.6828 -0.7090
vn 0.1791 -0.2596 -0.9490
vn 0.3013 -0.0066 -0.9535
vn 0.2062 0.4971 -0.8429
vn 0.2008 0.7050 -0.6802
vn 0.7789 0.6216 0.0840
vn 0.1925 0.9507 -0.2430
vn 0.1852 0.9433 0.2755
vn 0.1734 0.7029 0.6898
vn 0.2974 0.4829 0.8236
vn 0.1861 0.2303 0.9551
vn 0.1961 -0.2648 0.9441
vn 0.7601 -0.3701 0.5341
vn 0.1613 0.2590 -0.9523
vn 0.1940 0.0168 0.9809
vn 0.1659 -0.4765 0.8634
vn 0.1415 -0.9899 -0.0015
vn 0.1690 -0.8585 -0.4842
vn 0.1925 -0.4921 -0.8490
vn 0.1995 0.8391 -0.5060
vn 0.1661 0.9859 -0.0189
vn 0.1886 0.8491 0.4934
vn 0.5722 -0.2236 0.7891
vn 0.6775 -0.5755 0.4580
vn 0.7041 -0.7101 0.0048
vn 0.6521 -0.6724 -0.3503
vn 0.6534 -0.4102 -0.6363
vn 0.5860 0.0431 -0.8092
vn 0.6826 0.4258 -0.5939
vn 0.6646 0.7124 -0.2255
vn 0.7375 0.6122 0.2852
vn 0.6951 0.3057 0.6507
vn 0.9923 0.0281 0.1210
vn 0.9380 -0.2262 0.2627
vn 0.9773 -0.2115 -0.0127
vn 0.9757 -0.1087 -0.1903
vn 0.9783 0.0685 -0.1954
vn 0.9706 0.2097 -0.1183
vn 0.9392 0.3377 0.0628
vn -0.1286 -0.9442 0.3034
vn -0.6049 -0.7247 0.3302
vn -0.3977 -0.9129 0.0916
vn 0.1426 -0.9844 0.1031
vn -0.1297 -0.9865 -0.0999
vn 0.6872 -0.6724 -0.2749
vn 0.3749 -0.7428 -0.5546
vn 0.7787 -0.4487 -0.4386
vn -0.1437 -0.8505 0.5060
vn -0.3785 -0.6206 0.6867
vn 0.5158 0.6417 0.5676
vn -0.8063 -0.1650 0.5681
vn 0.2295 -0.0214 0.9731
vn -0.7924 -0.4461 0.4161
vn 0.3897 -0.9008 -0.1917
vn -0.1239 -0.9340 -0.3350
vn 0.7820 -0.3223 -0.5334
vn 0.9207 0.0265 -0.3893
vn -0.9471 -0.2830 0.1515
vn -0.8077 -0.5838 0.0824
vn -0.6110 -0.7693 -0.1867
vn 0.8913 0.2617 -0.3702
vn 0.3893 0.8817 -0.2665
vn 0.6136 0.6294 -0.4768
vn 0.1288 0.8559 -0.5008
vn -0.1308 0.9458 -0.2972
vn -0.3681 0.7500 -0.5496
vn -0.5914 0.7674 -0.2479
vn -0.7839 0.4970 -0.3723
vn -0.8578 0.5063 -0.0881
vn 0.2368 0.8433 -0.4824
vn -0.3727 0.8516 0.3686
vn -0.7403 0.6074 0.2882
vn -0.6010 0.5926 0.5363
vn -0.1498 0.7384 0.6575
vn -0.1439 0.5785 0.8029
vn 0.9218 0.0037 0.3877
vn 0.1494 0.4008 0.9039
vn 0.5900 0.3939 0.7048
vn 0.3612 0.6479 0.6706
vn -0.6120 0.7907 0.0168
vn -0.9262 0.3581 0.1180
vn 0.5659 0.1821 -0.8041
vn -0.1301 -0.8731 -0.4700
vn -0.1245 -0.7177 -0.6851
vn 0.3843 -0.4651 -0.7975
vn 0.7875 -0.1619 -0.5947
vn 0.3611 -0.2068 -0.9093
vn -0.2247 0.9562 -0.1879
vn -0.8952 -0.3394 -0.2890
vn -0.1298 -0.6052 -0.7855
vn -0.6003 -0.4085 -0.6876
vn -0.1257 -0.3768 -0.9177
vn 0.7041 0.0860 -0.7049
vn 0.3691 0.1922 -0.9093
vn 0.6035 0.3910 -0.6949
vn -0.6008 -0.6447 -0.4727
vn -0.1295 -0.2368 -0.9629
vn 0.3760 -0.1204 -0.9188
vn -0.1232 0.0213 -0.9921
vn -0.5623 -0.0689 -0.8241
vn -0.1290 0.1909 -0.9731
vn 0.1340 0.4087 -0.9028
vn 0.8029 0.5594 -0.2060
vn 0.3115 -0.4586 -0.8322
vn -0.7966 -0.1335 -0.5896
vn -0.9150 0.0479 -0.4006
vn -0.6059 0.1533 -0.7806
vn 0.1828 0.6804 -0.7097
vn -0.1552 0.5809 -0.7990
vn -0.3776 0.3773 -0.8456
vn -0.8070 0.2793 -0.5203
vn -0.5932 0.4892 -0.6394
vn 0.2221 0.5349 -0.8152
vn -0.5809 0.4038 0.7067
vn -0.3601 0.2643 0.8947
vn 0.1584 0.2081 0.9652
vn 0.6014 0.1020 0.7924
vn 0.1724 -0.1329 0.9760
vn 0.6151 -0.1412 0.7757
vn -0.8605 0.2961 0.4146
vn -0.1537 0.0154 0.9880
vn 0.3881 -0.3768 0.8411
vn 0.8058 -0.2030 0.5563
vn 0.6071 -0.5396 0.5833
vn 0.9273 -0.3448 -0.1460
vn 0.7648 -0.5811 0.2783
vn 0.9592 -0.2449 0.1412
vn -0.5820 -0.0040 0.8132
vn -0.8012 0.1138 0.5875
vn -0.3718 -0.1960 0.9074
vn -0.5987 -0.3481 0.7214
vn -0.1312 -0.4045 0.9051
vn 0.1275 -0.5814 0.8036
vn 0.1420 -0.7447 0.6521
vn 0.3710 -0.8456 0.3839
vn 0.5565 -0.8256 0.0932
vn 0.8087 -0.5877 0.0245
vn 0.2137 0.4525 0.8658
vn 0.9010 0.1924 0.3889
vn 0.1422 0.9458 0.2919
vn 0.6002 0.7361 0.3131
vn 0.3788 0.9255 -0.0036
vn -0.1398 0.9832 0.1173
vn -0.1182 0.9848 -0.1273
vn 0.9573 0.2589 0.1289
vn 0.7874 0.4834 0.3825
vn 0.7628 0.6464 -0.0207
vn 0.1418 0.8518 0.5044
vn 0.9727 -0.0055 0.2320
vn 0.9814 0.1072 0.1590
vn 0.9420 0.3120 0.1233
vn 0.9693 -0.1110 0.2194
vn 0.9684 -0.2149 0.1263
vn 0.9641 -0.2653 -0.0138
vn 0.9771 -0.1668 -0.1320
vn 0.9687 -0.1159 -0.2197
vn 0.9693 0.0939 -0.2272
vn 0.9742 0.2095 -0.0835
vn -0.1202 -0.8110 0.5725
vn -0.6057 -0.6471 0.4631
vn -0.1219 -0.8739 0.4705
vn 0.3846 -0.8496 0.3610
vn -0.1343 -0.9490 0.2853
vn 0.3959 -0.9030 0.1666
vn 0.9155 -0.3712 -0.1551
vn 0.6896 -0.7013 -0.1810
vn 0.8026 -0.5887 0.0964
vn -0.7921 -0.3538 0.4975
vn -0.5688 -0.5528 0.6090
vn -0.6004 -0.2916 0.7447
vn -0.9232 -0.1503 0.3537
vn -0.9163 -0.3066 0.2576
vn -0.5895 -0.7465 0.3084
vn -0.1454 -0.9744 0.1713
vn 0.1348 -0.9908 0.0091
vn 0.2850 -0.1582 0.9454
vn 0.1905 -0.8835 0.4279
vn 0.5762 -0.8158 -0.0490
vn 0.1363 -0.9735 -0.1834
vn 0.5671 -0.7121 -0.4139
vn 0.7996 -0.4819 -0.3583
vn -0.5992 -0.7961 0.0847
vn -0.2653 -0.9605 -0.0843
vn 0.1426 -0.9448 -0.2950
vn 0.8671 -0.3181 -0.3834
vn -0.8533 -0.4844 0.1933
vn 0.5848 -0.5283 -0.6155
vn -0.9130 -0.4078 -0.0087
vn -0.6120 -0.7783 -0.1406
vn -0.3741 -0.8544 -0.3606
vn 0.1153 -0.8835 -0.4540
vn 0.1356 -0.7966 -0.5892
vn 0.7615 -0.2643 -0.5918
vn 0.9127 -0.0773 -0.4013
vn 0.8502 0.2654 0.4547
vn -0.7863 -0.5640 -0.2524
vn -0.3699 -0.7617 -0.5319
vn 0.1342 -0.7169 -0.6842
vn 0.1527 -0.5704 -0.8071
vn 0.3768 -0.3517 -0.8570
vn 0.3589 0.9088 0.2128
vn 0.6908 0.7215 -0.0468
vn 0.1789 0.9837 0.0191
vn -0.1647 0.9756 0.1449
vn -0.1665 0.9799 -0.1099
vn -0.6018 0.7956 -0.0702
vn -0.6891 0.7053 0.1665
vn -0.8508 0.5253 -0.0162
vn -0.3510 0.6172 0.7042
vn -0.7703 0.4627 0.4389
vn -0.6077 0.4124 0.6787
vn -0.2635 0.3695 0.8911
vn 0.1351 0.4807 0.8664
vn 0.1438 0.2751 0.9506
vn 0.5997 0.2984 0.7425
vn -0.3658 0.7763 0.5134
vn -0.5884 0.7416 0.3221
vn -0.9117 0.3560 0.2052
vn 0.0745 -0.1420 0.9871
vn -0.3435 -0.5942 -0.7273
vn 0.6038 -0.0711 -0.7939
vn 0.8151 0.0664 -0.5755
vn -0.7971 -0.4968 -0.3434
vn 0.1692 0.0774 -0.9825
vn -0.7900 -0.3682 -0.4902
vn -0.6116 -0.3513 -0.7088
vn -0.1376 -0.4498 -0.8825
vn -0.1414 -0.3069 -0.9412
vn 0.1396 0.0033 -0.9902
vn 0.3962 0.1450 -0.9067
vn 0.7866 0.1666 -0.5946
vn 0.8039 0.3309 -0.4942
vn 0.1409 -0.1707 -0.9752
vn -0.5990 -0.1976 -0.7760
vn -0.3584 -0.0468 -0.9324
vn 0.9215 0.2921 -0.2559
vn 0.9949 -0.0687 -0.0734
vn -0.1460 0.1506 -0.9778
vn 0.1269 0.3017 -0.9449
vn 0.5617 0.3210 -0.7625
vn 0.1250 0.4613 -0.8784
vn 0.3817 0.5372 -0.7522
vn 0.6123 0.5566 -0.5615
vn -0.8028 -0.0155 -0.5960
vn -0.6006 0.1894 -0.7768
vn -0.3709 0.3797 -0.8475
vn 0.7059 0.6048 -0.3687
vn 0.7975 0.5680 -0.2034
vn -0.1701 0.6158 -0.7693
vn 0.1469 0.7063 -0.6926
vn 0.3599 0.7608 -0.5400
vn 0.9294 0.3683 0.0255
vn 0.3732 0.8602 -0.3476
vn -0.9172 0.0801 -0.3903
vn -0.7995 0.3288 -0.5027
vn -0.5863 0.5423 -0.6018
vn -0.1430 0.7976 -0.5860
vn -0.8012 0.4775 -0.3606
vn -0.1166 0.8836 -0.4535
vn -0.5652 0.7136 -0.4139
vn -0.1305 0.9463 -0.2957
vn 0.3719 0.9120 -0.1730
vn 0.2262 0.7472 -0.6249
vn -0.6043 0.7598 -0.2397
vn -0.9162 0.3766 -0.1370
vn 0.1351 0.1812 0.9741
vn 0.6063 0.0812 0.7911
vn 0.1299 -0.0034 0.9915
vn 0.3900 -0.1612 0.9066
vn 0.7983 -0.0705 0.5981
vn 0.7708 -0.2231 0.5968
vn 0.7629 0.5737 -0.2982
vn -0.6103 0.2297 0.7581
vn -0.3584 0.0962 0.9286
vn 0.7893 -0.3765 0.4851
vn -0.9170 0.1424 0.3726
vn -0.1405 -0.1748 0.9745
vn 0.3734 -0.3520 0.8583
vn -0.8102 0.0325 0.5853
vn -0.6033 -0.1043 0.7907
vn -0.1307 -0.2794 0.9512
vn -0.1344 -0.4693 0.8727
vn 0.3698 -0.5443 0.7530
vn 0.3828 -0.7085 0.5929
vn 0.7929 -0.4747 0.3820
vn -0.1346 -0.5748 0.8071
vn 0.7888 -0.5689 0.2327
vn 0.9101 0.1047 0.4011
vn 0.5942 0.4853 0.6414
vn 0.8483 0.2811 0.4488
vn 0.6048 0.6078 0.5145
vn 0.1416 0.8005 0.5823
vn 0.1425 0.8822 0.4488
vn -0.1423 0.9424 0.3028
vn 0.9139 0.3161 0.2548
vn 0.6101 0.7008 0.3695
vn 0.7167 0.6807 0.1516
vn 0.1202 0.5657 0.8158
vn 0.1296 0.7049 0.6973
vn -0.6068 -0.5704 -0.5536
vn -0.1153 -0.7000 0.7047
vn -0.4604 0.2527 -0.8510
vn 0.9706 0.0877 0.2242
vn 0.9759 -0.0761 0.2046
vn 0.9776 -0.1668 0.1283
vn 0.9765 -0.2148 0.0193
vn 0.9708 -0.2086 -0.1186
vn 0.9799 -0.1327 -0.1489
vn 0.9807 -0.0410 -0.1913
vn 0.9761 0.0688 -0.2060
vn 0.9752 0.1712 -0.1402
vn 0.9790 0.2039 0.0019
vn 0.9743 0.1943 0.1143
vn -0.2819 -0.2379 0.9295
vn -0.9527 -0.0288 0.3025
vn -0.2761 0.1610 0.9475
vn -0.9181 -0.2391 0.3160
vn -0.7134 -0.3325 0.6169
vn -0.6127 -0.5434 0.5739
vn -0.1966 -0.6505 0.7336
vn -0.4102 -0.7625 0.5003
vn 0.1232 -0.8048 0.5806
vn -0.1489 -0.8814 0.4483
vn 0.6051 -0.7288 0.3205
vn 0.1648 -0.9165 0.3646
vn 0.6103 -0.7837 0.1157
vn 0.9091 -0.4039 -0.1022
vn 0.8517 -0.5240 -0.0028
vn 0.9096 -0.3943 0.1314
vn -0.3480 -0.4349 0.8305
vn -0.8757 -0.1686 0.4525
vn -0.3290 -0.4486 0.8310
vn 0.6023 -0.7912 -0.1064
vn -0.8625 -0.3910 0.3211
vn -0.7617 -0.5651 0.3171
vn -0.3710 -0.8921 0.2578
vn 0.1279 -0.9704 0.2049
vn 0.1434 -0.9875 0.0648
vn 0.6040 0.7703 -0.2044
vn 0.7979 0.5077 -0.3249
vn 0.4060 0.8132 -0.4170
vn 0.1271 0.9336 -0.3351
vn -0.1307 0.8876 -0.4416
vn -0.3593 0.8975 -0.2558
vn -0.4123 0.7650 -0.4948
vn -0.7572 0.5883 -0.2840
vn -0.9199 0.3854 -0.0721
vn -0.9515 0.2738 -0.1405
vn -0.3464 0.8554 -0.3851
vn -0.2786 0.9576 -0.0737
vn 0.1399 0.8758 0.4619
vn -0.3656 0.8553 0.3671
vn -0.1529 0.8155 0.5582
vn 0.9188 0.2412 0.3124
vn 0.6058 0.4165 0.6779
vn 0.8444 0.1819 0.5039
vn 0.1628 0.9450 0.2837
vn -0.1354 0.9720 0.1921
vn -0.6069 0.7768 0.1680
vn -0.3788 0.9230 0.0675
vn -0.8202 0.5717 0.0220
vn -0.6041 0.7939 -0.0693
vn -0.2725 -0.7111 0.6481
vn 0.5702 -0.7626 -0.3054
vn 0.8035 -0.5253 -0.2801
vn -0.9489 -0.2922 0.1191
vn -0.3568 -0.9312 0.0745
vn -0.1521 -0.9862 -0.0654
vn 0.1627 -0.9731 -0.1630
vn 0.8227 -0.4080 -0.3958
vn -0.3499 -0.8294 0.4356
vn -0.7933 -0.5823 0.1778
vn -0.7084 -0.6988 0.0995
vn 0.5893 -0.6684 -0.4539
vn -0.6134 -0.7868 -0.0689
vn -0.3490 -0.9009 -0.2581
vn 0.1164 -0.9367 -0.3302
vn 0.1348 -0.8801 -0.4552
vn 0.9140 -0.1927 -0.3570
vn -0.2981 -0.9380 0.1771
vn -0.9131 -0.4077 -0.0104
vn 0.1668 -0.7506 -0.6393
vn 0.5348 -0.5732 -0.6208
vn -0.7124 -0.6762 -0.1876
vn -0.3752 -0.8326 -0.4074
vn -0.1472 -0.8134 -0.5628
vn 0.6045 -0.4163 -0.6792
vn -0.3052 -0.9478 -0.0929
vn 0.1288 -0.6292 -0.7665
vn 0.6086 -0.2701 -0.7461
vn 0.8443 -0.1158 -0.5231
vn -0.9250 -0.3588 -0.1253
vn -0.7877 -0.5468 -0.2837
vn -0.6093 -0.6445 -0.4619
vn -0.3678 -0.6704 -0.6444
vn 0.1407 -0.5086 -0.8494
vn 0.9089 0.0224 -0.4164
vn -0.3034 -0.8650 -0.3997
vn -0.3845 -0.5332 -0.7535
vn 0.6013 -0.0520 -0.7973
vn -0.9148 -0.3125 -0.2559
vn -0.7662 -0.4214 -0.4851
vn -0.1575 -0.4014 -0.9022
vn 0.1644 -0.3010 -0.9393
vn 0.5734 0.1316 -0.8086
vn 0.8095 0.1642 -0.5637
vn -0.3198 -0.7438 -0.5869
vn -0.9533 -0.1252 -0.2748
vn -0.3451 -0.5357 -0.7706
vn -0.5752 -0.3181 -0.7536
vn -0.7825 -0.3226 -0.5325
vn -0.7958 -0.1562 -0.5851
vn 0.1393 0.0016 -0.9903
vn -0.3567 -0.0107 -0.9342
vn -0.1524 0.1326 -0.9794
vn 0.1568 0.2307 -0.9603
vn 0.5976 0.3232 -0.7337
vn 0.9136 0.2002 -0.3540
vn 0.5716 0.4557 -0.6823
vn 0.8136 0.3793 -0.4406
vn -0.3670 -0.1899 -0.9106
vn -0.6909 -0.0495 -0.7212
vn 0.1392 0.3940 -0.9085
vn -0.2999 -0.2583 -0.9183
vn -0.9219 -0.0115 -0.3874
vn -0.6186 0.1101 -0.7780
vn -0.3486 0.3131 -0.8835
vn 0.5826 0.6162 -0.5300
vn 0.9178 0.3795 -0.1169
vn -0.1572 0.5056 -0.8483
vn 0.1616 0.5978 -0.7852
vn -0.3089 0.0059 -0.9511
vn -0.9095 0.0770 -0.4086
vn -0.7224 0.2367 -0.6497
vn -0.5993 0.4160 -0.6839
vn -0.3708 0.6365 -0.6764
vn 0.1280 0.7227 -0.6792
vn 0.1110 0.8041 -0.5841
vn -0.3066 0.2709 -0.9125
vn -0.9118 0.1878 -0.3651
vn -0.7920 0.3880 -0.4714
vn -0.2973 0.5209 -0.8002
vn -0.6766 0.5694 -0.4668
vn -0.9244 0.2942 -0.2426
vn -0.3164 0.7291 -0.6069
vn -0.9207 0.3738 0.1127
vn -0.7985 0.5294 0.2866
vn 0.3634 0.7351 0.5724
vn -0.1269 0.7211 0.6811
vn 0.1446 0.6191 0.7719
vn 0.5970 0.5492 0.5848
vn -0.3305 0.9312 0.1538
vn -0.6196 0.6111 0.4926
vn 0.1676 0.4335 0.8854
vn 0.5874 0.2652 0.7646
vn 0.8796 0.0380 0.4743
vn 0.9172 -0.0557 0.3945
vn -0.3877 0.5837 0.7134
vn -0.1523 0.5153 0.8434
vn -0.2689 0.8487 0.4553
vn 0.1485 0.2564 0.9551
vn 0.5953 0.0623 0.8011
vn -0.9520 0.2116 0.2213
vn -0.7772 0.4123 0.4754
vn -0.6131 0.4016 0.6803
vn -0.3683 0.3182 0.8736
vn -0.3524 0.6804 0.6425
vn -0.1572 0.1432 0.9771
vn 0.1642 0.0365 0.9857
vn 0.5971 -0.1627 0.7855
vn 0.8676 -0.2254 0.4432
vn 0.9146 -0.2544 0.3144
vn -0.9158 0.1697 0.3640
vn -0.8011 0.1573 0.5775
vn -0.3252 0.4692 0.8211
vn -0.6098 0.0971 0.7866
vn -0.3656 -0.0624 0.9287
vn 0.1478 -0.1227 0.9814
vn 0.1801 -0.3489 0.9197
vn 0.5892 -0.3728 0.7169
vn -0.1575 -0.2580 0.9532
vn -0.7688 -0.0410 0.6382
vn 0.1384 -0.5300 0.8366
vn 0.6116 -0.5335 0.5842
vn 0.8624 -0.4301 0.2671
vn -0.5960 -0.2137 0.7741
vn 0.1910 -0.6912 0.6970
vn 0.5988 -0.6464 0.4729
vn 0.8451 0.4120 0.3407
vn 0.7556 0.5654 0.3306
vn 0.5850 0.7489 0.3114
vn 0.1665 0.9856 0.0297
vn -0.1512 0.9849 -0.0837
vn -0.7001 0.6863 -0.1970
vn 0.5992 0.7877 0.1431
vn 0.9129 0.3948 0.1033
vn 0.1494 0.9714 -0.1845
vn 0.5981 0.8013 -0.0114
vn 0.8516 0.5241 -0.0004
vn 0.1287 -0.1380 -0.9820
vn 0.9246 0.1271 0.3590
vn 0.8978 0.2207 0.3812
vn 0.9139 0.2852 0.2888
vn 0.8973 0.3945 0.1982
vn 0.8982 0.4331 0.0752
vn 0.9173 0.3960 -0.0409
vn 0.9177 0.3584 -0.1713
vn 0.9154 0.3018 -0.2664
vn 0.9068 -0.0033 0.4217
vn 0.8959 -0.2207 0.3855
vn 0.9139 -0.2852 0.2888
vn 0.8973 -0.3945 0.1982
vn 0.8982 -0.4331 0.0752
vn 0.9219 -0.3860 -0.0319
vn 0.9183 -0.3558 -0.1735
vn 0.9067 -0.3014 -0.2950
vn 0.8954 -0.2176 -0.3886
vn 0.8947 -0.0949 -0.4365
vn 0.9126 0.0302 -0.4078
vn 0.8949 0.1596 -0.4167
vn 0.8952 0.2717 -0.3533
vn -0.5555 -0.8239 -0.1120
vn -0.1837 0.7355 -0.6522
vn -0.3533 0.7826 -0.5125
vn -0.1685 -0.7085 -0.6853
vn -0.6785 0.3342 -0.6542
vn -0.5734 -0.5780 -0.5806
vn 0.5559 0.8239 -0.1104
vn 0.1837 -0.7355 -0.6522
vn 0.3533 -0.7826 -0.5125
vn 0.1686 0.7086 -0.6852
vn 0.6785 -0.3342 -0.6542
vn 0.5734 0.5780 -0.5806
vn -0.2900 -0.5360 -0.7929
vn 0.0697 -0.4612 -0.8846
vn -0.0386 -0.2879 -0.9569
vn 0.3607 -0.5693 -0.7388
vn -0.1092 -0.8721 -0.4770
vn 0.1123 -0.8673 -0.4849
vn -0.0803 -0.7029 -0.7067
vn -0.0781 -0.5129 -0.8549
vn 0.0818 -0.7046 -0.7048
vn -0.6528 -0.2616 -0.7109
vn -0.8435 -0.1070 -0.5264
vn -0.7596 -0.5394 -0.3634
vn -0.0576 -0.7479 -0.6613
vn -0.3314 -0.7424 -0.5823
vn -0.4980 -0.7379 -0.4555
vn -0.6241 -0.5995 -0.5010
vn -0.4853 -0.8541 -0.1872
vn -0.6081 -0.7739 -0.1772
vn -0.7762 -0.6044 -0.1795
vn -0.7954 -0.3470 -0.4970
vn -0.8548 -0.4902 -0.1702
vn -0.9415 -0.2843 -0.1812
vn -0.8618 -0.0800 -0.5008
vn -0.6176 -0.0566 -0.7845
vn -0.7479 0.2753 -0.6040
vn -0.3125 -0.9270 -0.2074
vn -0.5396 0.6873 -0.4862
vn -0.1837 0.7360 -0.6516
vn -0.2709 0.5245 -0.8072
vn -0.3432 0.4023 -0.8488
vn 0.1839 -0.8549 -0.4850
vn 0.3449 -0.6004 -0.7215
vn 0.2752 0.1387 -0.9513
vn 0.2351 0.7164 -0.6569
vn 0.4835 -0.6043 -0.6333
vn 0.5652 0.6820 -0.4642
vn 0.7788 -0.1733 -0.6028
vn 0.7060 0.7034 0.0826
vn 0.8755 -0.0918 -0.4745
vn 0.6691 0.1793 -0.7212
vn 0.3998 0.6600 -0.6360
vn 0.7195 -0.0608 -0.6919
vn 0.4756 -0.0872 -0.8753
vn 0.3063 0.5216 -0.7963
vn 0.7429 0.0906 -0.6633
vn 0.8541 -0.1627 -0.4941
vn 0.7445 -0.3075 -0.5926
vn 0.6724 -0.5338 -0.5128
vn 0.6117 -0.5333 -0.5843
vn 0.3272 -0.7072 -0.6268
vn 0.4917 -0.7470 -0.4474
vn 0.5071 -0.6894 -0.5173
vn -0.5941 0.5802 -0.5572
vn -0.3444 -0.6372 0.6895
vn -0.5634 -0.4606 0.6859
vn -0.4520 -0.1321 -0.8822
vn 0.5240 0.2662 -0.8091
vn -0.1276 0.5752 -0.8080
vn 0.0139 0.9402 -0.3403
vn -0.6778 0.4031 -0.6150
vn -0.4023 0.8153 -0.4165
vn 0.8959 0.4437 0.0214
vn 0.8305 0.2626 0.4912
vn 0.8791 -0.4264 -0.2130
vn 0.9740 0.1410 -0.1771
vn 0.8229 -0.5270 -0.2124
vn 0.9263 0.2648 -0.2680
vn 0.5820 0.6566 -0.4797
vn 0.6252 0.3552 -0.6950
vn 0.8971 -0.0874 -0.4331
vn 0.6457 -0.5839 -0.4921
vn 0.8360 -0.5435 -0.0755
vn 0.4049 0.8249 -0.3945
vn -0.4942 0.3243 -0.8066
vn 0.0646 0.8692 -0.4903
vn 0.0056 0.2621 -0.9650
vn 0.0734 0.5169 -0.8529
vn -0.1056 0.5074 -0.8552
vn 0.1335 0.8518 -0.5065
vn -0.0635 0.8754 -0.4792
vn 0.0950 0.9794 -0.1782
vn -0.1296 0.9680 -0.2151
vn -0.0508 0.7068 -0.7056
vn 0.0444 0.7045 -0.7083
vn 0.0258 0.7956 -0.6053
vn 0.4855 0.1074 -0.8676
vn 0.6876 -0.3538 -0.6341
vn 0.8545 0.0495 -0.5171
vn 0.8248 0.4236 -0.3746
vn 0.7170 0.3238 -0.6173
vn 0.2497 0.6856 -0.6838
vn 0.2624 0.8399 -0.4752
vn 0.4356 0.7423 -0.5091
vn 0.5840 0.6983 -0.4140
vn 0.6720 0.5484 -0.4976
vn 0.7140 0.1197 -0.6898
vn 0.8590 0.1452 -0.4909
vn -0.1545 0.7472 -0.6464
vn 0.3309 0.9250 -0.1870
vn 0.4693 0.8698 -0.1524
vn 0.6362 0.7497 -0.1823
vn 0.7426 0.6487 -0.1666
vn 0.8590 0.4728 -0.1963
vn 0.9267 0.3224 -0.1930
vn 0.5389 -0.6866 -0.4881
vn 0.1942 -0.7498 -0.6325
vn 0.2437 -0.4028 -0.8823
vn 0.0648 0.8176 -0.5721
vn -0.4877 0.6571 -0.5748
vn -0.3354 -0.6968 -0.6340
vn -0.6095 -0.6703 -0.4233
vn -0.7764 0.1706 -0.6068
vn -0.6697 -0.1802 -0.7204
vn -0.8743 0.1370 -0.4657
vn -0.4000 -0.6600 -0.6359
vn -0.7021 0.0438 -0.7107
vn -0.4663 0.0571 -0.8828
vn -0.3063 -0.5217 -0.7963
vn -0.7411 -0.0908 -0.6652
vn -0.8406 0.2355 -0.4878
vn -0.6852 0.2668 -0.6777
vn -0.5990 0.4994 -0.6259
vn -0.8480 0.5032 -0.1664
vn -0.7319 0.6534 -0.1934
vn -0.4116 0.6798 -0.6070
vn -0.6251 0.7494 -0.2184
vn -0.4414 0.8756 -0.1963
vn -0.2358 0.7570 -0.6094
vn -0.2920 0.9355 -0.1988
vn -0.7558 0.3863 -0.5287
vn -0.9222 0.3229 -0.2127
vn -0.9711 0.1844 -0.1517
vn -0.2352 0.8396 -0.4897
vn -0.6662 0.6071 -0.4331
vn 0.5941 -0.5802 -0.5572
vn 0.3445 0.6371 0.6895
vn 0.0570 0.7801 0.6230
vn 0.5631 0.4608 0.6860
vn -0.1897 0.8066 0.5599
vn -0.6379 0.3435 0.6893
vn -0.4617 0.5621 0.6862
vn 0.6777 -0.4031 -0.6150
vn 0.4023 -0.8153 -0.4165
vn 0.1919 -0.0879 -0.9775
vn -0.8449 -0.4879 -0.2194
vn 0.7344 -0.3466 -0.5836
vn -0.4225 -0.5663 -0.7077
vn -0.7522 -0.1885 -0.6314
vn -0.5539 0.3791 -0.7413
vn 0.5795 -0.4051 -0.7072
vn -0.1448 0.6778 -0.7209
vn -0.4998 -0.2739 -0.8217
vn -0.3850 -0.6143 -0.6887
vn 0.2178 -0.7213 -0.6575
vn 0.0720 -0.7139 -0.6965
vn 0.2821 0.5795 -0.7646
vn -0.5244 -0.1302 -0.8415
vn 0.6806 0.2729 -0.6800
vn 0.6126 -0.3723 -0.6973
vn -0.2000 -0.2139 -0.9562
vn 0.1355 -0.7004 -0.7007
vn 0.9207 0.0666 -0.3846
vn -0.5275 -0.2667 -0.8066
vn -0.2401 -0.7838 -0.5728
vn -0.4049 -0.8249 -0.3945
vn 0.8761 0.3802 -0.2965
vn -0.1910 0.0787 -0.9784
vn -0.7354 0.3425 -0.5847
vn 0.4225 0.5663 -0.7077
vn 0.7522 0.1885 -0.6314
vn 0.5540 -0.3793 -0.7411
vn -0.5398 0.2423 -0.8062
vn 0.1447 -0.6771 -0.7215
vn 0.5697 0.2769 -0.7738
vn 0.3806 0.6671 -0.6404
vn -0.3032 0.6687 -0.6789
vn 0.0954 0.8864 -0.4530
vn -0.2821 -0.5795 -0.7646
vn 0.5244 0.1302 -0.8415
vn -0.6805 -0.2729 -0.6800
vn -0.6126 0.3723 -0.6973
vn 0.2002 0.2074 -0.9576
vn -0.1355 0.7004 -0.7007
vn -0.9161 -0.0853 -0.3918
vn -0.0000 0.8597 -0.5108
vn -0.5774 0.5773 -0.5773
vn -0.4230 0.6154 -0.6651
vn -0.0343 0.7480 -0.6628
vn 0.1854 0.7177 -0.6712
vn -0.6053 0.3669 -0.7064
vn -0.7540 0.0407 -0.6556
vn -0.7539 -0.1585 -0.6375
vn -0.6061 -0.4513 -0.6550
vn -0.4110 -0.5737 -0.7085
vn -0.1371 -0.7348 -0.6643
vn 0.1156 -0.6933 -0.7113
vn 0.4230 -0.6154 -0.6651
vn 0.6455 -0.4212 -0.6371
vn 0.7540 -0.0407 -0.6556
vn 0.6069 -0.0259 -0.7944
vn 0.6061 0.4513 -0.6549
vn 0.4535 0.4054 -0.7937
vn -0.0327 0.6645 -0.7466
vn -0.6924 0.3115 -0.6508
vn -0.7540 0.0408 -0.6556
vn -0.6069 0.0259 -0.7944
vn -0.4535 -0.4054 -0.7937
vn 0.1586 -0.7544 -0.6370
vn 0.5725 -0.4092 -0.7105
vn 0.7540 -0.0408 -0.6556
vn 0.7541 0.1586 -0.6374
vn 0.6061 0.4513 -0.6550
vn 0.4109 0.5736 -0.7087
vn -0.0000 -0.9316 -0.3634
vn -0.4117 -0.8130 -0.4117
vn -0.0000 -0.8597 -0.5108
vn 0.5774 -0.5773 -0.5773
vn -0.0000 0.9316 -0.3634
vn 0.4117 0.8130 -0.4117
vn -0.0940 -0.3277 -0.9401
vn 0.4585 0.4181 -0.7843
vn -0.3950 -0.4352 -0.8091
vn 0.0940 0.3277 -0.9401
vn -0.3569 0.6745 -0.6463
vn -0.3185 0.6723 -0.6682
vn 0.1391 0.4879 -0.8617
vn 0.3527 0.4105 -0.8409
vn 0.6052 0.0997 -0.7898
vn 0.6076 0.1774 -0.7742
vn 0.4679 -0.2046 -0.8598
vn 0.4582 -0.3096 -0.8332
vn -0.3338 -0.6463 -0.6862
vn -0.6258 -0.1460 -0.7662
vn -0.1186 -0.7661 -0.6317
vn 0.1421 -0.6704 -0.7282
vn 0.3798 -0.7604 -0.5268
vn -0.3443 0.0300 -0.9384
vn -0.6138 -0.2032 -0.7628
vn -0.4017 -0.4898 -0.7738
vn -0.1990 -0.6401 -0.7421
vn 0.0803 -0.4717 -0.8781
vn -0.3098 -0.6891 -0.6550
vn -0.3555 -0.2044 -0.9121
vn -0.7194 0.3240 -0.6144
vn -0.7397 0.0908 -0.6668
vn -0.9697 0.1070 -0.2196
vn -0.6466 -0.3813 -0.6606
vn -0.3509 -0.4900 -0.7980
vn -0.6052 -0.0997 -0.7898
vn 0.0066 -0.5751 -0.8181
vn -0.6076 -0.1774 -0.7742
vn -0.4679 0.2046 -0.8598
vn -0.4582 0.3096 -0.8332
vn 0.3338 0.6463 -0.6862
vn 0.6258 0.1460 -0.7662
vn 0.1186 0.7661 -0.6317
vn -0.1421 0.6704 -0.7282
vn -0.3798 0.7604 -0.5268
vn 0.3442 -0.0302 -0.9384
vn 0.6171 0.1977 -0.7617
vn 0.3690 0.5457 -0.7523
vn 0.1991 0.6449 -0.7379
vn -0.1402 0.4725 -0.8701
vn 0.3096 0.6893 -0.6550
vn 0.3553 0.2045 -0.9121
vn 0.7194 -0.3240 -0.6143
vn 0.3111 -0.7075 -0.6345
vn 0.7397 -0.0908 -0.6668
vn 0.9697 -0.1070 -0.2196
vn 0.6466 0.3813 -0.6606
vn 0.2101 -0.6115 -0.7629
vn 0.4297 -0.5729 -0.6979
vn 0.2237 -0.6076 -0.7621
vn -0.3449 -0.6529 -0.6744
vn -0.3765 -0.6372 -0.6724
vn -0.7173 0.3232 -0.6172
vn -0.2805 0.7197 -0.6351
vn -0.7562 0.1259 -0.6421
vn -0.9718 0.0970 -0.2150
vn -0.6513 -0.3443 -0.6762
vn -0.1462 0.5189 -0.8422
vn 0.1785 0.6574 -0.7321
vn 0.3322 0.2960 -0.8956
vn 0.5861 -0.2988 -0.7531
vn 0.6964 -0.1398 -0.7039
vn 0.7148 0.1598 -0.6808
vn 0.6529 0.3434 -0.6751
vn 0.7173 -0.3232 -0.6172
vn 0.1880 -0.6992 -0.6897
vn 0.6962 -0.1399 -0.7041
vn 0.9718 -0.0970 -0.2150
vn 0.6528 0.3436 -0.6751
vn 0.3107 0.6754 -0.6688
vn 0.1427 0.7778 -0.6121
vn 0.1461 -0.5189 -0.8422
vn -0.3509 -0.3064 -0.8849
vn -0.6589 0.3343 -0.6739
vn -0.7563 0.1257 -0.6420
vn -0.7141 -0.1598 -0.6816
vn -0.6514 -0.3442 -0.6762
vn -0.1473 0.5270 -0.8370
vn -0.0041 0.5489 -0.8359
vn -0.0948 -0.5628 -0.8211
vn 0.3756 -0.5368 -0.7555
vn 0.6533 -0.3620 -0.6650
vn 0.4591 -0.2342 -0.8570
vn -0.6745 0.3106 -0.6698
vn -0.4591 0.2342 -0.8570
vn -0.4221 0.5082 -0.7507
vn -0.0286 0.6192 -0.7847
vn -0.4571 -0.5186 -0.7226
vn -0.4960 0.4053 -0.7679
vn -0.5637 0.0573 -0.8240
vn -0.6270 -0.2591 -0.7347
vn -0.5988 0.2730 -0.7529
vn 0.0952 0.0935 -0.9911
vn -0.2491 0.4198 -0.8727
vn -0.0875 0.6767 -0.7311
vn 0.2590 0.5998 -0.7571
vn -0.4551 -0.4953 -0.7399
vn -0.7087 -0.2439 -0.6620
vn -0.2855 -0.3278 -0.9006
vn 0.2470 -0.1095 -0.9628
vn 0.3900 0.4752 -0.7887
vn 0.5036 0.1090 -0.8570
vn -0.5496 -0.4635 -0.6951
vn -0.5046 -0.1114 -0.8561
vn 0.4830 -0.4129 -0.7722
vn 0.0875 -0.6767 -0.7311
vn -0.2590 -0.5998 -0.7571
vn 0.4551 0.4953 -0.7400
vn 0.7097 0.2524 -0.6577
vn 0.4070 0.4119 -0.8152
vn -0.0938 0.2178 -0.9715
vn 0.4535 -0.3157 -0.8335
vn 0.6334 -0.1439 -0.7603
vn 0.6192 0.2664 -0.7386
vn 0.4353 -0.1828 -0.8815
vn -0.0952 -0.0935 -0.9911
vn -0.4369 0.6118 -0.6594
vn 0.1826 0.7124 -0.6776
vn -0.7821 0.0431 -0.6216
vn -0.6117 -0.4628 -0.6416
vn -0.1249 -0.7417 -0.6590
vn 0.4369 -0.6118 -0.6594
vn 0.7821 -0.0431 -0.6216
vn 0.6117 0.4628 -0.6416
vn 0.2933 -0.6692 -0.6827
vn -0.2134 -0.7031 -0.6784
vn 0.6386 -0.4068 -0.6532
vn 0.8683 -0.1776 -0.4631
vn 0.6122 0.3820 -0.6923
vn 0.2279 0.7349 -0.6387
vn -0.2520 0.7020 -0.6660
vn -0.5911 0.4258 -0.6850
vn -0.8045 -0.2146 -0.5537
vn -0.5434 -0.4934 -0.6792
vn 0.2698 -0.7275 -0.6309
vn 0.5877 -0.4374 -0.6807
vn 0.7195 0.1623 -0.6753
vn 0.5433 0.4935 -0.6792
vn 0.1269 0.7352 -0.6659
vn -0.2617 0.6797 -0.6853
vn -0.6559 0.4358 -0.6164
vn -0.8524 0.1338 -0.5054
vn -0.6069 -0.4397 -0.6621
vn -0.2300 -0.7454 -0.6257
vn 0.0232 -0.7803 -0.6250
vn 0.5840 -0.7129 -0.3883
vn 0.7704 -0.1505 -0.6195
vn -0.5499 0.5243 -0.6502
vn 0.7185 0.0939 -0.6891
vn -0.6041 0.0943 -0.7913
vn -0.6407 -0.1170 -0.7588
vn 0.6876 0.3417 -0.6407
vn -0.5082 -0.4022 -0.7615
vn 0.4453 0.6779 -0.5849
vn -0.2616 -0.6157 -0.7433
vn 0.0964 0.6874 -0.7198
vn -0.0958 -0.7176 -0.6899
vn -0.4101 0.5249 -0.7459
vn 0.0559 0.6323 -0.7727
vn -0.3354 -0.6791 -0.6529
vn 0.5065 0.3833 -0.7723
vn -0.6478 -0.4912 -0.5822
vn 0.6096 0.1061 -0.7856
vn -0.7373 -0.0520 -0.6736
vn -0.7107 0.1428 -0.6889
vn 0.6383 -0.1536 -0.7543
vn 0.5755 -0.1987 -0.7933
vn -0.5991 0.4066 -0.6897
vn 0.3589 -0.5739 -0.7361
vn -0.3699 0.7450 -0.5551
vn -0.1607 0.6999 -0.6960
vn 0.0719 -0.6217 -0.7800
vn 0.3322 0.5563 -0.7617
vn -0.7420 0.0781 -0.6658
vn -0.6606 0.1710 -0.7310
vn -0.5672 0.1223 -0.8145
vn -0.6669 -0.1137 -0.7364
vn -0.6524 -0.2611 -0.7115
vn -0.5307 -0.3940 -0.7504
vn -0.4683 -0.5556 -0.6870
vn -0.3415 -0.5849 -0.7357
vn -0.2113 -0.7059 -0.6760
vn -0.0927 -0.6637 -0.7422
vn 0.1402 -0.7245 -0.6749
vn 0.2820 -0.6570 -0.6992
vn -0.5829 0.2622 -0.7690
vn 0.5932 -0.6400 -0.4883
vn -0.5511 0.4284 -0.7161
vn -0.2728 0.5771 -0.7698
vn 0.6495 0.0602 -0.7580
vn 0.7272 0.1294 -0.6741
vn 0.5162 0.4008 -0.7568
vn 0.4767 -0.3959 -0.7849
vn 0.5803 0.4653 -0.6684
vn 0.2834 0.6055 -0.7436
vn 0.2160 0.7087 -0.6716
vn -0.0696 0.6560 -0.7515
vn -0.1529 0.7207 -0.6761
vn 0.4391 -0.0846 -0.8944
vn 0.4975 -0.2899 -0.8176
vn 0.7270 -0.0656 -0.6835
vn 0.6870 0.2244 -0.6911
vn 0.5627 0.4752 -0.6765
vn 0.2253 0.7043 -0.6732
vn -0.1382 0.7258 -0.6739
vn -0.5437 0.5952 -0.5917
vn 0.5329 -0.5246 -0.6639
vn -0.5740 0.1557 -0.8039
vn -0.7269 0.0595 -0.6841
vn -0.6857 -0.2249 -0.6922
vn -0.5106 -0.4817 -0.7122
vn -0.2138 -0.7089 -0.6721
vn 0.1525 -0.7209 -0.6760
vn -0.0998 0.7979 -0.5945
vn -0.4810 0.7112 -0.5126
vn -0.6947 -0.0755 -0.7153
vn 0.7048 -0.1501 -0.6934
vn 0.6827 -0.3675 -0.6316
vn 0.7022 0.2202 -0.6771
vn 0.6575 0.4798 -0.5809
vn 0.3205 0.6493 -0.6897
vn 0.1093 0.7124 -0.6932
vn -0.7152 -0.1025 -0.6914
vn -0.6914 -0.3538 -0.6299
vn -0.4466 -0.6773 -0.5846
vn -0.0958 -0.6878 -0.7196
vn 0.1843 -0.7447 -0.6415
vn 0.4035 -0.6742 -0.6186
vn -0.6665 -0.3338 0.6666
vn -0.6557 -0.7335 -0.1789
vn -0.6929 -0.6980 -0.1807
vn -0.6828 -0.6339 -0.3632
vn -0.7332 -0.5105 -0.4492
vn -0.6892 -0.3916 -0.6096
vn -0.6893 -0.2343 -0.6856
vn -0.4238 -0.0491 -0.9044
vn -0.6893 0.1110 -0.7159
vn -0.6892 0.2794 -0.6686
vn -0.6892 0.4312 -0.5823
vn -0.7217 0.5680 -0.3957
vn -0.6800 0.6752 -0.2857
vn -0.5527 0.8322 0.0442
vn -0.4103 0.8170 0.4051
vn 0.7968 0.6038 -0.0215
vn 0.5301 0.5318 -0.6605
vn 0.9242 -0.2452 -0.2928
vn 0.8049 0.4863 0.3400
vn 0.7760 0.5855 0.2346
vn 0.8333 -0.4288 -0.3489
vn 0.8596 -0.4980 0.1140
vn 0.7796 -0.6080 0.1505
vn 0.8897 -0.3787 0.2549
vn 0.5368 0.7014 0.4689
vn 0.5965 -0.5400 0.5938
vn 0.5339 -0.7068 -0.4641
s 1
f 6//1 18//2 7//3
f 6//1 8//4 9//5
f 18//2 9//5 10//6
f 5//7 10//6 11//8
f 12//9 11//8 4//10
f 12//9 5//7 11//8
f 12//9 13//11 5//7
f 5//7 15//12 14//13
f 7//3 14//13 16//14
f 14//13 15//12 16//14
f 10//6 9//5 2//15
f 11//8 2//15 1//16
f 4//10 1//16 17//17
f 5//7 13//11 15//12
f 1//16 4//10 11//8
f 18//2 5//7 14//13
f 10//6 5//7 18//2
f 2//15 11//8 10//6
f 18//2 14//13 7//3
f 9//5 18//2 6//1
f 3//18 9//5 8//4
f 8//4 21//19 3//18
f 34//20 6//1 7//3
f 19//21 20//22 7//3
f 7//3 20//22 34//20
f 8//4 6//1 34//20
f 3//18 21//19 22//23
f 19//21 7//3 16//14
f 8//4 34//20 21//19
f 26//24 24//25 25//26
f 35//27 27//28 33//29
f 29//30 19//21 23//31
f 30//32 29//30 32//33
f 31//34 30//32 32//33
f 31//34 26//24 30//32
f 31//34 24//25 26//24
f 28//35 33//29 34//20
f 33//29 36//36 21//19
f 27//28 35//27 26//24
f 28//35 29//30 30//32
f 35//27 30//32 26//24
f 32//33 29//30 23//31
f 33//29 27//28 36//36
f 28//35 30//32 35//27
f 33//29 28//35 35//27
f 21//19 36//36 22//23
f 34//20 33//29 21//19
f 20//22 28//35 34//20
f 19//21 29//30 28//35
f 20//22 19//21 28//35
f 32//33 23//31 44//37
f 31//34 44//37 51//38
f 38//39 25//26 24//25
f 24//25 39//40 38//39
f 24//25 51//38 39//40
f 23//31 45//41 37//42
f 23//31 37//42 44//37
f 44//37 31//34 32//33
f 51//38 24//25 31//34
f 41//43 48//44 49//45
f 53//46 42//47 50//48
f 54//49 46//50 40//51
f 47//52 54//49 40//51
f 47//52 41//43 54//49
f 47//52 48//44 41//43
f 43//53 50//48 51//38
f 50//48 52//54 39//40
f 42//47 53//46 41//43
f 43//53 37//42 54//49
f 53//46 54//49 41//43
f 54//49 37//42 46//50
f 50//48 42//47 52//54
f 43//53 54//49 53//46
f 50//48 43//53 53//46
f 37//42 45//41 46//50
f 39//40 52//54 38//39
f 51//38 50//48 39//40
f 44//37 43//53 51//38
f 44//37 37//42 43//53
f 48//44 57//55 49//45
f 68//56 47//52 40//51
f 56//57 40//51 55//58
f 48//44 47//52 68//56
f 58//59 49//45 57//55
f 55//58 46//50 45//41
f 55//58 40//51 46//50
f 68//56 40//51 56//57
f 48//44 68//56 57//55
f 60//60 67//61 66//62
f 70//63 61//64 69//65
f 63//66 55//58 71//67
f 65//68 63//66 64//69
f 59//70 65//68 64//69
f 59//70 60//60 65//68
f 59//70 67//61 60//60
f 62//71 69//65 68//56
f 69//65 72//72 57//55
f 61//64 70//63 60//60
f 62//71 63//66 65//68
f 70//63 65//68 60//60
f 64//69 63//66 71//67
f 69//65 61//64 72//72
f 62//71 65//68 70//63
f 69//65 62//71 70//63
f 57//55 72//72 58//59
f 68//56 69//65 57//55
f 56//57 62//71 68//56
f 55//58 63//66 62//71
f 56//57 55//58 62//71
f 67//61 4//10 66//62
f 64//69 15//12 13//11
f 59//70 13//11 12//9
f 4//10 17//17 66//62
f 67//61 12//9 4//10
f 71//67 15//12 64//69
f 13//11 59//70 64//69
f 12//9 67//61 59//70
f 58//59 73//73 49//45
f 49//45 73//73 98//74
f 74//75 58//59 72//72
f 103//76 72//72 61//64
f 75//77 61//64 60//60
f 76//78 60//60 66//62
f 73//73 58//59 74//75
f 74//75 72//72 103//76
f 103//76 61//64 75//77
f 75//77 60//60 76//78
f 17//17 211//79 66//62
f 66//62 211//79 76//78
f 77//80 17//17 1//16
f 212//81 1//16 2//15
f 78//82 2//15 9//5
f 80//83 9//5 3//18
f 211//79 17//17 77//80
f 77//80 1//16 212//81
f 212//81 2//15 78//82
f 78//82 9//5 80//83
f 80//83 3//18 79//84
f 133//85 45//41 132//86
f 45//41 133//85 81//87
f 81//87 135//88 45//41
f 82//89 45//41 135//88
f 45//41 82//89 83//90
f 134//91 55//58 83//90
f 55//58 134//91 84//92
f 71//67 55//58 84//92
f 45//41 83//90 55//58
f 84//92 85//93 71//67
f 86//94 71//67 85//93
f 86//94 15//12 71//67
f 15//12 86//94 87//95
f 87//95 88//96 15//12
f 16//14 15//12 88//96
f 88//96 89//97 16//14
f 131//98 16//14 89//97
f 131//98 19//21 16//14
f 19//21 131//98 90//99
f 19//21 90//99 23//31
f 23//31 90//99 91//100
f 91//100 132//86 23//31
f 45//41 23//31 132//86
f 22//23 214//101 3//18
f 3//18 214//101 79//84
f 853//102 22//23 36//36
f 93//103 36//36 27//28
f 94//104 27//28 26//24
f 92//105 26//24 25//26
f 214//101 22//23 853//102
f 853//102 36//36 93//103
f 93//103 27//28 94//104
f 94//104 26//24 92//105
f 38//39 97//106 25//26
f 25//26 97//106 92//105
f 100//107 38//39 52//54
f 95//108 52//54 42//47
f 96//109 42//47 41//43
f 98//74 41//43 49//45
f 97//106 38//39 100//107
f 100//107 52//54 95//108
f 95//108 42//47 96//109
f 96//109 41//43 98//74
f 99//110 97//106 100//107
f 101//111 100//107 95//108
f 99//110 100//107 101//111
f 95//108 96//109 101//111
f 207//112 96//109 98//74
f 101//111 96//109 207//112
f 207//112 98//74 102//113
f 73//73 206//114 98//74
f 98//74 206//114 102//113
f 206//114 73//73 74//75
f 104//115 74//75 103//76
f 206//114 74//75 104//115
f 103//76 75//77 104//115
f 106//116 75//77 76//78
f 104//115 75//77 106//116
f 106//116 76//78 105//117
f 211//79 205//118 76//78
f 76//78 205//118 105//117
f 86//94 120//119 121//120
f 87//95 121//120 88//96
f 86//94 121//120 87//95
f 121//120 124//121 88//96
f 88//96 124//121 107//122
f 88//96 107//122 89//97
f 108//123 109//124 111//125
f 111//125 109//124 110//126
f 111//125 110//126 112//127
f 114//128 110//126 115//129
f 113//130 114//128 115//129
f 112//127 110//126 114//128
f 113//130 115//129 117//131
f 117//131 115//129 146//132
f 116//133 117//131 146//132
f 116//133 146//132 118//134
f 118//134 146//132 119//135
f 120//119 119//135 122//136
f 124//121 122//136 123//137
f 107//122 123//137 126//138
f 125//139 107//122 126//138
f 118//134 119//135 120//119
f 120//119 122//136 121//120
f 121//120 122//136 124//121
f 124//121 123//137 107//122
f 125//139 126//138 127//140
f 128//141 126//138 130//142
f 129//143 130//142 109//124
f 108//123 129//143 109//124
f 127//140 126//138 128//141
f 128//141 130//142 129//143
f 120//119 86//94 118//134
f 118//134 86//94 85//93
f 131//98 125//139 127//140
f 90//99 127//140 91//100
f 131//98 127//140 90//99
f 127//140 128//141 91//100
f 91//100 128//141 129//143
f 91//100 129//143 132//86
f 132//86 129//143 133//85
f 133//85 129//143 108//123
f 83//90 113//130 117//131
f 134//91 117//131 84//92
f 83//90 117//131 134//91
f 117//131 116//133 84//92
f 84//92 116//133 118//134
f 84//92 118//134 85//93
f 133//85 108//123 111//125
f 81//87 111//125 135//88
f 133//85 111//125 81//87
f 111//125 112//127 135//88
f 135//88 112//127 114//128
f 135//88 114//128 82//89
f 123//137 122//136 136//144
f 136//144 122//136 140//145
f 136//144 137//146 123//137
f 139//147 142//148 141//149
f 157//150 138//151 139//147
f 141//149 157//150 139//147
f 148//152 141//149 142//148
f 140//145 148//152 142//148
f 140//145 147//153 148//152
f 139//147 143//154 142//148
f 142//148 136//144 140//145
f 136//144 143//154 137//146
f 142//148 143//154 136//144
f 139//147 144//155 143//154
f 139//147 138//151 144//155
f 146//132 151//156 119//135
f 145//157 146//132 115//129
f 145//157 151//156 146//132
f 151//156 147//153 119//135
f 148//152 147//153 151//156
f 152//158 151//156 149//159
f 151//156 141//149 148//152
f 151//156 152//158 141//149
f 150//160 157//150 152//158
f 152//158 149//159 150//160
f 152//158 157//150 141//149
f 145//157 149//159 151//156
f 123//137 137//146 126//138
f 126//138 137//146 163//161
f 143//154 155//162 137//146
f 154//163 143//154 144//155
f 154//163 144//155 138//151
f 138//151 153//164 154//163
f 154//163 155//162 143//154
f 155//162 163//161 137//146
f 157//150 249//165 138//151
f 157//150 156//166 249//165
f 157//150 159//167 156//166
f 156//166 159//167 247//168
f 247//168 159//167 248//169
f 248//169 159//167 153//164
f 138//151 248//169 153//164
f 138//151 249//165 248//169
f 150//160 160//170 171//171
f 159//167 157//150 171//171
f 160//170 149//159 158//172
f 160//170 150//160 149//159
f 171//171 157//150 150//160
f 158//172 149//159 145//157
f 145//157 115//129 158//172
f 158//172 115//129 110//126
f 162//173 110//126 161//174
f 161//174 110//126 109//124
f 110//126 162//173 158//172
f 163//161 164//175 126//138
f 126//138 164//175 130//142
f 130//142 164//175 165//176
f 161//174 165//176 170//177
f 170//177 165//176 168//178
f 167//179 170//177 168//178
f 167//179 168//178 166//180
f 159//167 166//180 153//164
f 159//167 167//179 166//180
f 154//163 169//181 155//162
f 169//181 165//176 164//175
f 155//162 164//175 163//161
f 168//178 165//176 169//181
f 166//180 168//178 169//181
f 155//162 169//181 164//175
f 153//164 166//180 154//163
f 154//163 166//180 169//181
f 172//182 162//173 170//177
f 170//177 162//173 161//174
f 172//182 159//167 171//171
f 160//170 172//182 171//171
f 162//173 160//170 158//172
f 172//182 160//170 162//173
f 167//179 172//182 170//177
f 159//167 172//182 167//179
f 161//174 109//124 165//176
f 165//176 109//124 130//142
f 122//136 119//135 140//145
f 140//145 119//135 147//153
f 1288//183 1290//184 174//185
f 174//185 1290//184 173//186
f 178//187 175//188 179//189
f 180//190 179//189 176//191
f 181//192 176//191 177//193
f 1286//194 175//188 178//187
f 178//187 179//189 180//190
f 180//190 176//191 181//192
f 177//193 182//195 181//192
f 181//192 182//195 1289//196
f 183//197 182//195 184//198
f 187//199 184//198 185//200
f 186//201 185//200 188//202
f 1289//196 182//195 183//197
f 183//197 184//198 187//199
f 187//199 185//200 186//201
f 188//202 193//203 186//201
f 186//201 193//203 1291//204
f 194//205 193//203 208//206
f 189//207 208//206 190//208
f 192//209 190//208 191//210
f 1291//204 193//203 194//205
f 194//205 208//206 189//207
f 189//207 190//208 192//209
f 191//210 195//211 192//209
f 192//209 195//211 196//212
f 200//213 195//211 197//214
f 1297//215 197//214 198//216
f 199//217 198//216 201//218
f 196//212 195//211 200//213
f 200//213 197//214 1297//215
f 1297//215 198//216 199//217
f 201//218 175//188 199//217
f 199//217 175//188 1286//194
f 177//193 202//219 203//220
f 177//193 176//191 202//219
f 204//221 176//191 179//189
f 204//221 179//189 175//188
f 205//118 175//188 105//117
f 202//219 176//191 204//221
f 204//221 175//188 205//118
f 175//188 201//218 105//117
f 106//116 201//218 198//216
f 104//115 198//216 197//214
f 104//115 197//214 195//211
f 206//114 195//211 191//210
f 102//113 206//114 191//210
f 105//117 201//218 106//116
f 106//116 198//216 104//115
f 104//115 195//211 206//114
f 102//113 191//210 207//112
f 207//112 191//210 190//208
f 101//111 190//208 208//206
f 101//111 208//206 193//203
f 99//110 193//203 209//222
f 207//112 190//208 101//111
f 101//111 193//203 99//110
f 193//203 188//202 209//222
f 856//223 188//202 185//200
f 855//224 185//200 184//198
f 854//225 184//198 182//195
f 210//226 182//195 173//186
f 209//222 188//202 856//223
f 856//223 185//200 855//224
f 855//224 184//198 854//225
f 854//225 182//195 210//226
f 182//195 177//193 173//186
f 173//186 177//193 174//185
f 174//185 177//193 203//220
f 205//118 211//79 77//80
f 204//221 77//80 212//81
f 205//118 77//80 204//221
f 212//81 78//82 204//221
f 202//219 78//82 80//83
f 202//219 80//83 79//84
f 204//221 78//82 202//219
f 202//219 79//84 203//220
f 214//101 217//227 79//84
f 214//101 213//228 217//227
f 214//101 210//226 213//228
f 213//228 210//226 215//229
f 215//229 210//226 216//230
f 216//230 210//226 173//186
f 79//84 217//227 203//220
f 203//220 217//227 1316//231
f 1316//231 218//232 203//220
f 174//185 203//220 218//232
f 221//233 846//234 863//235
f 221//233 226//236 846//234
f 226//236 221//233 219//237
f 219//237 221//233 222//238
f 222//238 844//239 220//240
f 222//238 223//241 844//239
f 844//239 223//241 225//242
f 219//237 222//238 220//240
f 225//242 223//241 224//243
f 863//235 846//234 227//244
f 1298//245 229//246 228//247
f 228//247 229//246 1276//248
f 1276//248 229//246 231//249
f 1276//248 231//249 230//250
f 232//251 230//250 231//249
f 902//252 1281//253 231//249
f 902//252 233//254 1281//253
f 902//252 235//255 233//254
f 233//254 235//255 234//256
f 234//256 235//255 1279//257
f 1279//257 235//255 236//258
f 236//258 235//255 237//259
f 237//259 235//255 238//260
f 824//261 821//262 238//260
f 238//260 821//262 240//263
f 239//264 238//260 240//263
f 239//264 237//259 238//260
f 240//263 1293//265 239//264
f 231//249 1281//253 1282//266
f 1282//266 1284//267 231//249
f 232//251 231//249 1284//267
f 224//243 223//241 851//268
f 801//269 224//243 851//268
f 249//165 241//270 248//169
f 242//271 243//272 241//270
f 243//272 244//273 241//270
f 241//270 244//273 248//169
f 250//274 156//166 247//168
f 251//275 250//274 247//168
f 251//275 246//276 250//274
f 250//274 246//276 245//277
f 251//275 247//168 244//273
f 244//273 247//168 248//169
f 250//274 241//270 156//166
f 156//166 241//270 249//165
f 241//270 250//274 245//277
f 243//272 245//277 246//276
f 243//272 246//276 251//275
f 241//270 245//277 242//271
f 242//271 245//277 243//272
f 243//272 251//275 244//273
f 258//278 274//279 255//280
f 255//280 274//279 285//281
f 258//278 252//282 274//279
f 274//279 252//282 273//283
f 273//283 252//282 253//284
f 273//283 253//284 268//285
f 268//285 253//284 265//286
f 286//287 255//280 285//281
f 284//288 285//281 283//289
f 255//280 256//290 258//278
f 287//291 288//292 256//290
f 256//290 260//293 258//278
f 258//278 262//294 282//295
f 252//282 263//296 253//284
f 253//284 264//297 265//286
f 265//286 267//298 268//285
f 265//286 271//299 267//298
f 267//298 272//300 268//285
f 268//285 276//301 278//302
f 273//283 280//303 274//279
f 274//279 281//304 277//305
f 277//305 283//289 285//281
f 252//282 282//295 266//306
f 282//295 252//282 258//278
f 281//304 274//279 279//307
f 277//305 281//304 254//308
f 285//281 274//279 277//305
f 280//303 279//307 274//279
f 277//305 254//308 283//289
f 286//287 285//281 284//288
f 287//291 286//287 259//309
f 287//291 255//280 286//287
f 287//291 259//309 288//292
f 256//290 288//292 257//310
f 255//280 287//291 256//290
f 256//290 257//310 260//293
f 258//278 260//293 261//311
f 258//278 261//311 262//294
f 252//282 266//306 263//296
f 253//284 263//296 264//297
f 265//286 264//297 269//312
f 265//286 269//312 271//299
f 267//298 271//299 270//313
f 267//298 270//313 272//300
f 268//285 272//300 275//314
f 268//285 275//314 276//301
f 273//283 268//285 278//302
f 273//283 278//302 280//303
f 289//315 254//308 281//304
f 289//315 290//316 254//308
f 254//308 290//316 283//289
f 286//287 290//316 301//317
f 288//292 301//317 291//318
f 260//293 291//318 292//319
f 262//294 292//319 293//320
f 266//306 293//320 294//321
f 269//312 294//321 295//322
f 270//313 295//322 296//323
f 276//301 296//323 297//324
f 279//307 297//324 289//315
f 281//304 279//307 289//315
f 283//289 290//316 284//288
f 284//288 290//316 286//287
f 286//287 301//317 259//309
f 259//309 301//317 288//292
f 288//292 291//318 257//310
f 257//310 291//318 260//293
f 260//293 292//319 261//311
f 261//311 292//319 262//294
f 262//294 293//320 282//295
f 282//295 293//320 266//306
f 266//306 294//321 263//296
f 263//296 294//321 264//297
f 264//297 294//321 269//312
f 269//312 295//322 271//299
f 271//299 295//322 270//313
f 270//313 296//323 272//300
f 272//300 296//323 275//314
f 275//314 296//323 276//301
f 276//301 297//324 278//302
f 278//302 297//324 280//303
f 280//303 297//324 279//307
f 298//325 290//316 289//315
f 298//325 299//326 290//316
f 301//317 299//326 300//327
f 300//327 291//318 301//317
f 291//318 300//327 308//328
f 293//320 292//319 308//328
f 290//316 299//326 301//317
f 291//318 308//328 292//319
f 308//328 321//329 293//320
f 293//320 321//329 294//321
f 294//321 321//329 303//330
f 296//323 303//330 302//331
f 296//323 302//331 298//325
f 289//315 297//324 298//325
f 294//321 303//330 295//322
f 295//322 303//330 296//323
f 296//323 298//325 297//324
f 397//332 306//333 314//334
f 311//335 314//334 315//336
f 307//337 405//338 309//339
f 306//333 312//340 382//341
f 304//342 398//343 380//344
f 304//342 305//345 398//343
f 310//346 404//347 405//338
f 309//339 405//338 316//348
f 308//328 316//348 317//349
f 308//328 317//349 321//329
f 305//345 313//350 318//351
f 314//334 318//351 331//352
f 315//336 331//352 404//347
f 303//330 321//329 339//353
f 392//354 351//355 350//356
f 388//357 350//356 356//358
f 387//359 356//358 323//360
f 330//361 323//360 358//362
f 329//363 359//364 326//365
f 325//366 326//365 360//367
f 299//326 298//325 328//368
f 414//369 411//370 393//371
f 360//367 393//371 325//366
f 359//364 329//363 409//372
f 366//373 409//372 330//361
f 324//374 330//361 358//362
f 324//374 366//373 330//361
f 404//347 331//352 319//375
f 405//338 340//376 320//377
f 316//348 320//377 332//378
f 341//379 333//380 344//381
f 336//382 335//383 406//384
f 337//385 338//386 347//387
f 339//353 321//329 317//349
f 406//384 320//377 336//382
f 334//388 344//381 335//383
f 406//384 335//383 342//389
f 396//390 343//391 338//386
f 342//389 395//392 343//391
f 338//386 346//393 348//394
f 339//353 351//355 322//395
f 303//330 339//353 322//395
f 333//380 345//396 344//381
f 394//397 345//396 353//398
f 395//392 353//398 349//399
f 351//355 408//400 350//356
f 347//387 408//400 351//355
f 347//387 348//394 408//400
f 407//401 348//394 352//402
f 349//399 353//398 354//403
f 352//402 354//403 355//404
f 407//401 355//404 356//358
f 408//400 356//358 350//356
f 355//404 323//360 356//358
f 355//404 354//403 323//360
f 357//405 323//360 354//403
f 357//405 358//362 323//360
f 360//367 400//406 361//407
f 414//369 361//407 362//408
f 327//409 363//410 364//411
f 359//364 366//373 379//412
f 326//365 379//412 400//406
f 362//408 361//407 399//413
f 364//411 363//410 368//414
f 402//415 368//414 367//416
f 383//417 308//328 300//327
f 299//326 367//416 371//418
f 365//419 299//326 371//418
f 377//420 378//421 398//343
f 401//422 398//343 381//423
f 376//424 381//423 382//341
f 375//425 382//341 370//426
f 371//418 374//427 372//428
f 300//327 373//429 383//417
f 374//427 371//418 367//416
f 370//426 367//416 375//425
f 369//430 378//421 379//412
f 369//430 380//344 378//421
f 378//421 380//344 398//343
f 370//426 382//341 312//340
f 298//325 403//431 328//368
f 413//432 385//433 391//434
f 412//435 391//434 386//436
f 387//359 388//357 356//358
f 387//359 386//436 388//357
f 387//359 409//372 386//436
f 403//431 298//325 389//437
f 386//436 391//434 388//357
f 298//325 302//331 389//437
f 384//438 389//437 302//331
f 385//433 302//331 390//439
f 388//357 392//354 350//356
f 388//357 391//434 392//354
f 391//434 390//439 392//354
f 322//395 302//331 303//330
f 322//395 390//439 302//331
f 300//327 299//326 365//419
f 327//409 403//431 411//370
f 325//366 393//371 410//440
f 353//398 395//392 394//397
f 345//396 394//397 335//383
f 335//383 394//397 395//392
f 343//391 395//392 346//393
f 343//391 396//390 342//389
f 346//393 338//386 343//391
f 396//390 337//385 332//378
f 320//377 396//390 332//378
f 336//382 320//377 340//376
f 334//388 319//375 331//352
f 341//379 331//352 318//351
f 341//379 318//351 313//350
f 341//379 313//350 304//342
f 338//386 337//385 396//390
f 381//423 398//343 305//345
f 374//427 397//332 311//335
f 372//428 311//335 310//346
f 373//429 310//346 307//337
f 401//422 377//420 398//343
f 377//420 401//422 399//413
f 361//407 377//420 399//413
f 361//407 378//421 377//420
f 361//407 400//406 378//421
f 378//421 400//406 379//412
f 369//430 379//412 366//373
f 369//430 366//373 324//374
f 381//423 376//424 401//422
f 368//414 363//410 376//424
f 375//425 368//414 376//424
f 375//425 367//416 368//414
f 365//419 373//429 300//327
f 365//419 371//418 373//429
f 402//415 364//411 368//414
f 328//368 327//409 402//415
f 402//415 327//409 364//411
f 299//326 328//368 402//415
f 403//431 384//438 411//370
f 327//409 328//368 403//431
f 362//408 363//410 327//409
f 362//408 399//413 363//410
f 363//410 399//413 401//422
f 376//424 363//410 401//422
f 382//341 381//423 305//345
f 382//341 375//425 376//424
f 299//326 402//415 367//416
f 313//350 305//345 304//342
f 306//333 382//341 305//345
f 374//427 370//426 312//340
f 374//427 367//416 370//426
f 318//351 306//333 305//345
f 314//334 306//333 318//351
f 312//340 306//333 397//332
f 314//334 311//335 397//332
f 397//332 374//427 312//340
f 372//428 374//427 311//335
f 372//428 373//429 371//418
f 315//336 314//334 331//352
f 315//336 310//346 311//335
f 373//429 372//428 310//346
f 310//346 315//336 404//347
f 383//417 373//429 307//337
f 334//388 331//352 341//379
f 344//381 334//388 341//379
f 405//338 404//347 319//375
f 405//338 307//337 310//346
f 335//383 344//381 345//396
f 319//375 334//388 340//376
f 335//383 336//382 334//388
f 334//388 336//382 340//376
f 340//376 405//338 319//375
f 316//348 405//338 320//377
f 383//417 307//337 309//339
f 308//328 383//417 309//339
f 316//348 308//328 309//339
f 342//389 335//383 395//392
f 396//390 320//377 406//384
f 342//389 396//390 406//384
f 317//349 316//348 332//378
f 317//349 332//378 337//385
f 357//405 354//403 353//398
f 357//405 353//398 345//396
f 395//392 349//399 346//393
f 346//393 349//399 352//402
f 348//394 346//393 352//402
f 354//403 352//402 349//399
f 347//387 338//386 348//394
f 339//353 317//349 337//385
f 347//387 339//353 337//385
f 407//401 352//402 355//404
f 408//400 348//394 407//401
f 408//400 407//401 356//358
f 339//353 347//387 351//355
f 323//360 330//361 387//359
f 387//359 330//361 409//372
f 412//435 409//372 329//363
f 413//432 329//363 410//440
f 351//355 392//354 322//395
f 322//395 392//354 390//439
f 412//435 386//436 409//372
f 413//432 412//435 329//363
f 359//364 409//372 366//373
f 413//432 391//434 412//435
f 385//433 390//439 391//434
f 410//440 385//433 413//432
f 410//440 393//371 385//433
f 384//438 302//331 385//433
f 379//412 326//365 359//364
f 325//366 329//363 326//365
f 360//367 326//365 400//406
f 410//440 329//363 325//366
f 384//438 385//433 393//371
f 411//370 384//438 393//371
f 403//431 389//437 384//438
f 414//369 360//367 361//407
f 414//369 393//371 360//367
f 327//409 411//370 414//369
f 362//408 327//409 414//369
f 369//430 465//441 380//344
f 369//430 415//442 465//441
f 415//442 369//430 324//374
f 540//443 415//442 324//374
f 416//444 304//342 380//344
f 304//342 416//444 421//445
f 421//445 341//379 304//342
f 341//379 421//445 417//446
f 417//446 333//380 341//379
f 417//446 418//447 333//380
f 333//380 418//447 419//448
f 419//448 345//396 333//380
f 345//396 419//448 452//449
f 452//449 357//405 345//396
f 357//405 452//449 358//362
f 358//362 452//449 420//450
f 358//362 420//450 324//374
f 540//443 324//374 420//450
f 416//444 380//344 465//441
f 554//451 430//452 431//453
f 426//454 423//455 432//456
f 418//447 417//446 424//457
f 558//458 417//446 425//459
f 432//456 425//459 426//454
f 431//453 426//454 554//451
f 422//460 552//461 427//462
f 422//460 428//463 434//464
f 552//461 434//464 430//452
f 431//453 440//465 423//455
f 432//456 435//466 436//467
f 429//468 433//469 428//463
f 428//463 433//469 434//464
f 430//452 434//464 440//465
f 423//455 440//465 435//466
f 557//470 442//471 558//458
f 424//457 437//472 438//473
f 435//466 555//474 441//475
f 436//467 441//475 442//471
f 558//458 556//476 437//472
f 418//447 443//477 419//448
f 440//465 439//478 555//474
f 442//471 441//475 556//476
f 438//473 437//472 447//479
f 439//478 433//469 444//480
f 441//475 445//481 448//482
f 556//476 448//482 446//483
f 437//472 449//484 447//479
f 443//477 447//479 451//485
f 555//474 444//480 445//481
f 446//483 448//482 449//484
f 419//448 472//486 452//449
f 433//469 473//487 444//480
f 445//481 444//480 467//488
f 449//484 468//489 469//490
f 447//479 450//491 470//492
f 456//493 502//494 457//495
f 535//496 457//495 513//497
f 535//496 513//497 458//498
f 536//499 458//498 565//500
f 460//501 517//502 514//503
f 460//501 514//503 462//504
f 461//505 462//504 463//506
f 463//506 543//507 461//505
f 517//502 545//508 537//509
f 466//510 537//509 536//499
f 459//511 466//510 536//499
f 448//482 467//488 468//489
f 469//490 559//512 450//491
f 451//485 470//492 471//513
f 472//486 471//513 477//514
f 472//486 477//514 452//449
f 479//515 480//516 481//517
f 559//512 481//517 482//518
f 560//519 482//518 475//520
f 471//513 546//521 476//522
f 477//514 476//522 478//523
f 452//449 478//523 486//524
f 478//523 452//449 477//514
f 484//525 471//513 470//492
f 475//520 470//492 560//519
f 473//487 479//515 467//488
f 473//487 480//516 479//515
f 475//520 483//526 487//527
f 484//525 487//527 546//521
f 452//449 486//524 453//528
f 481//517 480//516 495//529
f 482//518 495//529 483//526
f 546//521 487//527 488//530
f 476//522 488//530 491//531
f 485//532 498//533 489//534
f 486//524 489//534 492//535
f 487//527 490//536 496//537
f 488//530 496//537 497//538
f 491//531 497//538 498//533
f 453//528 493//539 494//540
f 420//450 453//528 494//540
f 498//533 497//538 499//541
f 489//534 499//541 562//542
f 492//535 562//542 501//543
f 420//450 494//540 454//544
f 493//539 505//545 494//540
f 454//544 494//540 502//494
f 496//537 500//546 507//547
f 497//538 507//547 503//548
f 562//542 499//541 504//549
f 501//543 504//549 505//545
f 494//540 505//545 502//494
f 503//548 507//547 563//550
f 561//551 508//552 564//553
f 509//554 513//497 457//495
f 502//494 509//554 457//495
f 505//545 509//554 502//494
f 507//547 510//555 563//550
f 564//553 512//556 513//497
f 563//550 510//555 511//557
f 508//552 511//557 512//556
f 512//556 511//557 458//498
f 510//555 459//511 511//557
f 463//506 462//504 464//558
f 542//559 515//560 549//561
f 550//562 549//561 516//563
f 459//511 520//564 466//510
f 462//504 518//565 521//566
f 464//558 521//566 515//560
f 416//444 519//567 421//445
f 517//502 520//564 523//568
f 514//503 523//568 518//565
f 515//560 521//566 525//569
f 549//561 525//569 522//570
f 516//563 522//570 519//567
f 518//565 523//568 548//571
f 521//566 548//571 524//572
f 521//566 524//572 525//569
f 525//569 524//572 527//573
f 522//570 528//574 553//575
f 519//567 529//576 526//577
f 520//564 429//468 523//568
f 527//573 427//462 528//574
f 553//575 531//578 529//576
f 526//577 529//576 530//579
f 421//445 530//579 417//446
f 524//572 548//571 427//462
f 528//574 427//462 531//578
f 465//441 415//442 541//580
f 568//581 551//582 532//583
f 533//584 532//583 567//585
f 536//499 535//496 458//498
f 536//499 534//586 535//496
f 536//499 537//509 534//586
f 551//582 415//442 538//587
f 567//585 539//588 456//493
f 534//586 456//493 535//496
f 532//583 538//587 539//588
f 535//496 456//493 457//495
f 539//588 540//443 455//589
f 415//442 540//443 538//587
f 456//493 455//589 502//494
f 455//589 454//544 502//494
f 455//589 540//443 454//544
f 540//443 420//450 454//544
f 420//450 452//449 453//528
f 550//562 465//441 541//580
f 542//559 541//580 543//507
f 461//505 543//507 544//590
f 460//501 566//591 545//508
f 459//511 536//499 565//500
f 490//536 495//529 500//546
f 490//536 487//527 483//526
f 500//546 496//537 490//536
f 496//537 488//530 487//527
f 471//513 484//525 546//521
f 488//530 476//522 546//521
f 560//519 470//492 450//491
f 474//592 559//512 468//489
f 479//515 468//489 467//488
f 473//487 467//488 444//480
f 476//522 477//514 471//513
f 425//459 530//579 426//454
f 554//451 529//576 547//593
f 552//461 531//578 427//462
f 428//463 427//462 548//571
f 428//463 548//571 429//468
f 527//573 524//572 427//462
f 525//569 549//561 515//560
f 522//570 525//569 527//573
f 549//561 550//562 542//559
f 516//563 549//561 522//570
f 416//444 465//441 550//562
f 516//563 416//444 550//562
f 551//582 541//580 415//442
f 551//582 543//507 541//580
f 551//582 568//581 543//507
f 542//559 550//562 541//580
f 464//558 515//560 542//559
f 522//570 527//573 528//574
f 416//444 516//563 519//567
f 422//460 427//462 428//463
f 553//575 528//574 531//578
f 519//567 522//570 553//575
f 434//464 552//461 422//460
f 547//593 531//578 552//461
f 529//576 531//578 547//593
f 519//567 553//575 529//576
f 421//445 519//567 526//577
f 554//451 547//593 552//461
f 430//452 554//451 552//461
f 433//469 439//478 434//464
f 439//478 440//465 434//464
f 440//465 431//453 430//452
f 426//454 529//576 554//451
f 530//579 529//576 426//454
f 421//445 526//577 530//579
f 423//455 426//454 431//453
f 444//480 555//474 439//478
f 555//474 435//466 440//465
f 435//466 432//456 423//455
f 417//446 530//579 425//459
f 436//467 435//466 441//475
f 557//470 432//456 436//467
f 557//470 425//459 432//456
f 448//482 445//481 467//488
f 445//481 441//475 555//474
f 556//476 441//475 448//482
f 442//471 557//470 436//467
f 558//458 442//471 556//476
f 425//459 557//470 558//458
f 424//457 417//446 558//458
f 437//472 556//476 446//483
f 424//457 558//458 437//472
f 449//484 448//482 468//489
f 437//472 446//483 449//484
f 418//447 424//457 438//473
f 481//517 474//592 479//515
f 474//592 468//489 479//515
f 469//490 468//489 559//512
f 447//479 449//484 469//490
f 443//477 438//473 447//479
f 418//447 438//473 443//477
f 481//517 559//512 474//592
f 447//479 469//490 450//491
f 495//529 482//518 481//517
f 482//518 560//519 559//512
f 560//519 450//491 559//512
f 451//485 447//479 470//492
f 419//448 443//477 451//485
f 483//526 475//520 482//518
f 419//448 451//485 472//486
f 490//536 483//526 495//529
f 484//525 470//492 475//520
f 487//527 484//525 475//520
f 472//486 451//485 471//513
f 497//538 491//531 488//530
f 491//531 485//532 476//522
f 485//532 478//523 476//522
f 495//529 506//594 500//546
f 500//546 506//594 507//547
f 499//541 503//548 504//549
f 505//545 504//549 561//551
f 507//547 497//538 496//537
f 498//533 485//532 491//531
f 485//532 486//524 478//523
f 504//549 508//552 561//551
f 503//548 499//541 497//538
f 499//541 489//534 498//533
f 489//534 486//524 485//532
f 510//555 507//547 506//594
f 562//542 492//535 489//534
f 492//535 453//528 486//524
f 563//550 508//552 503//548
f 508//552 504//549 503//548
f 504//549 501//543 562//542
f 501//543 493//539 492//535
f 493//539 453//528 492//535
f 511//557 508//552 563//550
f 493//539 501//543 505//545
f 512//556 564//553 508//552
f 505//545 561//551 564//553
f 509//554 564//553 513//497
f 509//554 505//545 564//553
f 459//511 565//500 511//557
f 565//500 458//498 511//557
f 458//498 513//497 512//556
f 533//584 545//508 566//591
f 568//581 544//590 543//507
f 545//508 534//586 537//509
f 567//585 534//586 545//508
f 533//584 567//585 545//508
f 567//585 456//493 534//586
f 539//588 455//589 456//493
f 517//502 537//509 466//510
f 532//583 539//588 567//585
f 538//587 540//443 539//588
f 520//564 517//502 466//510
f 460//501 545//508 517//502
f 566//591 532//583 533//584
f 566//591 568//581 532//583
f 566//591 544//590 568//581
f 544//590 566//591 460//501
f 551//582 538//587 532//583
f 523//568 514//503 517//502
f 461//505 544//590 460//501
f 462//504 461//505 460//501
f 518//565 462//504 514//503
f 429//468 548//571 523//568
f 548//571 521//566 518//565
f 521//566 464//558 462//504
f 542//559 543//507 463//506
f 464//558 542//559 463//506
f 429//468 520//564 569//595
f 433//469 577//596 570//597
f 433//469 570//597 571//598
f 572//599 473//487 571//598
f 473//487 572//599 618//600
f 573//601 480//516 618//600
f 480//516 573//601 495//529
f 506//594 573//601 574//602
f 574//602 510//555 506//594
f 574//602 592//603 510//555
f 459//511 592//603 575//604
f 459//511 575//604 576//605
f 520//564 459//511 576//605
f 429//468 577//596 433//469
f 433//469 571//598 473//487
f 473//487 618//600 480//516
f 495//529 573//601 506//594
f 510//555 592//603 459//511
f 576//605 569//595 520//564
f 577//596 429//468 569//595
f 767//606 713//607 764//608
f 713//607 767//606 584//609
f 741//610 584//609 585//611
f 583//612 585//611 587//613
f 582//614 587//613 746//615
f 737//616 747//617 579//618
f 571//598 580//619 572//599
f 581//620 571//598 715//621
f 579//618 715//621 737//616
f 747//617 737//616 582//614
f 585//611 583//612 714//622
f 713//607 584//609 578//623
f 767//606 586//624 584//609
f 581//620 589//625 580//619
f 585//611 742//626 744//627
f 746//615 587//613 607//628
f 747//617 607//628 588//629
f 579//618 608//630 589//625
f 730//631 661//632 669//633
f 594//634 669//633 595//635
f 724//636 595//635 674//637
f 724//636 674//637 596//638
f 598//639 596//638 676//640
f 597//641 598//639 676//640
f 597//641 681//642 598//639
f 760//643 601//644 678//645
f 605//646 604//647 763//648
f 601//644 716//649 759//650
f 600//651 759//650 717//652
f 599//653 717//652 720//654
f 599//653 720//654 598//639
f 586//624 606//655 584//609
f 587//613 744//627 607//628
f 588//629 607//628 608//630
f 580//619 615//656 610//657
f 572//599 580//619 610//657
f 584//609 606//655 745//658
f 742//626 745//658 744//627
f 608//630 748//659 609//660
f 589//625 613//661 615//656
f 572//599 623//662 618//600
f 572//599 610//657 623//662
f 606//655 619//663 745//658
f 744//627 745//658 611//664
f 607//628 612//665 748//659
f 610//657 615//656 752//666
f 748//659 612//665 621//667
f 609//660 621//667 622//668
f 613//661 622//668 614//669
f 615//656 616//670 752//666
f 618//600 623//662 590//671
f 619//663 624//672 745//658
f 611//664 745//658 620//673
f 612//665 620//673 621//667
f 614//669 622//668 616//670
f 752//666 751//674 617//675
f 745//658 624//672 620//673
f 621//667 620//673 625//676
f 616//670 627//677 750//678
f 623//662 617//675 628//679
f 624//672 630//680 620//673
f 622//668 625//676 627//677
f 617//675 632//681 628//679
f 590//671 629//682 633//683
f 573//601 590//671 633//683
f 620//673 630//680 626//684
f 625//676 626//684 631//685
f 627//677 631//685 749//686
f 750//678 749//686 753//687
f 751//674 753//687 632//681
f 628//679 636//688 629//682
f 573//601 633//683 638//689
f 630//680 634//690 626//684
f 632//681 635//691 636//688
f 633//683 642//692 638//689
f 631//685 626//684 733//693
f 749//686 733//693 639//694
f 753//687 639//694 635//691
f 636//688 635//691 640//695
f 629//682 637//696 642//692
f 626//684 634//690 733//693
f 638//689 735//697 643//698
f 574//602 638//689 643//698
f 644//699 654//700 733//693
f 644//699 780//701 654//700
f 648//702 649//703 754//704
f 647//705 650//706 651//707
f 735//697 734//708 652//709
f 591//710 656//711 646//712
f 591//710 646//712 592//603
f 652//709 591//710 643//698
f 734//708 735//697 647//705
f 654//700 639//694 733//693
f 654//700 649//703 639//694
f 649//703 654//700 754//704
f 645//713 731//714 650//706
f 652//709 756//715 656//711
f 592//603 646//712 661//632
f 780//701 653//716 654//700
f 754//704 654//700 657//717
f 650//706 731//714 732//718
f 651//707 732//718 662//719
f 734//708 662//719 756//715
f 646//712 656//711 658//720
f 592//603 661//632 593//721
f 654//700 653//716 657//717
f 731//714 657//717 732//718
f 756//715 662//719 757//722
f 656//711 655//723 658//720
f 653//716 659//724 657//717
f 732//718 660//725 755//726
f 657//717 659//724 660//725
f 662//719 755//726 666//727
f 757//722 666//727 667//728
f 655//723 667//728 663//729
f 658//720 668//730 669//633
f 661//632 658//720 669//633
f 659//724 664//731 660//725
f 755//726 665//732 666//727
f 663//729 667//728 668//730
f 660//725 664//731 665//732
f 666//727 665//732 670//733
f 668//730 674//637 595//635
f 669//633 668//730 595//635
f 664//731 672//734 665//732
f 667//728 671//735 674//637
f 665//732 672//734 673//736
f 672//734 675//737 673//736
f 671//735 673//736 596//638
f 674//637 671//735 596//638
f 673//736 675//737 676//640
f 673//736 676//640 596//638
f 675//737 597//641 676//640
f 598//639 681//642 677//738
f 600//651 677//738 684//739
f 602//740 679//741 682//742
f 603//743 682//742 604//647
f 681//642 688//744 677//738
f 601//644 684//739 685//745
f 678//645 685//745 679//741
f 604//647 761//746 680//747
f 763//648 680//747 687//748
f 569//595 687//748 686//749
f 679//741 685//745 689//750
f 682//742 689//750 690//751
f 688//744 692//752 677//738
f 680//747 696//753 691//754
f 687//748 691//754 686//749
f 677//738 692//752 700//755
f 684//739 700//755 693//756
f 689//750 693//756 694//757
f 690//751 694//757 762//758
f 761//746 762//758 696//753
f 692//752 699//759 700//755
f 696//753 762//758 697//760
f 691//754 698//761 695//762
f 686//749 695//762 701//763
f 577//596 701//763 683//764
f 577//596 686//749 701//763
f 693//756 700//755 705//765
f 694//757 705//765 708//766
f 699//759 702//767 700//755
f 762//758 708//766 703//768
f 697//760 703//768 706//769
f 698//761 706//769 739//770
f 695//762 740//771 704//772
f 701//763 704//772 683//764
f 700//755 702//767 705//765
f 739//770 706//769 738//773
f 702//767 764//608 705//765
f 703//768 708//766 709//774
f 704//772 712//775 707//776
f 683//764 707//776 710//777
f 570//597 710//777 715//621
f 570//597 683//764 710//777
f 705//765 764//608 713//607
f 708//766 713//607 709//774
f 706//769 709//774 711//778
f 738//773 711//778 714//622
f 740//771 714//622 712//775
f 712//775 714//622 583//612
f 707//776 743//779 736//780
f 710//777 737//616 715//621
f 603//743 722//781 718//782
f 602//740 718//782 719//783
f 760//643 719//783 716//649
f 569//595 576//605 605//646
f 759//650 716//649 758//784
f 717//652 758//784 723//785
f 720//654 723//785 724//636
f 598//639 721//786 596//638
f 722//781 576//605 718//782
f 716//649 725//787 758//784
f 721//786 724//636 596//638
f 718//782 576//605 728//788
f 719//783 728//788 725//787
f 723//785 758//784 726//789
f 725//787 728//788 727//790
f 758//784 727//790 726//789
f 724//636 594//634 595//635
f 724//636 726//789 594//634
f 576//605 575//604 728//788
f 726//789 730//631 594//634
f 727//790 729//791 730//631
f 594//634 730//631 669//633
f 729//791 575//604 593//721
f 730//631 593//721 661//632
f 575//604 592//603 593//721
f 592//603 574//602 591//710
f 574//602 573//601 638//689
f 573//601 618//600 590//671
f 571//598 570//597 715//621
f 570//597 577//596 683//764
f 577//596 569//595 686//749
f 660//725 732//718 657//717
f 641//792 645//713 647//705
f 647//705 645//713 650//706
f 732//718 651//707 650//706
f 637//696 645//713 641//792
f 637//696 640//695 645//713
f 645//713 640//695 648//702
f 648//702 640//695 635//691
f 649//703 635//691 639//694
f 644//699 733//693 634//690
f 651//707 734//708 647//705
f 643//698 591//710 574//602
f 638//689 642//692 735//697
f 709//774 713//607 578//623
f 711//778 578//623 741//610
f 736//780 582//614 737//616
f 711//778 709//774 578//623
f 738//773 706//769 711//778
f 740//771 739//770 738//773
f 739//770 695//762 698//761
f 695//762 739//770 740//771
f 695//762 686//749 691//754
f 697//760 706//769 698//761
f 703//768 709//774 706//769
f 714//622 711//778 741//610
f 740//771 738//773 714//622
f 701//763 695//762 704//772
f 584//609 741//610 578//623
f 704//772 740//771 712//775
f 585//611 714//622 741//610
f 743//779 712//775 583//612
f 707//776 712//775 743//779
f 683//764 704//772 707//776
f 742//626 585//611 584//609
f 745//658 742//626 584//609
f 744//627 587//613 585//611
f 582//614 743//779 583//612
f 587//613 582//614 583//612
f 736//780 743//779 582//614
f 710//777 707//776 736//780
f 746//615 747//617 582//614
f 710//777 736//780 737//616
f 611//664 607//628 744//627
f 607//628 747//617 746//615
f 612//665 607//628 611//664
f 588//629 579//618 747//617
f 620//673 612//665 611//664
f 748//659 608//630 607//628
f 608//630 579//618 588//629
f 581//620 715//621 579//618
f 621//667 609//660 748//659
f 609//660 613//661 608//630
f 613//661 589//625 608//630
f 580//619 571//598 581//620
f 589//625 581//620 579//618
f 626//684 625//676 620//673
f 625//676 622//668 621//667
f 622//668 613//661 609//660
f 614//669 615//656 613//661
f 615//656 580//619 589//625
f 631//685 627//677 625//676
f 627//677 616//670 622//668
f 616//670 615//656 614//669
f 733//693 749//686 631//685
f 749//686 750//678 627//677
f 750//678 751//674 616//670
f 751//674 752//666 616//670
f 752//666 623//662 610//657
f 639//694 753//687 749//686
f 753//687 751//674 750//678
f 632//681 753//687 635//691
f 617//675 751//674 632//681
f 617//675 623//662 752//666
f 628//679 632//681 636//688
f 590//671 623//662 628//679
f 648//702 635//691 649//703
f 637//696 636//688 640//695
f 629//682 636//688 637//696
f 590//671 628//679 629//682
f 754//704 645//713 648//702
f 657//717 731//714 754//704
f 731//714 645//713 754//704
f 642//692 637//696 641//792
f 633//683 629//682 642//692
f 642//692 641//792 647//705
f 735//697 642//692 647//705
f 755//726 662//719 732//718
f 662//719 734//708 651//707
f 665//732 755//726 660//725
f 652//709 643//698 735//697
f 756//715 652//709 734//708
f 666//727 757//722 662//719
f 757//722 655//723 756//715
f 655//723 656//711 756//715
f 656//711 591//710 652//709
f 673//736 670//733 665//732
f 670//733 667//728 666//727
f 667//728 655//723 757//722
f 673//736 671//735 670//733
f 671//735 667//728 670//733
f 663//729 658//720 655//723
f 658//720 661//632 646//712
f 674//637 668//730 667//728
f 668//730 658//720 663//729
f 720//654 721//786 598//639
f 720//654 724//636 721//786
f 723//785 726//789 724//636
f 727//790 730//631 726//789
f 729//791 593//721 730//631
f 677//738 599//653 598//639
f 717//652 723//785 720//654
f 600//651 717//652 599//653
f 677//738 600//651 599//653
f 759//650 758//784 717//652
f 725//787 727//790 758//784
f 728//788 729//791 727//790
f 728//788 575//604 729//791
f 601//644 759//650 600//651
f 684//739 601//644 600//651
f 719//783 725//787 716//649
f 760//643 716//649 601//644
f 718//782 728//788 719//783
f 700//755 684//739 677//738
f 685//745 678//645 601//644
f 678//645 602//740 760//643
f 602//740 719//783 760//643
f 693//756 685//745 684//739
f 679//741 602//740 678//645
f 603//743 718//782 602//740
f 605//646 576//605 722//781
f 693//756 689//750 685//745
f 689//750 682//742 679//741
f 682//742 603//743 602//740
f 605//646 722//781 603//743
f 705//765 694//757 693//756
f 694//757 690//751 689//750
f 690//751 761//746 682//742
f 761//746 604//647 682//742
f 604//647 605//646 603//743
f 708//766 762//758 694//757
f 762//758 761//746 690//751
f 763//648 569//595 605//646
f 680//747 763//648 604//647
f 696//753 680//747 761//746
f 713//607 708//766 705//765
f 703//768 697//760 762//758
f 697//760 698//761 696//753
f 698//761 691//754 696//753
f 691//754 687//748 680//747
f 687//748 569//595 763//648
f 765//793 764//608 1307//794
f 1307//794 764//608 702//767
f 786//795 702//767 699//759
f 766//796 699//759 692//752
f 785//797 692//752 688//744
f 784//798 688//744 681//642
f 783//799 681//642 597//641
f 783//799 597//641 778//800
f 768//801 769//802 767//606
f 767//606 769//802 586//624
f 586//624 769//802 770//803
f 606//655 770//803 771//804
f 619//663 771//804 772//805
f 624//672 772//805 779//806
f 630//680 779//806 773//807
f 774//808 634//690 773//807
f 774//808 644//699 634//690
f 780//701 774//808 775//809
f 653//716 775//809 781//810
f 659//724 781//810 776//811
f 664//731 776//811 777//812
f 672//734 777//812 782//813
f 675//737 782//813 778//800
f 597//641 675//737 778//800
f 586//624 770//803 606//655
f 606//655 771//804 619//663
f 619//663 772//805 624//672
f 624//672 779//806 630//680
f 630//680 773//807 634//690
f 644//699 774//808 780//701
f 780//701 775//809 653//716
f 653//716 781//810 659//724
f 659//724 776//811 664//731
f 664//731 777//812 672//734
f 672//734 782//813 675//737
f 783//799 784//798 681//642
f 784//798 785//797 688//744
f 785//797 766//796 692//752
f 766//796 786//795 699//759
f 786//795 1307//794 702//767
f 767//606 764//608 768//801
f 768//801 764//608 765//793
f 790//814 788//815 789//816
f 787//817 788//815 790//814
f 789//816 791//818 790//814
f 790//814 791//818 968//819
f 794//820 793//821 795//822
f 792//823 793//821 794//820
f 795//822 796//824 794//820
f 794//820 796//824 797//825
f 798//826 799//827 804//828
f 1172//829 798//826 804//828
f 800//830 845//831 801//269
f 801//269 845//831 224//243
f 803//832 802//833 826//834
f 800//830 803//832 826//834
f 802//833 804//828 799//827
f 826//834 802//833 799//827
f 800//830 826//834 845//831
f 816//835 807//836 809//837
f 810//838 811//839 808//840
f 802//833 810//838 804//828
f 823//841 819//842 818//843
f 823//841 818//843 820//844
f 812//845 820//844 822//846
f 812//845 822//846 813//847
f 814//848 813//847 821//262
f 812//845 815//849 816//835
f 823//841 816//835 809//837
f 823//841 809//837 808//840
f 807//836 815//849 806//850
f 807//836 816//835 815//849
f 810//838 1172//829 804//828
f 811//839 800//830 817//851
f 812//845 813//847 814//848
f 815//849 812//845 814//848
f 820//844 812//845 823//841
f 823//841 812//845 816//835
f 819//842 823//841 811//839
f 811//839 823//841 808//840
f 817//851 819//842 811//839
f 810//838 802//833 811//839
f 811//839 802//833 803//832
f 800//830 811//839 803//832
f 801//269 817//851 800//830
f 814//848 824//261 848//852
f 815//849 848//852 825//853
f 805//854 825//853 849//855
f 805//854 806//850 825//853
f 821//262 824//261 814//848
f 814//848 848//852 815//849
f 815//849 825//853 806//850
f 798//826 847//856 799//827
f 946//857 864//858 827//859
f 946//857 827//859 828//860
f 827//859 829//861 828//860
f 1007//862 829//861 830//863
f 830//863 227//244 839//864
f 831//865 839//864 832//866
f 831//865 830//863 839//864
f 831//865 1007//862 830//863
f 832//866 839//864 835//867
f 835//867 836//868 832//866
f 832//866 836//868 833//869
f 836//868 834//870 833//869
f 829//861 1007//862 828//860
f 837//871 834//870 836//868
f 836//868 835//867 838//872
f 1183//873 838//872 841//874
f 826//834 843//875 845//831
f 843//875 799//827 847//856
f 840//876 843//875 847//856
f 843//875 840//876 841//874
f 842//877 843//875 841//874
f 838//872 227//244 846//234
f 838//872 846//234 226//236
f 841//874 226//236 219//237
f 842//877 219//237 220//240
f 842//877 220//240 844//239
f 843//875 844//239 225//242
f 845//831 225//242 224//243
f 840//876 1183//873 841//874
f 838//872 1183//873 837//871
f 837//871 836//868 838//872
f 835//867 839//864 838//872
f 839//864 227//244 838//872
f 841//874 838//872 226//236
f 842//877 841//874 219//237
f 843//875 842//877 844//239
f 845//831 843//875 225//242
f 799//827 843//875 826//834
f 825//853 788//815 849//855
f 788//815 825//853 789//816
f 789//816 825//853 848//852
f 789//816 848//852 824//261
f 824//261 238//260 789//816
f 789//816 238//260 791//818
f 849//855 788//815 969//878
f 1292//879 817//851 851//268
f 1292//879 819//842 817//851
f 819//842 1292//879 818//843
f 818//843 1292//879 850//880
f 850//880 822//846 820//844
f 850//880 240//263 822//846
f 822//846 240//263 813//847
f 818//843 850//880 820//844
f 813//847 240//263 821//262
f 851//268 817//851 801//269
f 97//106 99//110 92//105
f 92//105 99//110 209//222
f 805//854 849//855 950//881
f 964//882 950//881 901//883
f 964//882 805//854 950//881
f 964//882 1175//884 805//854
f 834//870 1261//885 833//869
f 852//886 833//869 1261//885
f 210//226 214//101 853//102
f 854//225 853//102 93//103
f 854//225 93//103 855//224
f 210//226 853//102 854//225
f 93//103 94//104 855//224
f 856//223 94//104 92//105
f 855//224 94//104 856//223
f 856//223 92//105 209//222
f 1288//183 1302//887 858//888
f 858//888 1302//887 967//889
f 891//890 967//889 857//891
f 891//890 858//888 967//889
f 967//889 1302//887 859//892
f 1303//893 859//892 1302//887
f 859//892 1303//893 860//894
f 860//894 830//863 859//892
f 830//863 860//894 861//895
f 861//895 1317//896 227//244
f 227//244 1317//896 862//897
f 862//897 863//235 227//244
f 862//897 1290//184 863//235
f 830//863 861//895 227//244
f 859//892 830//863 794//820
f 797//825 859//892 794//820
f 794//820 830//863 829//861
f 794//820 829//861 827//859
f 794//820 827//859 792//823
f 792//823 827//859 864//858
f 792//823 864//858 865//898
f 887//899 1269//900 888//901
f 870//902 888//901 867//903
f 881//904 900//905 868//906
f 868//906 900//905 869//907
f 871//908 881//904 872//909
f 888//901 1269//900 866//910
f 867//903 888//901 866//910
f 871//908 870//902 867//903
f 872//909 870//902 871//908
f 881//904 871//908 900//905
f 874//911 873//912 877//913
f 878//914 876//915 877//913
f 880//916 885//917 870//902
f 880//916 881//904 882//918
f 879//919 882//918 884//920
f 883//921 876//915 875//922
f 883//921 874//911 876//915
f 876//915 874//911 877//913
f 884//920 878//914 879//919
f 886//923 887//899 888//901
f 870//902 886//923 888//901
f 885//917 886//923 870//902
f 881//904 868//906 895//924
f 882//918 895//924 894//925
f 882//918 894//925 889//926
f 884//920 889//926 890//927
f 884//920 890//927 892//928
f 876//915 892//928 893//929
f 875//922 893//929 891//890
f 875//922 876//915 893//929
f 878//914 884//920 876//915
f 884//920 892//928 876//915
f 882//918 889//926 884//920
f 880//916 882//918 879//919
f 885//917 880//916 879//919
f 895//924 882//918 881//904
f 881//904 880//916 872//909
f 872//909 880//916 870//902
f 875//922 857//891 898//930
f 874//911 898//930 896//931
f 873//912 896//931 897//932
f 891//890 857//891 875//922
f 875//922 898//930 883//921
f 883//921 898//930 874//911
f 874//911 896//931 873//912
f 866//910 899//933 867//903
f 909//934 949//935 904//936
f 910//937 904//936 902//252
f 903//938 905//939 907//940
f 903//938 231//249 905//939
f 903//938 910//937 231//249
f 231//249 910//937 902//252
f 907//940 905//939 906//941
f 906//941 912//942 907//940
f 907//940 912//942 908//943
f 912//942 913//944 908//943
f 904//936 910//937 909//934
f 901//883 949//935 909//934
f 901//883 950//881 949//935
f 911//945 913//944 912//942
f 912//942 906//941 919//946
f 918//947 921//948 915//949
f 917//950 915//949 922//951
f 917//950 922//951 924//952
f 916//953 924//952 927//954
f 900//905 927//954 869//907
f 919//946 918//947 911//945
f 912//942 919//946 911//945
f 914//955 905//939 920//956
f 905//939 231//249 923//957
f 917//950 867//903 926//958
f 926//958 925//959 917//950
f 917//950 925//959 918//947
f 918//947 925//959 911//945
f 867//903 899//933 926//958
f 919//946 905//939 914//955
f 905//939 923//957 920//956
f 906//941 905//939 919//946
f 921//948 914//955 920//956
f 918//947 919//946 914//955
f 918//947 914//955 921//948
f 917//950 918//947 915//949
f 916//953 917//950 924//952
f 867//903 917//950 916//953
f 871//908 916//953 900//905
f 900//905 916//953 927//954
f 867//903 916//953 871//908
f 896//931 793//821 897//932
f 793//821 896//931 795//822
f 795//822 896//931 898//930
f 795//822 898//930 857//891
f 857//891 967//889 795//822
f 795//822 967//889 796//824
f 897//932 793//821 928//960
f 929//961 895//924 1287//962
f 929//961 894//925 895//924
f 894//925 929//961 889//926
f 889//926 929//961 930//963
f 930//963 892//928 890//927
f 930//963 858//888 892//928
f 892//928 858//888 893//929
f 889//926 930//963 890//927
f 893//929 858//888 891//890
f 1287//962 895//924 868//906
f 869//907 931//964 1287//962
f 868//906 869//907 1287//962
f 231//249 229//246 923//957
f 932//965 920//956 229//246
f 932//965 921//948 920//956
f 921//948 932//965 915//949
f 915//949 932//965 1296//966
f 1296//966 924//952 922//951
f 1296//966 931//964 924//952
f 924//952 931//964 927//954
f 915//949 1296//966 922//951
f 927//954 931//964 869//907
f 229//246 920//956 923//957
f 913//944 933//967 908//943
f 1004//968 908//943 933//967
f 934//969 887//899 1163//970
f 935//971 944//972 934//969
f 935//971 1131//973 944//972
f 935//971 936//974 1131//973
f 936//974 935//971 937//975
f 1130//976 936//974 937//975
f 1130//976 937//975 939//977
f 939//977 937//975 940//978
f 940//978 937//975 941//979
f 1154//980 940//978 941//979
f 1130//976 939//977 938//981
f 939//977 1153//982 938//981
f 938//981 1153//982 942//983
f 942//983 1153//982 945//984
f 1152//985 945//984 1153//982
f 1152//985 943//986 945//984
f 1152//985 934//969 943//986
f 1152//985 1269//900 934//969
f 1152//985 1268//987 1269//900
f 1269//900 887//899 934//969
f 943//986 934//969 944//972
f 864//858 946//857 947//988
f 948//989 864//858 947//988
f 948//989 897//932 864//858
f 897//932 948//989 873//912
f 235//255 902//252 790//814
f 968//819 235//255 790//814
f 790//814 902//252 904//936
f 790//814 904//936 949//935
f 790//814 949//935 787//817
f 787//817 949//935 950//881
f 787//817 950//881 970//990
f 951//991 952//992 1172//829
f 1148//993 1141//994 952//992
f 1148//993 1139//995 1141//994
f 1148//993 1138//996 1139//995
f 1138//996 1148//993 1149//997
f 957//998 1138//996 1149//997
f 957//998 1149//997 953//999
f 953//999 1149//997 956//1000
f 956//1000 1149//997 954//1001
f 956//1000 954//1001 955//1002
f 957//998 953//999 1136//1003
f 953//999 958//1004 1136//1003
f 1136//1003 958//1004 960//1005
f 960//1005 958//1004 959//1006
f 962//1007 959//1006 958//1004
f 962//1007 961//1008 959//1006
f 962//1007 952//992 961//1008
f 962//1007 798//826 952//992
f 962//1007 963//1009 798//826
f 798//826 1172//829 952//992
f 961//1008 952//992 1141//994
f 964//882 901//883 965//1010
f 909//934 965//1010 901//883
f 965//1010 909//934 966//1011
f 966//1011 909//934 910//937
f 797//825 796//824 859//892
f 859//892 796//824 967//889
f 968//819 791//818 235//255
f 235//255 791//818 238//260
f 970//990 950//881 969//878
f 969//878 950//881 849//855
f 788//815 787//817 969//878
f 969//878 787//817 970//990
f 865//898 864//858 928//960
f 928//960 864//858 897//932
f 793//821 792//823 928//960
f 928//960 792//823 865//898
f 972//1012 979//1013 971//1014
f 979//1013 972//1012 980//1015
f 980//1015 972//1012 973//1016
f 974//1017 973//1016 975//1018
f 981//1019 975//1018 976//1020
f 982//1021 976//1020 977//1022
f 983//1023 977//1022 978//1024
f 984//1025 978//1024 986//1026
f 985//1027 986//1026 971//1014
f 980//1015 973//1016 974//1017
f 974//1017 975//1018 981//1019
f 981//1019 976//1020 982//1021
f 982//1021 977//1022 983//1023
f 983//1023 978//1024 984//1025
f 984//1025 986//1026 985//1027
f 985//1027 971//1014 979//1013
f 977//1022 971//1014 986//1026
f 977//1022 986//1026 978//1024
f 977//1022 976//1020 971//1014
f 971//1014 976//1020 972//1012
f 972//1012 976//1020 975//1018
f 972//1012 975//1018 973//1016
f 1001//1012 987//1028 999//1014
f 987//1028 1001//1012 988//1029
f 988//1029 1001//1012 990//1030
f 989//1031 990//1030 992//1018
f 991//1032 992//1018 995//1020
f 996//1033 995//1020 993//1022
f 997//1034 993//1022 994//1035
f 1089//1036 994//1035 998//1037
f 1000//1038 998//1037 999//1014
f 988//1029 990//1030 989//1031
f 989//1031 992//1018 991//1032
f 991//1032 995//1020 996//1033
f 996//1033 993//1022 997//1034
f 997//1034 994//1035 1089//1036
f 1089//1036 998//1037 1000//1038
f 1000//1038 999//1014 987//1028
f 993//1022 999//1014 998//1037
f 993//1022 998//1037 994//1035
f 993//1022 995//1020 999//1014
f 999//1014 995//1020 1001//1012
f 1001//1012 995//1020 992//1018
f 1001//1012 992//1018 990//1030
f 965//1010 966//1011 1003//1039
f 1003//1039 966//1011 1002//1040
f 903//938 907//940 1002//1040
f 1002//1040 907//940 1003//1039
f 908//943 1003//1039 907//940
f 1003//1039 908//943 1004//968
f 910//937 903//938 966//1011
f 966//1011 903//938 1002//1040
f 1005//1041 1008//1042 1100//1043
f 1100//1043 1008//1042 1006//1044
f 947//988 946//857 1005//1041
f 828//860 1005//1041 946//857
f 1005//1041 828//860 1008//1042
f 1008//1042 828//860 1007//862
f 831//865 832//866 1006//1044
f 1006//1044 832//866 1100//1043
f 833//869 1100//1043 832//866
f 1100//1043 833//869 852//886
f 1007//862 831//865 1008//1042
f 1008//1042 831//865 1006//1044
f 1004//968 933//967 1003//1039
f 1003//1039 933//967 1111//1045
f 965//1010 1115//1046 964//882
f 964//882 1115//1046 1175//884
f 1005//1041 1101//1047 947//988
f 947//988 1101//1047 948//989
f 852//886 1261//885 1100//1043
f 1100//1043 1261//885 1099//1048
f 1009//1049 1028//1050 1011//1051
f 1011//1051 1028//1050 1013//1052
f 1013//1052 1012//1053 1011//1051
f 1010//1054 1012//1053 1013//1052
f 1012//1053 1010//1054 1020//1055
f 1020//1055 1010//1054 1019//1056
f 1017//1057 1015//1058 1016//1059
f 1110//1060 1016//1059 1018//1061
f 1019//1056 1018//1061 1020//1055
f 1014//1062 1015//1058 1017//1057
f 1017//1057 1016//1059 1110//1060
f 1110//1060 1018//1061 1019//1056
f 1015//1058 1014//1062 1024//1063
f 1024//1063 1014//1062 1023//1064
f 1023//1064 1022//1065 1024//1063
f 1021//1066 1022//1065 1023//1064
f 1022//1065 1021//1066 1027//1067
f 1027//1067 1021//1066 1025//1068
f 1029//1069 1009//1049 1026//1070
f 1086//1071 1026//1070 1030//1072
f 1025//1068 1030//1072 1027//1067
f 1028//1050 1009//1049 1029//1069
f 1029//1069 1026//1070 1086//1071
f 1086//1071 1030//1072 1025//1068
f 1011//1051 1022//1065 1009//1049
f 1011//1051 1024//1063 1022//1065
f 1011//1051 1012//1053 1024//1063
f 1020//1055 1024//1063 1012//1053
f 1020//1055 1015//1058 1024//1063
f 1020//1055 1016//1059 1015//1058
f 1020//1055 1018//1061 1016//1059
f 1022//1065 1027//1067 1009//1049
f 1026//1070 1027//1067 1030//1072
f 1009//1049 1027//1067 1026//1070
f 1033//1073 1032//1074 1034//1075
f 1031//1076 1032//1074 1033//1073
f 1032//1074 1031//1076 1035//1077
f 1035//1077 1031//1076 1041//1078
f 1096//1079 1038//1080 1037//1081
f 1039//1082 1037//1081 1040//1083
f 1041//1078 1040//1083 1035//1077
f 1036//1084 1038//1080 1096//1079
f 1096//1079 1037//1081 1039//1082
f 1039//1082 1040//1083 1041//1078
f 1038//1080 1036//1084 1043//1085
f 1043//1085 1036//1084 1044//1086
f 1044//1086 1052//1087 1043//1085
f 1042//1088 1052//1087 1044//1086
f 1052//1087 1042//1088 1046//1089
f 1046//1089 1042//1088 1051//1090
f 1045//1091 1053//1092 1048//1093
f 1049//1094 1048//1093 1050//1095
f 1051//1090 1050//1095 1046//1089
f 1047//1096 1053//1092 1045//1091
f 1045//1091 1048//1093 1049//1094
f 1049//1094 1050//1095 1051//1090
f 1053//1092 1047//1096 1034//1075
f 1034//1075 1047//1096 1033//1073
f 1035//1077 1043//1085 1032//1074
f 1035//1077 1038//1080 1043//1085
f 1035//1077 1037//1081 1038//1080
f 1035//1077 1040//1083 1037//1081
f 1034//1075 1043//1085 1052//1087
f 1053//1092 1052//1087 1046//1089
f 1048//1093 1046//1089 1050//1095
f 1032//1074 1043//1085 1034//1075
f 1034//1075 1052//1087 1053//1092
f 1053//1092 1046//1089 1048//1093
f 1054//1097 1055//1098 1057//1099
f 1057//1099 1055//1098 1122//1100
f 1056//1101 1059//1102 1060//1103
f 1061//1104 1060//1103 1062//1105
f 1122//1100 1062//1105 1057//1099
f 1058//1106 1059//1102 1056//1101
f 1056//1101 1060//1103 1061//1104
f 1061//1104 1062//1105 1122//1100
f 1059//1102 1058//1106 1065//1107
f 1065//1107 1058//1106 1066//1108
f 1118//1109 1054//1097 1063//1110
f 1117//1111 1063//1110 1064//1112
f 1066//1108 1064//1112 1065//1107
f 1055//1098 1054//1097 1118//1109
f 1118//1109 1063//1110 1117//1111
f 1117//1111 1064//1112 1066//1108
f 1057//1099 1063//1110 1054//1097
f 1057//1099 1062//1105 1063//1110
f 1063//1110 1062//1105 1060//1103
f 1060//1103 1064//1112 1063//1110
f 1064//1112 1060//1103 1059//1102
f 1064//1112 1059//1102 1065//1107
f 1068//1113 1067//1114 1069//1115
f 1072//1116 1069//1115 1081//1117
f 1093//1118 1081//1117 1070//1119
f 1071//1120 1067//1114 1068//1113
f 1068//1113 1069//1115 1072//1116
f 1072//1116 1081//1117 1093//1118
f 1067//1114 1071//1120 1074//1099
f 1074//1099 1071//1120 1080//1121
f 1076//1122 1075//1102 1077//1123
f 1079//1124 1077//1123 1078//1125
f 1080//1121 1078//1125 1074//1099
f 1073//1126 1075//1102 1076//1122
f 1076//1122 1077//1123 1079//1124
f 1079//1124 1078//1125 1080//1121
f 1075//1102 1073//1126 1070//1119
f 1070//1119 1073//1126 1093//1118
f 1070//1119 1081//1117 1075//1102
f 1075//1102 1081//1117 1077//1123
f 1077//1123 1081//1117 1069//1115
f 1077//1123 1069//1115 1078//1125
f 1074//1099 1069//1115 1067//1114
f 1078//1125 1069//1115 1074//1099
f 985//1027 979//1013 1036//1084
f 985//1027 1036//1084 1151//1127
f 1087//1128 985//1027 1151//1127
f 1087//1128 1082//1129 985//1027
f 984//1025 1082//1129 1083//1130
f 1084//1131 1051//1090 1083//1130
f 1051//1090 1084//1131 1049//1094
f 980//1015 1036//1084 979//1013
f 980//1015 1044//1086 1036//1084
f 974//1017 1044//1086 980//1015
f 981//1019 1044//1086 974//1017
f 981//1019 1042//1088 1044//1086
f 982//1021 1042//1088 981//1019
f 1051//1090 982//1021 983//1023
f 1051//1090 983//1023 984//1025
f 1051//1090 984//1025 1083//1130
f 1042//1088 982//1021 1051//1090
f 984//1025 985//1027 1082//1129
f 1000//1038 987//1028 1021//1066
f 1025//1068 987//1028 988//1029
f 1025//1068 988//1029 989//1031
f 1025//1068 989//1031 1085//1132
f 1085//1132 1147//1133 1025//1068
f 1086//1071 1025//1068 1147//1133
f 1021//1066 987//1028 1025//1068
f 1085//1132 989//1031 1150//1134
f 1150//1134 989//1031 991//1032
f 1106//1135 991//1032 1087//1128
f 1151//1127 1106//1135 1087//1128
f 1087//1128 991//1032 1014//1062
f 1088//1136 1087//1128 1014//1062
f 1014//1062 991//1032 996//1033
f 1014//1062 996//1033 997//1034
f 997//1034 1089//1036 1023//1064
f 1089//1036 1000//1038 1023//1064
f 1023//1064 1000//1038 1021//1066
f 1014//1062 997//1034 1023//1064
f 1080//1121 1090//1137 1079//1124
f 1079//1124 1090//1137 1091//1138
f 1079//1124 1091//1138 1076//1122
f 1076//1122 1091//1138 1073//1126
f 1073//1126 1091//1138 1092//1139
f 1073//1126 1092//1139 1146//1140
f 1094//1141 1073//1126 1146//1140
f 1094//1141 1093//1118 1073//1126
f 1094//1141 1072//1116 1093//1118
f 1090//1137 1080//1121 1095//1142
f 1095//1142 1080//1121 1036//1084
f 1095//1142 1036//1084 1096//1079
f 1096//1079 1097//1143 1095//1142
f 1096//1079 1039//1082 1097//1143
f 1041//1078 1098//1144 1039//1082
f 1098//1144 1041//1078 1099//1048
f 1041//1078 1100//1043 1099//1048
f 1041//1078 1005//1041 1100//1043
f 1041//1078 1031//1076 1005//1041
f 1005//1041 1031//1076 1101//1047
f 1164//1145 1031//1076 1033//1073
f 1033//1073 1102//1146 1164//1145
f 1102//1146 1033//1073 1155//1147
f 1155//1147 1033//1073 1047//1096
f 1103//1148 1047//1096 1045//1091
f 1045//1091 1049//1094 1103//1148
f 1071//1120 1104//1149 1080//1121
f 1071//1120 1105//1150 1104//1149
f 1071//1120 1068//1113 1105//1150
f 1072//1116 1105//1150 1068//1113
f 1080//1121 1104//1149 1036//1084
f 1104//1149 1151//1127 1036//1084
f 1106//1135 1150//1134 991//1032
f 1088//1136 1014//1062 1066//1108
f 1107//1151 1066//1108 1058//1106
f 1107//1151 1058//1106 1123//1152
f 1108//1153 1014//1062 1017//1057
f 1017//1057 1109//1154 1108//1153
f 1017//1057 1110//1060 1109//1154
f 1019//1056 1114//1155 1110//1060
f 1114//1155 1019//1056 1111//1045
f 1019//1056 1003//1039 1111//1045
f 1019//1056 965//1010 1003//1039
f 1019//1056 1010//1054 965//1010
f 965//1010 1010//1054 1115//1046
f 1116//1156 1010//1054 1013//1052
f 1013//1052 1171//1157 1116//1156
f 1171//1157 1013//1052 1112//1158
f 1112//1158 1013//1052 1113//1159
f 1113//1159 1013//1052 1028//1050
f 1029//1069 1113//1159 1028//1050
f 1113//1159 1029//1069 1086//1071
f 1109//1154 1110//1060 1114//1155
f 1115//1046 1010//1054 1116//1156
f 1014//1062 1108//1153 1066//1108
f 1066//1108 1266//1160 1117//1111
f 1117//1111 1266//1160 1119//1161
f 1117//1111 1119//1161 1118//1109
f 1118//1109 1119//1161 1120//1162
f 1055//1098 1118//1109 1120//1162
f 1055//1098 1120//1162 1267//1163
f 1055//1098 1267//1163 1121//1164
f 1122//1100 1055//1098 1121//1164
f 1122//1100 1121//1164 1061//1104
f 1108//1153 1266//1160 1066//1108
f 1088//1136 1066//1108 1107//1151
f 1058//1106 1056//1101 1123//1152
f 1061//1104 1123//1152 1056//1101
f 1097//1143 1039//1082 1098//1144
f 1101//1047 1031//1076 1164//1145
f 1155//1147 1047//1096 1103//1148
f 1124//1165 1130//976 1129//1166
f 1130//976 1124//1165 936//974
f 936//974 1124//1165 1125//1167
f 1131//973 1125//1167 1126//1168
f 944//972 1126//1168 1133//1169
f 943//986 1133//1169 1127//1170
f 945//984 1127//1170 1128//1171
f 942//983 1128//1171 1132//1172
f 938//981 1132//1172 1129//1166
f 936//974 1125//1167 1131//973
f 1131//973 1126//1168 944//972
f 944//972 1133//1169 943//986
f 943//986 1127//1170 945//984
f 945//984 1128//1171 942//983
f 942//983 1132//1172 938//981
f 938//981 1129//1166 1130//976
f 1127//1170 1129//1166 1132//1172
f 1127//1170 1132//1172 1128//1171
f 1127//1170 1133//1169 1129//1166
f 1129//1166 1133//1169 1124//1165
f 1124//1165 1133//1169 1126//1168
f 1124//1165 1126//1168 1125//1167
f 1134//1165 961//1008 1142//1166
f 961//1008 1134//1165 959//1006
f 959//1006 1134//1165 1135//1167
f 960//1005 1135//1167 1137//1168
f 1136//1003 1137//1168 1145//1169
f 957//998 1145//1169 1143//1170
f 1138//996 1143//1170 1140//1171
f 1139//995 1140//1171 1144//1172
f 1141//994 1144//1172 1142//1166
f 959//1006 1135//1167 960//1005
f 960//1005 1137//1168 1136//1003
f 1136//1003 1145//1169 957//998
f 957//998 1143//1170 1138//996
f 1138//996 1140//1171 1139//995
f 1139//995 1144//1172 1141//994
f 1141//994 1142//1166 961//1008
f 1143//1170 1142//1166 1144//1172
f 1143//1170 1144//1172 1140//1171
f 1143//1170 1145//1169 1142//1166
f 1142//1166 1145//1169 1134//1165
f 1134//1165 1145//1169 1137//1168
f 1134//1165 1137//1168 1135//1167
f 1094//1141 1146//1140 962//1007
f 962//1007 1146//1140 963//1009
f 1094//1141 962//1007 1072//1116
f 1072//1116 962//1007 958//1004
f 1105//1150 1072//1116 958//1004
f 1085//1132 1148//993 1147//1133
f 1085//1132 1149//997 1148//993
f 1149//997 1085//1132 1150//1134
f 954//1001 1150//1134 1106//1135
f 955//1002 1106//1135 1151//1127
f 956//1000 1151//1127 1104//1149
f 953//999 1104//1149 1105//1150
f 1149//997 1150//1134 954//1001
f 954//1001 1106//1135 955//1002
f 955//1002 1151//1127 956//1000
f 956//1000 1104//1149 953//999
f 953//999 1105//1150 958//1004
f 1147//1133 1148//993 1086//1071
f 1086//1071 1148//993 952//992
f 1113//1159 1086//1071 952//992
f 1112//1158 1113//1159 951//991
f 951//991 1113//1159 952//992
f 1121//1164 1267//1163 1152//985
f 1152//985 1267//1163 1268//987
f 1121//1164 1152//985 1061//1104
f 1061//1104 1152//985 1153//982
f 1123//1152 1061//1104 1153//982
f 1083//1130 935//971 1084//1131
f 1083//1130 937//975 935//971
f 937//975 1083//1130 1082//1129
f 941//979 1082//1129 1087//1128
f 1154//980 1087//1128 1088//1136
f 940//978 1088//1136 1107//1151
f 939//977 1107//1151 1123//1152
f 937//975 1082//1129 941//979
f 941//979 1087//1128 1154//980
f 1154//980 1088//1136 940//978
f 940//978 1107//1151 939//977
f 939//977 1123//1152 1153//982
f 1084//1131 935//971 1049//1094
f 1049//1094 935//971 934//969
f 1103//1148 1049//1094 934//969
f 1155//1147 1103//1148 1163//970
f 1163//970 1103//1148 934//969
f 1156//1173 948//989 1166//1174
f 948//989 1156//1173 873//912
f 873//912 1156//1173 1157//1175
f 873//912 1157//1175 1158//1176
f 877//913 873//912 1158//1176
f 877//913 1158//1176 878//914
f 878//914 1158//1176 1159//1177
f 879//919 1159//1177 1167//1178
f 878//914 1159//1177 879//919
f 879//919 1167//1178 885//917
f 885//917 1167//1178 1160//1179
f 885//917 1160//1179 886//923
f 1160//1179 1161//1180 886//923
f 886//923 1161//1180 887//899
f 887//899 1161//1180 1162//1181
f 1102//1146 1163//970 1162//1181
f 1102//1146 1155//1147 1163//970
f 887//899 1162//1181 1163//970
f 1162//1181 1165//1182 1102//1146
f 1102//1146 1165//1182 1164//1145
f 1164//1145 1165//1182 1166//1174
f 1164//1145 1166//1174 1101//1047
f 1101//1047 1166//1174 948//989
f 1160//1179 1166//1174 1161//1180
f 1161//1180 1166//1174 1165//1182
f 1161//1180 1165//1182 1162//1181
f 1166//1174 1160//1179 1156//1173
f 1156//1173 1160//1179 1167//1178
f 1157//1175 1167//1178 1159//1177
f 1156//1173 1167//1178 1157//1175
f 1157//1175 1159//1177 1158//1176
f 810//838 1168//1183 1172//829
f 1172//829 1168//1183 1169//1184
f 951//991 1169//1184 1170//1185
f 1171//1157 951//991 1170//1185
f 1171//1157 1112//1158 951//991
f 1172//829 1169//1184 951//991
f 1170//1185 1173//1186 1171//1157
f 1171//1157 1173//1186 1116//1156
f 1116//1156 1173//1186 1174//1187
f 805//854 1174//1187 1180//1188
f 805//854 1180//1188 1176//1189
f 805//854 1176//1189 806//850
f 1116//1156 1174//1187 1115//1046
f 1115//1046 1174//1187 1175//884
f 1175//884 1174//1187 805//854
f 806//850 1176//1189 1177//1190
f 807//836 806//850 1177//1190
f 807//836 1177//1190 1178//1191
f 808//840 1178//1191 1179//1192
f 807//836 1178//1191 809//837
f 809//837 1178//1191 808//840
f 808//840 1179//1192 1168//1183
f 810//838 808//840 1168//1183
f 1179//1192 1180//1188 1168//1183
f 1180//1188 1179//1192 1176//1189
f 1176//1189 1179//1192 1178//1191
f 1176//1189 1178//1191 1177//1190
f 1180//1188 1174//1187 1168//1183
f 1169//1184 1174//1187 1173//1186
f 1168//1183 1174//1187 1169//1184
f 1169//1184 1173//1186 1170//1185
f 840//876 1181//1193 1182//1194
f 1183//873 840//876 1182//1194
f 847//856 1181//1193 840//876
f 1182//1194 1184//1195 1183//873
f 1183//873 1184//1195 837//871
f 1181//1193 1184//1195 1182//1194
f 1184//1195 1181//1193 1246//1196
f 1246//1196 1185//1197 1184//1195
f 1246//1196 1239//1198 1185//1197
f 1185//1197 1239//1198 1187//1199
f 1186//1200 1187//1199 1240//1201
f 1262//1202 1240//1201 1189//1203
f 1188//1204 1262//1202 1189//1203
f 1191//1205 1190//1206 1181//1193
f 1191//1205 1232//1207 1190//1206
f 1232//1207 1191//1205 1265//1208
f 1199//1209 1265//1208 1264//1210
f 1192//1211 1264//1210 1193//1212
f 1193//1212 1194//1213 1192//1211
f 1192//1211 1194//1213 1228//1214
f 1200//1215 1194//1213 1263//1216
f 1196//1217 1263//1216 1195//1218
f 1195//1218 1197//1219 1196//1217
f 1196//1217 1197//1219 1198//1220
f 1198//1220 1197//1219 1188//1204
f 1189//1203 1198//1220 1188//1204
f 1232//1207 1265//1208 1230//1221
f 1230//1221 1265//1208 1199//1209
f 1199//1209 1264//1210 1192//1211
f 1228//1214 1194//1213 1200//1215
f 1200//1215 1263//1216 1196//1217
f 1262//1202 1186//1200 1240//1201
f 1186//1200 1185//1197 1187//1199
f 1181//1193 1190//1206 1246//1196
f 1191//1205 847//856 798//826
f 1191//1205 1181//1193 847//856
f 1202//1222 1204//1223 1201//1224
f 1202//1222 1203//1225 1204//1223
f 1203//1225 1206//1226 1205//1227
f 1205//1227 1206//1226 1207//1228
f 1205//1227 1207//1228 1208//1229
f 1208//1229 1210//1230 1209//1231
f 1209//1231 1211//1232 1212//1233
f 1209//1231 1210//1230 1211//1232
f 1201//1224 1204//1223 1214//1234
f 1203//1225 1202//1222 1206//1226
f 1208//1229 1207//1228 1210//1230
f 1212//1233 1211//1232 1213//1235
f 1201//1224 1214//1234 1224//1236
f 1224//1236 1214//1234 1222//1237
f 1216//1238 1217//1239 1218//1240
f 1215//1241 1217//1239 1216//1238
f 1218//1240 1226//1242 1219//1243
f 1219//1243 1220//1244 1221//1245
f 1221//1245 1223//1246 1222//1237
f 1222//1237 1223//1246 1224//1236
f 1216//1238 1225//1247 1215//1241
f 1218//1240 1217//1239 1226//1242
f 1219//1243 1226//1242 1220//1244
f 1221//1245 1220//1244 1223//1246
f 1215//1241 1225//1247 1213//1235
f 1213//1235 1225//1247 1212//1233
f 1215//1241 1213//1235 1201//1224
f 1224//1236 1215//1241 1201//1224
f 1215//1241 1224//1236 1223//1246
f 1223//1246 1220//1244 1215//1241
f 1226//1242 1215//1241 1220//1244
f 1215//1241 1226//1242 1217//1239
f 1201//1224 1213//1235 1211//1232
f 1211//1232 1210//1230 1201//1224
f 1207//1228 1201//1224 1210//1230
f 1207//1228 1206//1226 1201//1224
f 1201//1224 1206//1226 1202//1222
f 1227//1248 1229//1249 1228//1214
f 1192//1211 1229//1249 1235//1250
f 1192//1211 1235//1250 1199//1209
f 1228//1214 1229//1249 1192//1211
f 1199//1209 1231//1251 1230//1221
f 1230//1221 1233//1252 1232//1207
f 1232//1207 1233//1252 1236//1253
f 1232//1207 1236//1253 1190//1206
f 1190//1206 1236//1253 1234//1254
f 1227//1248 1228//1214 1200//1215
f 1199//1209 1235//1250 1231//1251
f 1230//1221 1231//1251 1233//1252
f 1227//1248 1200//1215 1245//1255
f 1245//1255 1200//1215 1196//1217
f 1237//1256 1238//1257 1239//1198
f 1187//1199 1241//1258 1240//1201
f 1238//1257 1187//1199 1239//1198
f 1240//1201 1242//1259 1189//1203
f 1189//1203 1243//1260 1198//1220
f 1198//1220 1244//1261 1196//1217
f 1196//1217 1244//1261 1245//1255
f 1237//1256 1239//1198 1246//1196
f 1241//1258 1187//1199 1238//1257
f 1240//1201 1241//1258 1242//1259
f 1189//1203 1242//1259 1243//1260
f 1198//1220 1243//1260 1244//1261
f 1237//1256 1246//1196 1234//1254
f 1234//1254 1246//1196 1190//1206
f 1234//1254 1236//1253 1227//1248
f 1233//1252 1227//1248 1236//1253
f 1227//1248 1233//1252 1231//1251
f 1229//1249 1231//1251 1235//1250
f 1227//1248 1231//1251 1229//1249
f 1227//1248 1245//1255 1234//1254
f 1234//1254 1245//1255 1237//1256
f 1244//1261 1237//1256 1245//1255
f 1237//1256 1244//1261 1243//1260
f 1243//1260 1242//1259 1237//1256
f 1237//1256 1242//1259 1238//1257
f 1242//1259 1241//1258 1238//1257
f 926//958 1252//1262 1247//1263
f 926//958 1247//1263 925//959
f 1247//1263 1248//1264 925//959
f 925//959 1248//1264 911//945
f 1214//1234 1249//1265 1258//1266
f 1214//1234 1204//1223 1249//1265
f 1249//1265 1204//1223 1203//1225
f 1250//1267 1203//1225 1251//1268
f 1249//1265 1203//1225 1250//1267
f 1203//1225 1205//1227 1251//1268
f 1270//1269 1205//1227 1208//1229
f 1270//1269 1208//1229 1209//1231
f 1260//1270 1209//1231 1212//1233
f 1212//1233 1252//1262 1260//1270
f 1252//1262 1212//1233 1248//1264
f 1252//1262 1248//1264 1247//1263
f 1251//1268 1205//1227 1270//1269
f 1270//1269 1209//1231 1260//1270
f 1212//1233 1225//1247 1248//1264
f 1216//1238 1253//1271 1225//1247
f 1253//1271 1216//1238 1254//1272
f 1254//1272 1216//1238 1218//1240
f 1255//1273 1218//1240 1219//1243
f 1256//1274 1255//1273 1219//1243
f 1248//1264 1225//1247 1253//1271
f 1254//1272 1218//1240 1255//1273
f 1219//1243 1221//1245 1256//1274
f 1256//1274 1221//1245 1259//1275
f 1259//1275 1221//1245 1222//1237
f 1257//1276 1222//1237 1214//1234
f 1258//1266 1257//1276 1214//1234
f 1259//1275 1222//1237 1257//1276
f 926//958 899//933 1252//1262
f 1260//1270 899//933 866//910
f 1260//1270 1252//1262 899//933
f 834//870 1185//1197 1186//1200
f 834//870 1186//1200 1261//885
f 1261//885 1186//1200 1262//1202
f 1261//885 1262//1202 1099//1048
f 1099//1048 1262//1202 1098//1144
f 1098//1144 1262//1202 1188//1204
f 1097//1143 1188//1204 1197//1219
f 1095//1142 1197//1219 1195//1218
f 1098//1144 1188//1204 1097//1143
f 1097//1143 1197//1219 1095//1142
f 1263//1216 1090//1137 1195//1218
f 1195//1218 1090//1137 1095//1142
f 1090//1137 1263//1216 1194//1213
f 1091//1138 1194//1213 1193//1212
f 1092//1139 1193//1212 1264//1210
f 1146//1140 1264//1210 963//1009
f 1146//1140 1092//1139 1264//1210
f 1090//1137 1194//1213 1091//1138
f 1091//1138 1193//1212 1092//1139
f 963//1009 1264//1210 1265//1208
f 963//1009 1265//1208 798//826
f 1265//1208 1191//1205 798//826
f 837//871 1184//1195 1185//1197
f 834//870 837//871 1185//1197
f 913//944 1253//1271 1254//1272
f 913//944 1254//1272 933//967
f 933//967 1254//1272 1255//1273
f 933//967 1255//1273 1111//1045
f 1111//1045 1255//1273 1114//1155
f 1114//1155 1255//1273 1256//1274
f 1109//1154 1256//1274 1259//1275
f 1108//1153 1259//1275 1257//1276
f 1114//1155 1256//1274 1109//1154
f 1109//1154 1259//1275 1108//1153
f 1258//1266 1266//1160 1257//1276
f 1257//1276 1266//1160 1108//1153
f 1266//1160 1258//1266 1249//1265
f 1119//1161 1249//1265 1250//1267
f 1120//1162 1250//1267 1251//1268
f 1267//1163 1251//1268 1268//987
f 1267//1163 1120//1162 1251//1268
f 1266//1160 1249//1265 1119//1161
f 1119//1161 1250//1267 1120//1162
f 1268//987 1251//1268 1270//1269
f 1268//987 1270//1269 1269//900
f 1270//1269 1260//1270 1269//900
f 1269//900 1260//1270 866//910
f 911//945 1248//1264 1253//1271
f 913//944 911//945 1253//1271
f 1295//1277 1299//1278 1293//265
f 1293//265 1299//1278 239//264
f 239//264 1299//1278 1271//1279
f 237//259 1271//1279 1278//1280
f 236//258 1278//1280 1272//1281
f 1279//257 1272//1281 1273//1282
f 234//256 1273//1282 1280//1283
f 233//254 1280//1283 1274//1284
f 1281//253 1274//1284 1275//1285
f 1282//266 1275//1285 1283//1286
f 1284//267 1283//1286 1301//1287
f 232//251 1301//1287 1285//1288
f 230//250 1285//1288 1277//1289
f 1276//248 1277//1289 1300//1290
f 228//247 1276//248 1300//1290
f 239//264 1271//1279 237//259
f 237//259 1278//1280 236//258
f 236//258 1272//1281 1279//257
f 1279//257 1273//1282 234//256
f 234//256 1280//1283 233//254
f 233//254 1274//1284 1281//253
f 1281//253 1275//1285 1282//266
f 1282//266 1283//1286 1284//267
f 1284//267 1301//1287 232//251
f 232//251 1285//1288 230//250
f 230//250 1277//1289 1276//248
f 1300//1290 1294//1291 228//247
f 228//247 1294//1291 1298//245
f 1286//194 929//961 1287//962
f 1286//194 178//187 929//961
f 930//963 178//187 180//190
f 930//963 180//190 181//192
f 858//888 181//192 1288//183
f 929//961 178//187 930//963
f 930//963 181//192 858//888
f 181//192 1289//196 1288//183
f 1288//183 1289//196 1290//184
f 1290//184 1289//196 863//235
f 221//233 1289//196 183//197
f 222//238 183//197 187//199
f 222//238 187//199 186//201
f 223//241 186//201 851//268
f 863//235 1289//196 221//233
f 221//233 183//197 222//238
f 222//238 186//201 223//241
f 186//201 1291//204 851//268
f 1292//879 1291//204 194//205
f 850//880 194//205 189//207
f 850//880 189//207 192//209
f 240//263 192//209 1293//265
f 851//268 1291//204 1292//879
f 1292//879 194//205 850//880
f 850//880 192//209 240//263
f 192//209 196//212 1293//265
f 1293//265 196//212 1298//245
f 1295//1277 1298//245 1294//1291
f 1295//1277 1293//265 1298//245
f 196//212 932//965 229//246
f 196//212 200//213 932//965
f 1296//966 200//213 1297//215
f 1296//966 1297//215 199//217
f 931//964 199//217 1287//962
f 932//965 200//213 1296//966
f 1296//966 199//217 931//964
f 199//217 1286//194 1287//962
f 196//212 229//246 1298//245
f 1300//1290 1271//1279 1299//1278
f 1300//1290 1277//1289 1271//1279
f 1278//1280 1277//1289 1285//1288
f 1301//1287 1272//1281 1285//1288
f 1272//1281 1301//1287 1273//1282
f 1273//1282 1301//1287 1283//1286
f 1280//1283 1283//1286 1275//1285
f 1274//1284 1280//1283 1275//1285
f 1294//1291 1300//1290 1295//1277
f 1295//1277 1300//1290 1299//1278
f 1271//1279 1277//1289 1278//1280
f 1278//1280 1285//1288 1272//1281
f 1273//1282 1283//1286 1280//1283
f 89//97 107//122 131//98
f 131//98 107//122 125//139
f 113//130 83//90 114//128
f 114//128 83//90 82//89
f 1303//893 1304//1292 1305//1293
f 860//894 1305//1293 1306//1294
f 1302//887 1304//1292 1303//893
f 1303//893 1305//1293 860//894
f 1308//1295 765//793 1307//794
f 1307//794 786//795 1308//1295
f 1309//1296 786//795 766//796
f 766//796 785//797 1309//1296
f 784//798 1309//1296 785//797
f 1309//1296 784//798 1304//1292
f 1304//1292 784//798 783//799
f 1304//1292 783//799 778//800
f 778//800 1306//1294 1304//1292
f 778//800 782//813 1306//1294
f 777//812 1306//1294 782//813
f 1306//1294 777//812 776//811
f 776//811 1310//1297 1306//1294
f 776//811 781//810 1310//1297
f 775//809 1310//1297 781//810
f 1310//1297 775//809 774//808
f 774//808 1311//1298 1310//1297
f 1311//1298 774//808 773//807
f 1311//1298 773//807 779//806
f 779//806 1318//1299 1311//1298
f 779//806 772//805 1318//1299
f 771//804 1318//1299 772//805
f 1318//1299 771//804 770//803
f 769//802 1313//1300 770//803
f 1313//1300 769//802 768//801
f 768//801 765//793 1313//1300
f 1313//1300 765//793 1308//1295
f 1308//1295 786//795 1309//1296
f 1309//1296 1312//1301 1308//1295
f 1318//1299 770//803 1313//1300
f 1318//1299 1313//1300 1314//1302
f 1304//1292 1306//1294 1305//1293
f 1310//1297 1311//1298 1315//1303
f 1302//887 1288//183 1304//1292
f 1304//1292 1288//183 1309//1296
f 1309//1296 1288//183 174//185
f 1316//231 1308//1295 1312//1301
f 218//232 1312//1301 1309//1296
f 217//227 1308//1295 1316//231
f 1316//231 1312//1301 218//232
f 218//232 1309//1296 174//185
f 1317//896 1310//1297 1315//1303
f 862//897 1315//1303 1311//1298
f 861//895 1310//1297 1317//896
f 1317//896 1315//1303 862//897
f 862//897 1311//1298 1290//184
f 1290//184 1311//1298 1318//1299
f 173//186 1290//184 1318//1299
f 1318//1299 216//230 173//186
f 1318//1299 1314//1302 216//230
f 215//229 1314//1302 1313//1300
f 216//230 1314//1302 215//229
f 215//229 1313//1300 213//228
f 1306//1294 1310//1297 860//894
f 860//894 1310//1297 861//895
f 217//227 213//228 1308//1295
f 1308//1295 213//228 1313//1300
