# Blender 5.1.2
# www.blender.org
mtllib obj_20.mtl
o obj_20
v 0.040510 -0.019150 -0.020500
v 0.040440 -0.019150 -0.021020
v 0.040240 -0.019150 -0.021500
v 0.039510 -0.019150 -0.022240
v 0.038510 -0.018350 -0.022500
v 0.040440 -0.018350 -0.021020
v -0.038510 -0.018350 -0.022500
v -0.039020 -0.018350 -0.022440
v -0.038510 -0.019150 -0.022500
v -0.039510 -0.018350 -0.022240
v -0.039920 -0.018350 -0.021920
v -0.040240 -0.018350 -0.021500
v -0.040440 -0.018350 -0.021020
v -0.040440 -0.019150 -0.021020
v -0.040510 -0.018350 -0.020500
v -0.039920 -0.019150 -0.021920
v -0.040440 -0.018350 0.021020
v -0.039920 -0.018350 0.021920
v -0.039020 -0.019150 0.022440
v -0.039510 -0.018350 0.022240
v 0.039920 -0.018350 0.021920
v 0.040240 -0.018350 0.021500
v 0.040510 -0.018350 0.020500
v 0.040440 -0.018350 0.021020
v 0.039510 -0.018350 0.022240
v 0.039510 -0.019150 0.022240
v 0.041510 -0.018350 0.020500
v 0.041430 -0.018350 0.021170
v 0.041210 -0.018350 0.021810
v 0.039810 -0.018350 0.023210
v 0.039170 -0.018350 0.023430
v 0.038510 -0.018350 0.022500
v 0.038510 -0.018350 0.023500
v -0.038510 -0.018350 0.023500
v -0.039170 -0.018350 0.023430
v -0.039020 -0.018350 0.022440
v -0.039810 -0.018350 0.023210
v -0.040380 -0.018350 0.022850
v -0.040850 -0.018350 0.022370
v -0.040240 -0.018350 0.021500
v -0.041430 -0.018350 0.021170
v -0.040510 -0.018350 0.020500
v -0.041510 -0.018350 0.020500
v 0.040240 -0.018350 -0.021500
v 0.039920 -0.018350 -0.021920
v 0.041210 -0.018350 -0.021810
v 0.039510 -0.018350 -0.022240
v 0.040380 -0.018350 -0.022850
v 0.039170 -0.018350 -0.023430
v 0.039020 -0.018350 -0.022440
v 0.038510 -0.018350 -0.023500
v -0.041210 -0.018350 -0.021810
v -0.041430 -0.018350 -0.021170
v -0.038510 -0.018350 0.022500
v 0.039020 -0.018350 0.022440
v 0.040850 -0.018350 0.022370
v 0.041430 -0.018350 -0.021170
v 0.040510 -0.018350 -0.020500
v 0.039170 -0.019150 -0.023430
v 0.039020 -0.019150 -0.022440
v 0.039920 -0.019150 -0.021920
v 0.040510 -0.019150 0.020500
v 0.041510 -0.019150 0.020500
v 0.040440 -0.019150 0.021020
v 0.040240 -0.019150 0.021500
v 0.041430 -0.019150 0.021170
v 0.041210 -0.019150 0.021810
v 0.039020 -0.019150 0.022440
v 0.041210 -0.019150 -0.021810
v 0.039920 -0.019150 0.021920
v 0.038510 -0.019150 0.022500
v -0.038510 -0.019150 0.022500
v -0.039170 -0.019150 0.023430
v -0.039810 -0.019150 0.023210
v -0.040380 -0.019150 0.022850
v -0.039510 -0.019150 0.022240
v -0.040440 -0.019150 0.021020
v -0.040510 -0.019150 0.020500
v -0.040510 -0.019150 -0.020500
v -0.041430 -0.019150 -0.021170
v -0.040240 -0.019150 -0.021500
v -0.041210 -0.019150 -0.021810
v -0.039510 -0.019150 -0.022240
v -0.039020 -0.019150 -0.022440
v -0.040850 -0.019150 0.022370
v -0.039920 -0.019150 0.021920
v -0.041210 -0.019150 0.021810
v -0.040240 -0.019150 0.021500
v -0.041510 -0.019150 -0.020500
v 0.038510 -0.019150 -0.022500
v 0.038510 -0.019150 -0.023500
v -0.041510 -0.018350 -0.020500
v -0.041510 -0.019150 0.020500
v -0.041490 -0.009050 0.020840
v -0.041430 -0.002750 0.021170
v -0.039500 -0.009050 0.023340
v -0.038840 -0.009050 0.023480
v -0.041210 -0.018350 0.021810
v -0.041050 -0.009050 0.022100
v -0.039170 -0.002750 0.023430
v -0.040380 -0.002750 0.022850
v -0.040100 -0.009050 0.023040
v -0.040630 -0.009050 0.022630
v -0.041210 -0.002750 0.021810
v -0.041340 -0.009050 0.021490
v -0.038840 -0.009050 -0.023480
v -0.040100 -0.009050 -0.023040
v -0.041050 -0.009050 -0.022100
v -0.041340 -0.009050 -0.021490
v -0.041510 -0.002750 -0.020500
v -0.041490 -0.009050 -0.020840
v -0.039170 -0.018350 -0.023430
v -0.039810 -0.018350 -0.023210
v -0.039500 -0.009050 -0.023340
v -0.040380 -0.018350 -0.022850
v -0.040850 -0.018350 -0.022370
v -0.040630 -0.009050 -0.022630
v -0.041430 -0.002750 -0.021170
v -0.040380 -0.002750 -0.022850
v -0.041490 -0.023090 -0.020840
v -0.041050 -0.023090 -0.022100
v -0.039170 -0.019150 -0.023430
v -0.039170 -0.034760 -0.023430
v -0.038840 -0.023090 -0.023480
v -0.041340 -0.023090 -0.021490
v -0.041430 -0.034760 -0.021170
v -0.040850 -0.019150 -0.022370
v -0.040630 -0.023090 -0.022630
v -0.040380 -0.019150 -0.022850
v -0.040100 -0.023090 -0.023040
v -0.039810 -0.019150 -0.023210
v -0.039500 -0.023090 -0.023340
v -0.039810 -0.034760 -0.023210
v -0.040380 -0.034760 -0.022850
v 0.040100 -0.009050 0.023040
v 0.041050 -0.009050 0.022100
v 0.041490 -0.009050 0.020840
v 0.041510 -0.002750 0.020500
v 0.039500 -0.009050 0.023340
v 0.040380 -0.018350 0.022850
v 0.040630 -0.009050 0.022630
v 0.041340 -0.009050 0.021490
v 0.040380 -0.002750 0.022850
v 0.039170 -0.002750 0.023430
v 0.038840 -0.009050 0.023480
v -0.038510 -0.018350 -0.023500
v -0.038510 -0.002750 -0.023500
v -0.038510 -0.019150 -0.023500
v 0.041510 -0.002750 -0.020500
v 0.041340 -0.009050 -0.021490
v 0.039170 -0.002750 -0.023430
v 0.040630 -0.009050 -0.022630
v 0.040850 -0.018350 -0.022370
v 0.040100 -0.009050 -0.023040
v 0.039500 -0.009050 -0.023340
v 0.039810 -0.018350 -0.023210
v 0.038840 -0.009050 -0.023480
v 0.039810 -0.002750 -0.023210
v 0.041210 -0.002750 -0.021810
v 0.041050 -0.009050 -0.022100
v 0.041430 -0.002750 -0.021170
v 0.041510 -0.018350 -0.020500
v 0.041490 -0.009050 -0.020840
v 0.031280 -0.003050 -0.000630
v 0.031490 0.000250 -0.001240
v 0.033420 0.000250 -0.002780
v 0.034060 0.000250 -0.002850
v 0.034060 -0.003050 -0.002850
v 0.034690 0.000250 -0.002780
v 0.035290 -0.003050 -0.002570
v 0.036280 -0.003050 -0.001780
v 0.036830 -0.003050 -0.000630
v 0.036910 0.000250 -0.000000
v 0.036830 -0.003050 0.000630
v 0.035830 -0.003050 0.002230
v 0.035830 0.000250 0.002230
v 0.034060 -0.003050 0.002850
v 0.031280 0.000250 0.000630
v 0.031490 0.000250 0.001240
v 0.032820 -0.003050 -0.002570
v 0.032820 0.000250 -0.002570
v 0.035290 0.000250 -0.002570
v 0.036280 0.000250 -0.001780
v 0.036620 0.000250 -0.001240
v 0.036830 0.000250 0.000630
v 0.036620 -0.003050 0.001240
v 0.036620 0.000250 0.001240
v 0.036280 0.000250 0.001780
v 0.034060 0.000250 0.002850
v 0.033420 -0.003050 0.002780
v 0.033420 0.000250 0.002780
v 0.032820 0.000250 0.002570
v 0.031830 -0.003050 0.001780
v 0.031830 0.000250 0.001780
v 0.031490 -0.003050 0.001240
v 0.031280 -0.003050 0.000630
v 0.031280 0.000250 -0.000630
v 0.031210 -0.003050 0.000000
v 0.036280 -0.003050 0.001780
v 0.035290 -0.003050 0.002570
v 0.032280 -0.003050 0.002230
v 0.032820 -0.003050 0.002570
v 0.034690 -0.003050 0.002780
v 0.036910 -0.003050 0.000000
v 0.035830 -0.003050 -0.002230
v 0.034690 -0.003050 -0.002780
v 0.031490 -0.003050 -0.001240
v 0.036620 -0.003050 -0.001240
v 0.031830 -0.003050 -0.001780
v 0.032280 -0.003050 -0.002230
v 0.033420 -0.003050 -0.002780
v -0.036620 -0.003050 -0.001240
v -0.034690 -0.003050 -0.002780
v -0.031830 0.000250 -0.001780
v -0.031280 0.000250 -0.000630
v -0.031280 -0.003050 -0.000630
v -0.031210 0.000250 -0.000000
v -0.031830 -0.003050 0.001780
v -0.032280 -0.003050 0.002230
v -0.033420 0.000250 0.002780
v -0.034060 -0.003050 0.002850
v -0.035290 0.000250 0.002570
v -0.035830 0.000250 0.002230
v -0.036620 -0.003050 0.001240
v -0.036830 0.000250 0.000630
v -0.036620 0.000250 0.001240
v -0.036620 0.000250 -0.001240
v -0.035290 0.000250 -0.002570
v -0.034690 0.000250 -0.002780
v -0.034060 -0.003050 -0.002850
v -0.034060 0.000250 -0.002850
v -0.031490 0.000250 -0.001240
v -0.031490 0.000250 0.001240
v -0.031830 0.000250 0.001780
v -0.032820 -0.003050 0.002570
v -0.032820 0.000250 0.002570
v -0.033420 -0.003050 0.002780
v -0.034060 0.000250 0.002850
v -0.034690 -0.003050 0.002780
v -0.034690 0.000250 0.002780
v -0.036280 0.000250 0.001780
v -0.036910 0.000250 -0.000000
v -0.036830 0.000250 -0.000630
v -0.036910 -0.003050 0.000000
v -0.031280 -0.003050 0.000630
v -0.036830 -0.003050 0.000630
v -0.031490 -0.003050 0.001240
v -0.036280 -0.003050 0.001780
v -0.035830 -0.003050 0.002230
v -0.035290 -0.003050 0.002570
v -0.036830 -0.003050 -0.000630
v -0.031210 -0.003050 0.000000
v -0.036280 -0.003050 -0.001780
v -0.031490 -0.003050 -0.001240
v -0.031830 -0.003050 -0.001780
v -0.033420 -0.003050 -0.002780
v -0.035830 -0.003050 -0.002230
v -0.032280 -0.003050 -0.002230
v -0.035290 -0.003050 -0.002570
v -0.032820 -0.003050 -0.002570
v 0.028480 -0.009950 -0.008680
v 0.024120 -0.009950 -0.008400
v 0.028270 -0.009950 -0.008140
v 0.025270 -0.009950 -0.007170
v 0.027490 -0.009950 -0.007310
v 0.026970 -0.009950 -0.007060
v 0.024790 -0.009950 -0.007480
v 0.023970 -0.009950 -0.009540
v 0.024120 -0.009950 -0.010100
v 0.026400 -0.009950 -0.011550
v 0.026970 -0.009950 -0.011440
v 0.025820 -0.009950 -0.011510
v 0.028480 -0.009950 -0.009820
v 0.006470 -0.009950 -0.008960
v 0.007290 -0.009950 -0.007480
v 0.009460 -0.009950 -0.007060
v 0.009980 -0.009950 -0.007310
v 0.006610 -0.009950 -0.010100
v 0.006890 -0.009950 -0.010600
v 0.009980 -0.009950 -0.011190
v 0.010770 -0.009950 -0.010360
v 0.007290 -0.009950 -0.011020
v -0.009730 -0.009950 -0.007170
v -0.010610 -0.009950 -0.007900
v -0.011030 -0.009950 -0.009540
v -0.010220 -0.009950 -0.011020
v -0.008610 -0.009950 -0.011550
v -0.008040 -0.009950 -0.011440
v -0.009180 -0.009950 -0.011510
v -0.010890 -0.009950 -0.010100
v -0.007070 -0.009950 -0.010830
v -0.024030 -0.009950 -0.008680
v -0.028540 -0.009950 -0.008960
v -0.024240 -0.009950 -0.008140
v -0.025020 -0.009950 -0.007310
v -0.026110 -0.009950 -0.006960
v -0.028120 -0.009950 -0.007900
v -0.024030 -0.009950 -0.009820
v -0.028120 -0.009950 -0.010600
v -0.024580 -0.009950 -0.010830
v -0.025540 -0.009950 -0.011440
v -0.026110 -0.009950 -0.011550
v -0.026690 -0.009950 -0.011510
v -0.024240 -0.009950 -0.010360
v -0.027720 -0.009950 -0.011020
v 0.038800 -0.037680 -0.021100
v 0.038920 -0.037680 -0.021030
v 0.038510 -0.037100 -0.022370
v 0.039030 -0.036630 -0.022790
v 0.039320 -0.037100 -0.022190
v 0.039970 -0.036630 -0.022340
v 0.040340 -0.036630 -0.021970
v 0.040380 -0.037100 -0.020500
v 0.040330 -0.037100 -0.020920
v 0.039810 -0.037460 -0.020500
v 0.039680 -0.037460 -0.021070
v 0.039320 -0.037460 -0.021520
v 0.039070 -0.037460 -0.021680
v 0.038920 -0.037100 -0.022330
v 0.038510 -0.036060 -0.023210
v 0.039110 -0.036060 -0.023140
v 0.040190 -0.036060 -0.022620
v 0.041140 -0.036060 -0.021100
v 0.038510 -0.035420 -0.023430
v 0.039680 -0.036060 -0.022940
v 0.041360 -0.035420 -0.021150
v 0.039810 -0.034760 -0.023210
v 0.041430 -0.034760 -0.021170
v 0.039780 -0.035420 -0.023140
v 0.040790 -0.035420 -0.022330
v 0.040850 -0.034760 -0.022370
v 0.039160 -0.037680 -0.020650
v 0.039520 -0.037460 -0.021320
v 0.039030 -0.037680 -0.020920
v 0.038650 -0.037680 -0.021150
v 0.038800 -0.037460 -0.021770
v 0.039160 -0.035420 -0.023360
v 0.039670 -0.037100 -0.021970
v 0.039520 -0.036630 -0.022620
v 0.040330 -0.035420 -0.022790
v 0.039970 -0.037100 -0.021670
v 0.040940 -0.036060 -0.021680
v 0.040620 -0.036060 -0.022190
v 0.040190 -0.037100 -0.021320
v 0.039110 -0.037680 -0.020790
v 0.041140 -0.035420 -0.021770
v 0.040790 -0.036630 -0.021030
v 0.040620 -0.036630 -0.021520
v 0.039780 -0.037460 -0.020790
v -0.039160 -0.037680 -0.020650
v -0.039110 -0.037680 -0.020790
v -0.038800 -0.037680 -0.021100
v -0.038650 -0.037680 -0.021150
v -0.038510 -0.037680 -0.021170
v -0.039780 -0.037460 -0.020790
v -0.039810 -0.037460 -0.020500
v -0.040380 -0.037100 -0.020500
v -0.038510 -0.036630 -0.022850
v -0.039680 -0.037460 -0.021070
v -0.040330 -0.037100 -0.020920
v -0.040790 -0.036630 -0.021030
v -0.040190 -0.037100 -0.021320
v -0.041140 -0.036060 -0.021100
v -0.040620 -0.036060 -0.022190
v -0.039110 -0.036060 -0.023140
v -0.039030 -0.036630 -0.022790
v -0.040790 -0.035420 -0.022330
v -0.040330 -0.035420 -0.022790
v -0.038510 -0.036060 -0.023210
v -0.039160 -0.035420 -0.023360
v -0.038510 -0.035420 -0.023430
v -0.041140 -0.035420 -0.021770
v -0.041210 -0.034760 -0.021810
v -0.040850 -0.034760 -0.022370
v -0.041360 -0.035420 -0.021150
v -0.039780 -0.035420 -0.023140
v -0.038510 -0.037460 -0.021810
v -0.038800 -0.037460 -0.021770
v -0.038920 -0.037680 -0.021030
v -0.039030 -0.037680 -0.020920
v -0.040620 -0.036630 -0.021520
v -0.040340 -0.036630 -0.021970
v -0.040940 -0.036060 -0.021680
v -0.039520 -0.037460 -0.021320
v -0.039970 -0.037100 -0.021670
v -0.040190 -0.036060 -0.022620
v -0.039670 -0.037100 -0.021970
v -0.039320 -0.037100 -0.022190
v -0.039970 -0.036630 -0.022340
v -0.039320 -0.037460 -0.021520
v -0.039070 -0.037460 -0.021680
v -0.039680 -0.036060 -0.022940
v -0.039520 -0.036630 -0.022620
v -0.038920 -0.037100 -0.022330
v 0.039160 -0.037680 0.020650
v 0.038920 -0.037680 0.021030
v 0.038510 -0.037680 0.021170
v 0.040380 -0.037100 0.020500
v 0.040620 -0.036630 0.021520
v 0.039970 -0.036630 0.022340
v 0.039520 -0.036630 0.022620
v 0.038510 -0.037100 0.022370
v 0.038920 -0.037100 0.022330
v 0.039320 -0.037460 0.021520
v 0.040190 -0.037100 0.021320
v 0.039520 -0.037460 0.021320
v 0.039680 -0.037460 0.021070
v 0.040330 -0.037100 0.020920
v 0.040790 -0.036630 0.021030
v 0.040850 -0.036630 0.020500
v 0.038510 -0.036630 0.022850
v 0.039030 -0.036630 0.022790
v 0.039110 -0.036060 0.023140
v 0.041210 -0.036060 0.020500
v 0.041140 -0.036060 0.021110
v 0.041360 -0.035420 0.021150
v 0.041140 -0.035420 0.021770
v 0.040620 -0.036060 0.022190
v 0.040190 -0.036060 0.022620
v 0.040790 -0.035420 0.022330
v 0.040330 -0.035420 0.022790
v 0.038510 -0.036060 0.023210
v 0.039160 -0.035420 0.023360
v 0.041210 -0.034760 0.021810
v 0.038800 -0.037460 0.021770
v 0.038650 -0.037680 0.021150
v 0.038800 -0.037680 0.021110
v 0.039110 -0.037680 0.020790
v 0.039810 -0.037460 0.020500
v 0.040940 -0.036060 0.021680
v 0.039780 -0.037460 0.020790
v 0.039970 -0.037100 0.021670
v 0.039030 -0.037680 0.020920
v 0.040340 -0.036630 0.021970
v 0.039320 -0.037100 0.022190
v 0.039670 -0.037100 0.021970
v 0.039780 -0.035420 0.023140
v 0.039680 -0.036060 0.022940
v 0.039070 -0.037460 0.021680
v 0.039160 -0.002080 -0.023360
v 0.040380 -0.002750 -0.022850
v 0.040850 -0.002750 -0.022370
v 0.041140 -0.002080 -0.021770
v 0.041360 -0.002080 -0.021150
v 0.038510 -0.002080 -0.023430
v 0.038510 -0.001450 -0.023210
v 0.039110 -0.001450 -0.023140
v 0.039680 -0.001450 -0.022940
v 0.041430 -0.002080 -0.020500
v 0.041140 -0.001450 -0.021110
v 0.041210 -0.001450 -0.020500
v 0.038510 -0.000880 -0.022850
v 0.039520 -0.000880 -0.022620
v 0.040790 -0.000880 -0.021030
v 0.038920 -0.000400 -0.022330
v 0.039970 -0.000400 -0.021670
v 0.039320 -0.000050 -0.021520
v 0.039680 -0.000050 -0.021070
v 0.040380 -0.000400 -0.020500
v 0.039780 -0.000050 -0.020790
v 0.038510 -0.000050 -0.021810
v 0.038800 0.000170 -0.021110
v 0.038920 0.000170 -0.021030
v 0.039030 0.000170 -0.020920
v 0.039110 0.000170 -0.020790
v 0.039160 0.000170 -0.020650
v 0.039170 0.000170 -0.020500
v 0.039780 -0.002080 -0.023140
v 0.038800 -0.000050 -0.021770
v 0.038650 0.000170 -0.021150
v 0.039320 -0.000400 -0.022190
v 0.039030 -0.000880 -0.022790
v 0.040940 -0.001450 -0.021680
v 0.040330 -0.000400 -0.020920
v 0.040190 -0.000400 -0.021320
v 0.040620 -0.001450 -0.022190
v 0.040620 -0.000880 -0.021520
v 0.039520 -0.000050 -0.021320
v 0.040790 -0.002080 -0.022330
v 0.040330 -0.002080 -0.022790
v 0.039970 -0.000880 -0.022340
v 0.039670 -0.000400 -0.021970
v 0.040340 -0.000880 -0.021970
v 0.040190 -0.001450 -0.022620
v 0.039070 -0.000050 -0.021680
v -0.038650 -0.037680 0.021150
v -0.038800 -0.037680 0.021110
v -0.039110 -0.037680 0.020790
v -0.038510 -0.037100 0.022370
v -0.039970 -0.036630 0.022340
v -0.040190 -0.037100 0.021320
v -0.039520 -0.037460 0.021320
v -0.038920 -0.037100 0.022330
v -0.039070 -0.037460 0.021680
v -0.039030 -0.036630 0.022790
v -0.039320 -0.037100 0.022190
v -0.038510 -0.036630 0.022850
v -0.039680 -0.036060 0.022940
v -0.040190 -0.036060 0.022620
v -0.040790 -0.036630 0.021030
v -0.038510 -0.036060 0.023210
v -0.039110 -0.036060 0.023140
v -0.040620 -0.036060 0.022190
v -0.041210 -0.036060 0.020500
v -0.041140 -0.036060 0.021110
v -0.038510 -0.034760 0.023500
v -0.039780 -0.035420 0.023140
v -0.040380 -0.034760 0.022850
v -0.041140 -0.035420 0.021770
v -0.040850 -0.034760 0.022370
v -0.041510 -0.034760 0.020500
v -0.040790 -0.035420 0.022330
v -0.041360 -0.035420 0.021150
v -0.039170 -0.037680 0.020500
v -0.039160 -0.037680 0.020650
v -0.039680 -0.037460 0.021070
v -0.038800 -0.037460 0.021770
v -0.039160 -0.035420 0.023360
v -0.039320 -0.037460 0.021520
v -0.039520 -0.036630 0.022620
v -0.038920 -0.037680 0.021030
v -0.040330 -0.035420 0.022790
v -0.039670 -0.037100 0.021970
v -0.039970 -0.037100 0.021670
v -0.039030 -0.037680 0.020920
v -0.040340 -0.036630 0.021970
v -0.040940 -0.036060 0.021680
v -0.040330 -0.037100 0.020920
v -0.040620 -0.036630 0.021520
v -0.039780 -0.037460 0.020790
v -0.041210 -0.002750 -0.021810
v -0.041140 -0.002080 -0.021770
v -0.040330 -0.002080 -0.022790
v -0.039810 -0.002750 -0.023210
v -0.039170 -0.002750 -0.023430
v -0.039160 -0.002080 -0.023360
v -0.038510 -0.002080 -0.023430
v -0.041430 -0.002080 -0.020500
v -0.041210 -0.001450 -0.020500
v -0.041360 -0.002080 -0.021150
v -0.040790 -0.002080 -0.022330
v -0.040190 -0.001450 -0.022620
v -0.039680 -0.001450 -0.022940
v -0.041140 -0.001450 -0.021110
v -0.040790 -0.000880 -0.021030
v -0.040620 -0.000880 -0.021520
v -0.040340 -0.000880 -0.021970
v -0.039110 -0.001450 -0.023140
v -0.039520 -0.000880 -0.022620
v -0.040380 -0.000400 -0.020500
v -0.040330 -0.000400 -0.020920
v -0.038510 -0.000400 -0.022370
v -0.039030 -0.000880 -0.022790
v -0.038920 -0.000400 -0.022330
v -0.039680 -0.000050 -0.021070
v -0.039670 -0.000400 -0.021970
v -0.039520 -0.000050 -0.021320
v -0.039320 -0.000050 -0.021520
v -0.038800 -0.000050 -0.021770
v -0.039170 0.000170 -0.020500
v -0.039780 -0.000050 -0.020790
v -0.039110 0.000170 -0.020790
v -0.039070 -0.000050 -0.021680
v -0.038920 0.000170 -0.021030
v -0.038650 0.000170 -0.021150
v -0.038800 0.000170 -0.021110
v -0.040850 -0.002750 -0.022370
v -0.039160 0.000170 -0.020650
v -0.039320 -0.000400 -0.022190
v -0.039780 -0.002080 -0.023140
v -0.040620 -0.001450 -0.022190
v -0.039970 -0.000400 -0.021670
v -0.039970 -0.000880 -0.022340
v -0.039030 0.000170 -0.020920
v -0.040940 -0.001450 -0.021680
v -0.040190 -0.000400 -0.021320
v -0.025670 -0.001760 -0.023340
v -0.025670 -0.001150 -0.023040
v 0.025670 0.000230 -0.020840
v 0.038510 0.000170 -0.021170
v 0.025670 0.000080 -0.021490
v 0.012840 -0.000210 -0.022100
v -0.012840 -0.001150 -0.023040
v -0.012840 -0.001760 -0.023340
v -0.038510 -0.001450 -0.023210
v -0.038510 -0.000880 -0.022850
v -0.025670 -0.000630 -0.022630
v 0.000000 -0.000210 -0.022100
v 0.012840 0.000230 -0.020840
v -0.025670 -0.000210 -0.022100
v -0.012840 -0.000210 -0.022100
v 0.000000 0.000080 -0.021490
v -0.038510 -0.000050 -0.021810
v -0.038510 0.000170 -0.021170
v -0.025670 0.000080 -0.021490
v -0.025670 0.000230 -0.020840
v -0.012840 0.000230 -0.020840
v 0.038510 -0.000400 -0.022370
v -0.025670 -0.002410 -0.023480
v 0.000000 -0.002410 -0.023480
v -0.012840 -0.002410 -0.023480
v 0.000000 -0.001760 -0.023340
v 0.025670 -0.001150 -0.023040
v 0.038510 -0.002750 -0.023500
v 0.025670 -0.001760 -0.023340
v 0.012840 -0.002410 -0.023480
v 0.025670 -0.002410 -0.023480
v 0.012840 -0.001760 -0.023340
v 0.000000 -0.001150 -0.023040
v -0.012840 -0.000630 -0.022630
v 0.012840 -0.001150 -0.023040
v 0.000000 -0.000630 -0.022630
v 0.025670 -0.000210 -0.022100
v 0.025670 -0.000630 -0.022630
v 0.012840 -0.000630 -0.022630
v -0.012840 0.000080 -0.021490
v 0.012840 0.000080 -0.021490
v 0.000000 0.000230 -0.020840
v 0.041140 -0.002080 0.021770
v 0.039810 -0.002750 0.023210
v 0.041210 -0.001450 0.020500
v 0.041360 -0.002080 0.021150
v 0.039780 -0.002080 0.023140
v 0.039160 -0.002080 0.023360
v 0.039680 -0.001450 0.022940
v 0.039110 -0.001450 0.023140
v 0.038510 -0.002080 0.023430
v 0.041140 -0.001450 0.021110
v 0.040940 -0.001450 0.021680
v 0.040620 -0.000880 0.021520
v 0.039970 -0.000880 0.022340
v 0.039520 -0.000880 0.022620
v 0.038510 -0.001450 0.023210
v 0.039030 -0.000880 0.022790
v 0.038510 -0.000880 0.022850
v 0.040790 -0.000880 0.021030
v 0.040330 -0.000400 0.020920
v 0.040190 -0.000400 0.021320
v 0.039320 -0.000400 0.022190
v 0.039520 -0.000050 0.021320
v 0.038920 -0.000400 0.022330
v 0.039170 0.000170 0.020500
v 0.039160 0.000170 0.020650
v 0.039320 -0.000050 0.021520
v 0.038650 0.000170 0.021150
v 0.038510 0.000170 0.021170
v 0.038510 -0.000050 0.021810
v 0.038800 0.000170 0.021110
v 0.038920 0.000170 0.021030
v 0.040330 -0.002080 0.022790
v 0.040850 -0.002750 0.022370
v 0.040790 -0.002080 0.022330
v 0.041210 -0.002750 0.021810
v 0.041430 -0.002750 0.021170
v 0.039780 -0.000050 0.020790
v 0.039070 -0.000050 0.021680
v 0.038800 -0.000050 0.021770
v 0.040190 -0.001450 0.022620
v 0.039970 -0.000400 0.021670
v 0.040340 -0.000880 0.021970
v 0.039670 -0.000400 0.021970
v 0.039030 0.000170 0.020920
v 0.040620 -0.001450 0.022190
v 0.039110 0.000170 0.020790
v 0.039680 -0.000050 0.021070
v -0.041510 -0.002750 0.020500
v -0.040340 -0.000880 0.021970
v -0.039970 -0.000400 0.021670
v -0.040850 -0.002750 0.022370
v -0.040330 -0.002080 0.022790
v -0.040190 -0.001450 0.022620
v -0.039030 -0.000880 0.022790
v -0.038510 -0.000400 0.022370
v -0.038920 -0.000400 0.022330
v -0.038510 -0.000050 0.021810
v -0.038510 0.000170 0.021170
v -0.039070 -0.000050 0.021680
v -0.039670 -0.000400 0.021970
v -0.039320 -0.000400 0.022190
v -0.039520 -0.000880 0.022620
v -0.038510 -0.000880 0.022850
v -0.039160 -0.002080 0.023360
v -0.039810 -0.002750 0.023210
v -0.039030 0.000170 0.020920
v -0.038800 0.000170 0.021110
v -0.038650 0.000170 0.021150
v -0.039780 -0.000050 0.020790
v -0.039520 -0.000050 0.021320
v -0.040850 -0.000880 0.020500
v -0.040790 -0.000880 0.021030
v -0.041210 -0.001450 0.020500
v -0.041140 -0.001450 0.021110
v -0.040620 -0.000880 0.021520
v -0.040940 -0.001450 0.021680
v -0.041360 -0.002080 0.021150
v -0.040620 -0.001450 0.022190
v -0.039970 -0.000880 0.022340
v -0.040330 -0.000400 0.020920
v -0.039110 0.000170 0.020790
v -0.039160 0.000170 0.020650
v -0.039170 0.000170 0.020500
v -0.041140 -0.002080 0.021770
v -0.040790 -0.002080 0.022330
v -0.040190 -0.000400 0.021320
v -0.039680 -0.000050 0.021070
v -0.038920 0.000170 0.021030
v -0.039320 -0.000050 0.021520
v -0.039680 -0.001450 0.022940
v -0.039780 -0.002080 0.023140
v -0.038800 -0.000050 0.021770
v -0.039110 -0.001450 0.023140
v 0.025670 -0.001760 0.023340
v 0.012840 -0.000630 0.022630
v -0.012840 0.000080 0.021490
v -0.025670 0.000080 0.021490
v -0.012840 -0.000210 0.022100
v -0.025670 -0.000210 0.022100
v 0.012840 -0.001760 0.023340
v 0.025670 -0.001150 0.023040
v 0.012840 -0.001150 0.023040
v 0.000000 -0.000210 0.022100
v 0.000000 0.000080 0.021490
v -0.025670 0.000230 0.020840
v -0.012840 0.000230 0.020840
v 0.038510 -0.000400 0.022370
v 0.025670 0.000230 0.020840
v 0.038510 -0.002750 0.023500
v 0.025670 -0.002410 0.023480
v 0.012840 -0.002410 0.023480
v -0.025670 -0.001150 0.023040
v -0.012840 -0.001760 0.023340
v 0.000000 -0.001760 0.023340
v 0.000000 -0.002410 0.023480
v -0.038510 -0.001450 0.023210
v -0.025670 -0.001760 0.023340
v -0.012840 -0.002410 0.023480
v -0.038510 -0.002750 0.023500
v -0.025670 -0.002410 0.023480
v -0.038510 -0.002080 0.023430
v 0.000000 -0.001150 0.023040
v -0.012840 -0.001150 0.023040
v 0.000000 -0.000630 0.022630
v -0.025670 -0.000630 0.022630
v 0.025670 -0.000210 0.022100
v 0.025670 -0.000630 0.022630
v 0.012840 -0.000210 0.022100
v -0.012840 -0.000630 0.022630
v 0.025670 0.000080 0.021490
v 0.012840 0.000080 0.021490
v 0.000000 0.000230 0.020840
v 0.012840 0.000230 0.020840
v -0.041490 -0.002410 0.006830
v -0.041430 -0.002080 0.020500
v -0.040850 -0.000880 -0.020500
v -0.041340 -0.001760 0.006830
v -0.041340 -0.001760 -0.006830
v -0.041050 -0.001150 -0.006830
v -0.040630 -0.000630 -0.006830
v -0.040630 -0.000630 0.006830
v -0.039810 -0.000050 -0.020500
v -0.040380 -0.000400 0.020500
v -0.040100 -0.000210 -0.006830
v -0.040100 -0.000210 0.006830
v -0.038840 0.000230 -0.006830
v -0.039810 -0.000050 0.020500
v -0.038840 0.000230 0.006830
v -0.041490 -0.002410 -0.006830
v -0.041050 -0.001150 0.006830
v -0.039500 0.000080 0.006830
v -0.039500 0.000080 -0.006830
v -0.038510 -0.019150 0.023500
v -0.039500 -0.023090 0.023340
v -0.040100 -0.023090 0.023040
v -0.040630 -0.023090 0.022630
v -0.041340 -0.023090 0.021490
v -0.041490 -0.023090 0.020840
v -0.041430 -0.034760 0.021170
v -0.039170 -0.034760 0.023430
v -0.041430 -0.019150 0.021170
v -0.041210 -0.034760 0.021810
v -0.041050 -0.023090 0.022100
v -0.039810 -0.034760 0.023210
v -0.038840 -0.023090 0.023480
v 0.041050 -0.023090 0.022100
v 0.040100 -0.023090 0.023040
v 0.039170 -0.019150 0.023430
v 0.038840 -0.023090 0.023480
v 0.038510 -0.034760 0.023500
v 0.041340 -0.023090 0.021490
v 0.041430 -0.034760 0.021170
v 0.040850 -0.019150 0.022370
v 0.040380 -0.034760 0.022850
v 0.040380 -0.019150 0.022850
v 0.040630 -0.023090 0.022630
v 0.039810 -0.019150 0.023210
v 0.039810 -0.034760 0.023210
v 0.039170 -0.034760 0.023430
v 0.039500 -0.023090 0.023340
v 0.038510 -0.019150 0.023500
v 0.040850 -0.034760 0.022370
v 0.041510 -0.034760 0.020500
v 0.041490 -0.023090 0.020840
v 0.041050 -0.001150 0.006830
v 0.041050 -0.001150 -0.006830
v 0.040850 -0.000880 0.020500
v 0.040630 -0.000630 0.006830
v 0.041340 -0.001760 -0.006830
v 0.041340 -0.001760 0.006830
v 0.041490 -0.002410 -0.006830
v 0.040850 -0.000880 -0.020500
v 0.040380 -0.000400 0.020500
v 0.040100 -0.000210 0.006830
v 0.039810 -0.000050 0.020500
v 0.039500 0.000080 0.006830
v 0.039810 -0.000050 -0.020500
v 0.038510 0.000250 0.020500
v 0.038840 0.000230 0.006830
v 0.039500 0.000080 -0.006830
v 0.038840 0.000230 -0.006830
v 0.041430 -0.002080 0.020500
v 0.041490 -0.002410 0.006830
v 0.040100 -0.000210 -0.006830
v 0.040630 -0.000630 -0.006830
v -0.039810 -0.037460 0.020500
v -0.039500 -0.037590 0.006830
v -0.040100 -0.037300 0.006830
v -0.040100 -0.037300 -0.006830
v -0.039500 -0.037590 -0.006830
v -0.040380 -0.037100 0.020500
v -0.041050 -0.036350 -0.006830
v -0.040850 -0.036630 -0.020500
v -0.040630 -0.036880 -0.006830
v -0.041430 -0.035420 -0.020500
v -0.041210 -0.036060 -0.020500
v -0.041340 -0.035750 -0.006830
v -0.040850 -0.036630 0.020500
v -0.041050 -0.036350 0.006830
v -0.041430 -0.035420 0.020500
v -0.041490 -0.035090 -0.006830
v -0.041490 -0.035090 0.006830
v -0.041510 -0.034760 -0.020500
v -0.039170 -0.037680 -0.020500
v -0.038840 -0.037740 0.006830
v -0.038840 -0.037740 -0.006830
v -0.040630 -0.036880 0.006830
v -0.041340 -0.035750 0.006830
v 0.025670 -0.037590 0.021490
v 0.038510 -0.037460 0.021810
v 0.012840 -0.037300 0.022100
v 0.025670 -0.037300 0.022100
v -0.038510 -0.035420 0.023430
v -0.025670 -0.035750 0.023340
v -0.025670 -0.036350 0.023040
v 0.025670 -0.036880 0.022630
v -0.012840 -0.035750 0.023340
v -0.012840 -0.035090 0.023480
v -0.025670 -0.035090 0.023480
v 0.025670 -0.036350 0.023040
v 0.012840 -0.035750 0.023340
v 0.000000 -0.035090 0.023480
v 0.000000 -0.035750 0.023340
v 0.025670 -0.035750 0.023340
v 0.038510 -0.035420 0.023430
v 0.025670 -0.035090 0.023480
v -0.025670 -0.036880 0.022630
v -0.012840 -0.036880 0.022630
v 0.000000 -0.037590 0.021490
v 0.025670 -0.037740 0.020840
v 0.012840 -0.037590 0.021490
v 0.012840 -0.037740 0.020840
v -0.012840 -0.037300 0.022100
v 0.000000 -0.037740 0.020840
v -0.025670 -0.037300 0.022100
v -0.012840 -0.037590 0.021490
v 0.038510 -0.037760 0.020500
v -0.038510 -0.037460 0.021810
v -0.038510 -0.037760 0.020500
v -0.025670 -0.037590 0.021490
v -0.025670 -0.037740 0.020840
v -0.038510 -0.037680 0.021170
v -0.012840 -0.037740 0.020840
v 0.000000 -0.037300 0.022100
v 0.000000 -0.036880 0.022630
v 0.000000 -0.036350 0.023040
v 0.012840 -0.036880 0.022630
v 0.012840 -0.036350 0.023040
v -0.012840 -0.036350 0.023040
v 0.012840 -0.035090 0.023480
v 0.038510 -0.034760 -0.023500
v 0.038840 -0.023090 -0.023480
v 0.040100 -0.023090 -0.023040
v 0.040380 -0.034760 -0.022850
v 0.040850 -0.019150 -0.022370
v 0.041210 -0.034760 -0.021810
v 0.041430 -0.019150 -0.021170
v 0.041490 -0.023090 -0.020840
v 0.039500 -0.023090 -0.023340
v 0.039810 -0.019150 -0.023210
v 0.040380 -0.019150 -0.022850
v 0.040630 -0.023090 -0.022630
v 0.041340 -0.023090 -0.021490
v 0.041050 -0.023090 -0.022100
v 0.039170 -0.034760 -0.023430
v 0.039170 -0.037680 -0.020500
v 0.038840 -0.037740 -0.006830
v 0.039500 -0.037590 -0.006830
v 0.040630 -0.036880 0.006830
v 0.040100 -0.037300 0.006830
v 0.040100 -0.037300 -0.006830
v 0.041050 -0.036350 0.006830
v 0.040630 -0.036880 -0.006830
v 0.041340 -0.035750 0.006830
v 0.040850 -0.036630 -0.020500
v 0.041050 -0.036350 -0.006830
v 0.041210 -0.036060 -0.020500
v 0.041340 -0.035750 -0.006830
v 0.041430 -0.035420 0.020500
v 0.041490 -0.035090 0.006830
v 0.041490 -0.035090 -0.006830
v 0.041430 -0.035420 -0.020500
v 0.041510 -0.034760 -0.020500
v 0.039170 -0.037680 0.020500
v 0.039500 -0.037590 0.006830
v 0.038840 -0.037740 0.006830
v -0.025670 -0.037740 -0.020840
v -0.025670 -0.037300 -0.022100
v -0.012840 -0.037300 -0.022100
v 0.000000 -0.036880 -0.022630
v 0.000000 -0.036350 -0.023040
v 0.012840 -0.035750 -0.023340
v 0.025670 -0.035090 -0.023480
v -0.025670 -0.037590 -0.021490
v -0.038510 -0.037100 -0.022370
v 0.012840 -0.035090 -0.023480
v -0.012840 -0.035750 -0.023340
v 0.000000 -0.035090 -0.023480
v -0.025670 -0.035750 -0.023340
v -0.012840 -0.035090 -0.023480
v -0.038510 -0.034760 -0.023500
v -0.025670 -0.035090 -0.023480
v 0.012840 -0.037300 -0.022100
v 0.000000 -0.037590 -0.021490
v -0.012840 -0.037740 -0.020840
v 0.038510 -0.036630 -0.022850
v 0.025670 -0.037300 -0.022100
v 0.012840 -0.037590 -0.021490
v 0.000000 -0.037740 -0.020840
v 0.038510 -0.037760 -0.020500
v 0.038510 -0.037460 -0.021810
v 0.038510 -0.037680 -0.021170
v 0.025670 -0.037740 -0.020840
v 0.012840 -0.037740 -0.020840
v 0.000000 -0.037300 -0.022100
v -0.012840 -0.037590 -0.021490
v 0.025670 -0.037590 -0.021490
v -0.012840 -0.036880 -0.022630
v 0.012840 -0.036880 -0.022630
v -0.012840 -0.036350 -0.023040
v -0.025670 -0.036880 -0.022630
v 0.012840 -0.036350 -0.023040
v 0.025670 -0.036350 -0.023040
v 0.025670 -0.036880 -0.022630
v -0.025670 -0.036350 -0.023040
v 0.025670 -0.035750 -0.023340
v 0.000000 -0.035750 -0.023340
v 0.032280 0.000250 -0.002230
v 0.031830 0.000250 -0.001780
v 0.035830 0.000250 -0.002230
v 0.036830 0.000250 -0.000630
v 0.035290 0.000250 0.002570
v 0.034690 0.000250 0.002780
v 0.016000 0.000250 0.009290
v 0.032280 0.000250 0.002230
v 0.031210 0.000250 -0.000000
v 0.018490 0.000250 -0.000720
v 0.016000 0.000250 -0.009290
v 0.015150 0.000250 0.010620
v 0.011980 0.000250 0.014100
v 0.010740 0.000250 0.015070
v 0.006580 0.000250 0.017290
v 0.005090 0.000250 0.017790
v 0.003560 0.000250 0.018160
v 0.002000 0.000250 0.018390
v -0.005090 0.000250 0.017790
v -0.038510 0.000250 0.020500
v -0.013140 0.000250 0.013030
v -0.011980 0.000250 0.014100
v -0.016000 0.000250 0.009290
v -0.036280 0.000250 -0.001780
v -0.035830 0.000250 -0.002230
v -0.038510 0.000250 -0.020500
v -0.016000 0.000250 -0.009290
v -0.033420 0.000250 -0.002780
v -0.032820 0.000250 -0.002570
v -0.032280 0.000250 -0.002230
v -0.018380 0.000250 -0.002150
v -0.018490 0.000250 0.000720
v -0.032280 0.000250 0.002230
v -0.031280 0.000250 0.000630
v -0.018380 0.000250 0.002150
v 0.002750 0.000250 0.009970
v -0.001770 0.000250 0.007700
v 0.001770 0.000250 0.007700
v 0.001230 0.000250 0.007350
v -0.000630 0.000250 0.007130
v 0.000630 0.000250 0.007130
v 0.002000 0.000250 0.011690
v -0.002380 0.000250 0.011180
v -0.002630 0.000250 0.010590
v -0.002000 0.000250 -0.018390
v 0.038510 0.000250 -0.020500
v 0.006580 0.000250 -0.017290
v 0.009420 0.000250 -0.015930
v 0.010740 0.000250 -0.015070
v 0.002380 0.000250 -0.011180
v -0.002380 0.000250 -0.011180
v 0.002710 0.000250 -0.009330
v -0.002710 0.000250 -0.009330
v 0.001230 0.000250 -0.007350
v 0.002630 0.000250 -0.010590
v 0.002750 0.000250 -0.009970
v 0.002530 0.000250 -0.008720
v 0.002210 0.000250 -0.008160
v -0.002210 0.000250 -0.008160
v 0.001770 0.000250 -0.007700
v -0.001770 0.000250 -0.007700
v -0.001230 0.000250 -0.007350
v 0.041510 -0.019150 -0.020500
v -0.033740 -0.037760 0.012000
v -0.033420 -0.037760 0.012420
v -0.027670 -0.037760 0.018170
v -0.026770 -0.037760 0.018690
v -0.026250 -0.037760 0.018750
v -0.025740 -0.037760 0.018690
v -0.025250 -0.037760 0.018490
v -0.015920 -0.037760 0.012420
v -0.019090 -0.037760 0.012420
v -0.016500 -0.037760 -0.011000
v -0.018500 -0.037760 -0.011000
v -0.016430 -0.037760 -0.011520
v -0.019090 -0.037760 -0.012420
v -0.009270 -0.037760 -0.018680
v -0.025250 -0.037760 -0.018490
v -0.008750 -0.037760 -0.018750
v -0.025740 -0.037760 -0.018680
v -0.038510 -0.037760 -0.020500
v -0.033420 -0.037760 -0.012420
v -0.033740 -0.037760 -0.012000
v -0.018570 -0.037760 0.011520
v -0.016230 -0.037760 -0.012000
v 0.008750 -0.037760 -0.018750
v 0.026250 -0.037760 -0.018750
v 0.027670 -0.037760 -0.018170
v 0.033940 -0.037760 -0.011520
v 0.033740 -0.037760 -0.012000
v 0.034010 -0.037760 0.011000
v 0.034010 -0.037760 -0.011000
v 0.026770 -0.037760 0.018690
v 0.026250 -0.037760 0.018750
v 0.009750 -0.037760 0.018490
v 0.018570 -0.037760 0.011520
v 0.018770 -0.037760 -0.012000
v 0.016230 -0.037760 -0.012000
v 0.009750 -0.037760 -0.018490
v 0.009270 -0.037760 -0.018680
v -0.008230 -0.037760 0.018690
v 0.007750 -0.037760 0.018490
v 0.007340 -0.037760 0.018170
v -0.007340 -0.037760 0.018170
v -0.001070 -0.037760 0.011520
v -0.001000 -0.037760 0.011000
v -0.007750 -0.037760 -0.018490
v 0.008230 -0.037760 -0.018680
v 0.001270 -0.037760 0.012000
v 0.001000 -0.037760 0.011000
v -0.001000 -0.037760 -0.011000
v -0.001590 -0.037760 -0.012420
v 0.025250 -0.037760 0.018490
v 0.016230 -0.037760 0.012000
v 0.016430 -0.037760 0.011520
v 0.018570 -0.037760 -0.011520
v 0.016430 -0.037760 -0.011520
v 0.015920 -0.037760 -0.012420
v -0.011700 0.035410 -0.000000
v -0.011630 0.035410 0.000580
v -0.011400 0.035690 0.001120
v -0.010530 0.036240 0.001860
v -0.009830 0.037170 0.001480
v -0.011060 0.035410 0.001610
v -0.011050 0.035690 0.001600
v -0.009950 0.036740 0.001840
v -0.010030 0.036240 0.002090
v -0.009470 0.036740 0.001930
v -0.009060 0.037170 0.001530
v -0.009110 0.037690 0.000510
v -0.010600 0.035690 0.001970
v -0.009490 0.036240 0.002190
v -0.008890 0.037490 0.000990
v -0.010080 0.035410 0.002240
v -0.008830 0.037690 0.000210
v -0.008420 0.036240 0.001990
v -0.008340 0.037490 0.000400
v -0.008910 0.035690 0.002290
v -0.007950 0.036240 0.001690
v -0.008270 0.037490 0.000140
v -0.008910 0.035410 0.002310
v -0.007860 0.035690 0.001800
v -0.007790 0.036740 0.001140
v -0.008270 0.037490 -0.000140
v -0.007460 0.035690 0.001370
v -0.007180 0.035690 0.000860
v -0.007810 0.037170 -0.000200
v -0.007170 0.036240 0.000280
v -0.007170 0.036240 -0.000280
v -0.007900 0.037170 -0.000570
v -0.007040 0.035690 -0.000290
v -0.009110 0.037690 -0.000510
v -0.009250 0.037690 -0.000550
v -0.007570 0.036240 -0.001290
v -0.007020 0.035410 -0.000290
v -0.007170 0.035410 -0.000870
v -0.008120 0.036740 -0.001490
v -0.009150 0.037490 -0.001070
v -0.008420 0.036240 -0.001990
v -0.008940 0.036240 -0.002160
v -0.009470 0.036740 -0.001930
v -0.009450 0.037170 -0.001560
v -0.009830 0.037170 -0.001480
v -0.008360 0.035690 -0.002110
v -0.008910 0.035690 -0.002290
v -0.010190 0.037170 -0.001320
v -0.009940 0.037490 -0.000920
v -0.010030 0.036240 -0.002090
v -0.009500 0.035410 -0.002350
v -0.010070 0.035690 -0.002220
v -0.010310 0.037490 -0.000530
v -0.010410 0.037490 -0.000270
v -0.009910 0.037690 -0.000000
v -0.010600 0.035690 -0.001970
v -0.010950 0.036240 -0.001500
v -0.010760 0.036740 -0.001320
v -0.009900 0.037690 0.000140
v -0.011050 0.036740 -0.000930
v -0.011280 0.036240 -0.001060
v -0.011060 0.035410 -0.001610
v -0.009760 0.037690 0.000390
v -0.011400 0.035690 -0.001120
v -0.011480 0.036240 -0.000550
v -0.011550 0.036240 -0.000000
v -0.011290 0.036740 -0.000000
v -0.010310 0.037490 0.000530
v -0.011610 0.035690 -0.000580
v -0.011630 0.035410 -0.000580
v -0.011680 0.035690 -0.000000
v -0.011230 0.036740 0.000480
v -0.011050 0.036740 0.000930
v -0.010490 0.037170 0.001070
v -0.009940 0.037490 0.000920
v -0.009650 0.037690 0.000470
v -0.011610 0.035690 0.000580
v -0.011480 0.036240 0.000550
v -0.008990 0.037690 -0.000430
v -0.008990 0.037690 0.000430
v -0.009840 0.037690 -0.000270
v -0.009760 0.037690 -0.000390
v -0.009530 0.037690 -0.000530
v -0.008830 0.037690 -0.000210
v -0.008790 0.037690 -0.000070
v -0.009350 0.037760 -0.000000
v -0.008900 0.037690 0.000330
v -0.009250 0.037690 0.000550
v -0.009420 0.037490 0.001090
v -0.009690 0.037490 0.001040
v -0.010190 0.037170 0.001320
v -0.010950 0.036240 0.001500
v -0.011280 0.036240 0.001060
v -0.009530 0.037690 0.000530
v -0.009840 0.037690 0.000270
v -0.010860 0.037170 0.000390
v -0.010910 0.037170 -0.000000
v -0.010440 0.037490 -0.000000
v -0.010410 0.037490 0.000270
v -0.010720 0.037170 0.000750
v -0.010760 0.036740 0.001320
v -0.010150 0.037490 0.000750
v -0.010390 0.036740 0.001630
v -0.010070 0.035690 0.002220
v -0.009450 0.037170 0.001560
v -0.009500 0.035690 0.002330
v -0.008940 0.036240 0.002160
v -0.009390 0.037690 0.000560
v -0.008990 0.036740 0.001900
v -0.008530 0.036740 0.001750
v -0.009150 0.037490 0.001070
v -0.008360 0.035690 0.002110
v -0.008360 0.037170 0.001200
v -0.008120 0.036740 0.001490
v -0.008660 0.037490 0.000840
v -0.008690 0.037170 0.001410
v -0.007570 0.036240 0.001290
v -0.008090 0.037170 0.000920
v -0.007550 0.036740 0.000710
v -0.007310 0.036240 0.000810
v -0.007900 0.037170 0.000570
v -0.008470 0.037490 0.000640
v -0.008790 0.037690 0.000070
v -0.007040 0.035690 0.000290
v -0.007430 0.036740 -0.000240
v -0.007430 0.036740 0.000240
v -0.007810 0.037170 0.000200
v -0.007180 0.035690 -0.000860
v -0.008340 0.037490 -0.000400
v -0.007460 0.035690 -0.001370
v -0.007790 0.036740 -0.001140
v -0.007310 0.036240 -0.000810
v -0.007550 0.036740 -0.000710
v -0.008090 0.037170 -0.000920
v -0.008900 0.037690 -0.000330
v -0.008470 0.037490 -0.000640
v -0.008360 0.037170 -0.001200
v -0.007860 0.035690 -0.001800
v -0.008530 0.036740 -0.001750
v -0.007950 0.036240 -0.001690
v -0.008690 0.037170 -0.001410
v -0.008660 0.037490 -0.000840
v -0.008890 0.037490 -0.000990
v -0.008990 0.036740 -0.001900
v -0.009060 0.037170 -0.001530
v -0.009390 0.037690 -0.000560
v -0.009420 0.037490 -0.001090
v -0.009500 0.035690 -0.002330
v -0.009490 0.036240 -0.002190
v -0.009950 0.036740 -0.001840
v -0.010390 0.036740 -0.001630
v -0.009650 0.037690 -0.000470
v -0.009690 0.037490 -0.001040
v -0.010530 0.036240 -0.001860
v -0.010150 0.037490 -0.000750
v -0.011050 0.035690 -0.001600
v -0.010720 0.037170 -0.000750
v -0.010490 0.037170 -0.001070
v -0.011230 0.036740 -0.000480
v -0.010860 0.037170 -0.000390
v -0.009900 0.037690 -0.000140
v -0.011630 0.018250 0.000580
v -0.011700 0.018250 -0.000000
v -0.011410 0.026830 0.001130
v -0.011410 0.018250 0.001130
v -0.010610 0.035410 0.001980
v -0.011410 0.035410 0.001130
v -0.011410 0.035410 -0.001130
v -0.010610 0.035410 -0.001980
v -0.010080 0.035410 -0.002240
v -0.008910 0.035410 -0.002310
v -0.007850 0.035410 -0.001810
v -0.007170 0.026830 -0.000870
v -0.007450 0.035410 -0.001380
v -0.007020 0.026830 0.000290
v -0.007020 0.035410 0.000290
v -0.007170 0.026830 0.000870
v -0.007170 0.035410 0.000870
v -0.007450 0.035410 0.001380
v -0.007850 0.035410 0.001810
v -0.008910 0.026830 0.002310
v -0.009500 0.035410 0.002350
v -0.011060 0.026830 0.001610
v -0.010610 0.026830 0.001980
v -0.011060 0.018250 0.001610
v -0.010610 0.018250 0.001980
v -0.010080 0.026830 0.002240
v -0.010080 0.018250 0.002240
v -0.009500 0.026830 0.002350
v -0.008350 0.035410 0.002130
v -0.008910 0.018250 0.002310
v -0.008350 0.026830 0.002130
v -0.008350 0.018250 0.002130
v -0.007850 0.018250 0.001810
v -0.007850 0.026830 0.001810
v -0.007450 0.026830 0.001380
v -0.007170 0.018250 0.000870
v -0.007020 0.026830 -0.000290
v -0.007170 0.018250 -0.000870
v -0.007450 0.026830 -0.001380
v -0.007850 0.026830 -0.001810
v -0.007850 0.018250 -0.001810
v -0.008350 0.035410 -0.002130
v -0.008350 0.026830 -0.002130
v -0.008910 0.026830 -0.002310
v -0.008350 0.018250 -0.002130
v -0.009500 0.026830 -0.002350
v -0.010080 0.026830 -0.002240
v -0.009500 0.018250 -0.002350
v -0.010610 0.026830 -0.001980
v -0.011060 0.018250 -0.001610
v -0.011060 0.026830 -0.001610
v -0.011410 0.026830 -0.001130
v -0.011410 0.018250 -0.001130
v -0.011630 0.026830 -0.000580
v -0.011630 0.018250 -0.000580
v -0.011700 0.026830 -0.000000
v -0.011630 0.026830 0.000580
v 0.007070 0.035410 0.000580
v 0.007650 0.035690 0.001600
v 0.008170 0.036240 0.001860
v 0.008750 0.036740 0.001840
v 0.009250 0.037170 0.001560
v 0.009460 0.037690 0.000550
v 0.007290 0.035410 0.001130
v 0.007640 0.035410 0.001610
v 0.009560 0.037490 0.001070
v 0.009590 0.037690 0.000510
v 0.009710 0.037690 0.000430
v 0.008100 0.035690 0.001970
v 0.008630 0.035690 0.002220
v 0.010020 0.037170 0.001410
v 0.008090 0.035410 0.001980
v 0.008630 0.035410 0.002240
v 0.010050 0.037490 0.000840
v 0.010350 0.037170 0.001200
v 0.009810 0.037690 0.000330
v 0.009870 0.037690 0.000210
v 0.009210 0.035690 0.002330
v 0.009200 0.035410 0.002350
v 0.010580 0.036740 0.001490
v 0.010240 0.037490 0.000640
v 0.010610 0.037170 0.000920
v 0.009910 0.037690 0.000070
v 0.010750 0.036240 0.001690
v 0.010370 0.037490 0.000400
v 0.010440 0.037490 0.000140
v 0.009910 0.037690 -0.000070
v 0.010840 0.035690 0.001800
v 0.011130 0.036240 0.001290
v 0.011150 0.036740 0.000710
v 0.009870 0.037690 -0.000210
v 0.010370 0.037490 -0.000400
v 0.011240 0.035690 0.001370
v 0.011530 0.036240 0.000280
v 0.011270 0.036740 -0.000240
v 0.010240 0.037490 -0.000640
v 0.011670 0.035690 0.000290
v 0.011680 0.035410 0.000290
v 0.009590 0.037690 -0.000510
v 0.011680 0.035410 -0.000290
v 0.011670 0.035690 -0.000290
v 0.011130 0.036240 -0.001290
v 0.010350 0.037170 -0.001200
v 0.009820 0.037490 -0.000990
v 0.010180 0.036740 -0.001750
v 0.009560 0.037490 -0.001070
v 0.011240 0.035690 -0.001370
v 0.010840 0.035690 -0.001800
v 0.010290 0.036240 -0.001990
v 0.009050 0.037690 -0.000470
v 0.009760 0.036240 -0.002160
v 0.009210 0.036240 -0.002190
v 0.008750 0.036740 -0.001840
v 0.009790 0.035410 -0.002310
v 0.009790 0.035690 -0.002290
v 0.008670 0.036240 -0.002090
v 0.008520 0.037170 -0.001320
v 0.008810 0.037690 -0.000140
v 0.009210 0.035690 -0.002330
v 0.009200 0.035410 -0.002350
v 0.008170 0.036240 -0.001860
v 0.008220 0.037170 -0.001070
v 0.007990 0.037170 -0.000750
v 0.008790 0.037690 -0.000000
v 0.008630 0.035690 -0.002220
v 0.007750 0.036240 -0.001500
v 0.008260 0.037490 -0.000000
v 0.008100 0.035690 -0.001970
v 0.007430 0.036240 -0.001060
v 0.007790 0.037170 -0.000000
v 0.007640 0.035410 -0.001610
v 0.007220 0.036240 -0.000550
v 0.007420 0.036740 -0.000000
v 0.007840 0.037170 0.000390
v 0.008860 0.037690 0.000270
v 0.007310 0.035690 -0.001120
v 0.007150 0.036240 -0.000000
v 0.008390 0.037490 0.000530
v 0.008560 0.037490 0.000750
v 0.008940 0.037690 0.000390
v 0.007290 0.035410 -0.001130
v 0.007090 0.035690 -0.000580
v 0.009050 0.037690 0.000470
v 0.007020 0.035690 -0.000000
v 0.007940 0.036740 0.001320
v 0.008770 0.037490 0.000920
v 0.009010 0.037490 0.001040
v 0.008810 0.037690 0.000140
v 0.008860 0.037690 -0.000270
v 0.008940 0.037690 -0.000390
v 0.009180 0.037690 -0.000530
v 0.009710 0.037690 -0.000430
v 0.009810 0.037690 -0.000330
v 0.009350 0.037760 -0.000000
v 0.009320 0.037690 0.000560
v 0.008870 0.037170 0.001480
v 0.007090 0.035690 0.000580
v 0.007430 0.036240 0.001060
v 0.007310 0.035690 0.001120
v 0.009180 0.037690 0.000530
v 0.007480 0.036740 0.000480
v 0.007840 0.037170 -0.000390
v 0.007220 0.036240 0.000550
v 0.007990 0.037170 0.000750
v 0.008290 0.037490 0.000270
v 0.007660 0.036740 0.000930
v 0.008220 0.037170 0.001070
v 0.007750 0.036240 0.001500
v 0.008520 0.037170 0.001320
v 0.008670 0.036240 0.002090
v 0.008320 0.036740 0.001630
v 0.009230 0.036740 0.001930
v 0.009790 0.035690 0.002290
v 0.009210 0.036240 0.002190
v 0.009280 0.037490 0.001090
v 0.010290 0.036240 0.001990
v 0.010350 0.035690 0.002110
v 0.010180 0.036740 0.001750
v 0.009760 0.036240 0.002160
v 0.009710 0.036740 0.001900
v 0.009640 0.037170 0.001530
v 0.009820 0.037490 0.000990
v 0.010920 0.036740 0.001140
v 0.011390 0.036240 0.000810
v 0.010800 0.037170 0.000570
v 0.011520 0.035690 0.000860
v 0.010900 0.037170 0.000200
v 0.010900 0.037170 -0.000200
v 0.011270 0.036740 0.000240
v 0.010440 0.037490 -0.000140
v 0.011390 0.036240 -0.000810
v 0.011150 0.036740 -0.000710
v 0.011530 0.036240 -0.000280
v 0.011520 0.035690 -0.000860
v 0.010920 0.036740 -0.001140
v 0.010800 0.037170 -0.000570
v 0.010580 0.036740 -0.001490
v 0.010050 0.037490 -0.000840
v 0.010610 0.037170 -0.000920
v 0.010350 0.035690 -0.002110
v 0.010750 0.036240 -0.001690
v 0.010020 0.037170 -0.001410
v 0.009460 0.037690 -0.000550
v 0.009230 0.036740 -0.001930
v 0.009710 0.036740 -0.001900
v 0.009640 0.037170 -0.001530
v 0.009250 0.037170 -0.001560
v 0.009320 0.037690 -0.000560
v 0.009280 0.037490 -0.001090
v 0.008870 0.037170 -0.001480
v 0.009010 0.037490 -0.001040
v 0.008320 0.036740 -0.001630
v 0.008770 0.037490 -0.000920
v 0.007650 0.035690 -0.001600
v 0.007940 0.036740 -0.001320
v 0.008560 0.037490 -0.000750
v 0.008390 0.037490 -0.000530
v 0.007480 0.036740 -0.000480
v 0.007660 0.036740 -0.000930
v 0.008290 0.037490 -0.000270
v 0.007290 0.026830 0.001130
v 0.007000 0.026830 -0.000000
v 0.007000 0.035410 -0.000000
v 0.007290 0.026830 -0.001130
v 0.007070 0.035410 -0.000580
v 0.008630 0.035410 -0.002240
v 0.010850 0.035410 -0.001810
v 0.011250 0.035410 -0.001380
v 0.011540 0.035410 0.000870
v 0.011250 0.035410 0.001380
v 0.010850 0.035410 0.001810
v 0.010350 0.026830 0.002130
v 0.010350 0.035410 0.002130
v 0.008090 0.026830 0.001980
v 0.007640 0.026830 0.001610
v 0.007640 0.018250 0.001610
v 0.008630 0.026830 0.002240
v 0.009200 0.026830 0.002350
v 0.009200 0.018250 0.002350
v 0.009790 0.035410 0.002310
v 0.009790 0.026830 0.002310
v 0.010850 0.026830 0.001810
v 0.011250 0.026830 0.001380
v 0.010850 0.018250 0.001810
v 0.011250 0.018250 0.001380
v 0.011540 0.026830 0.000870
v 0.011540 0.018250 0.000870
v 0.011680 0.026830 0.000290
v 0.011680 0.018250 0.000290
v 0.011680 0.026830 -0.000290
v 0.011540 0.035410 -0.000870
v 0.011540 0.018250 -0.000870
v 0.011540 0.026830 -0.000870
v 0.011250 0.018250 -0.001380
v 0.011250 0.026830 -0.001380
v 0.010850 0.026830 -0.001810
v 0.010350 0.026830 -0.002130
v 0.010350 0.035410 -0.002130
v 0.009790 0.026830 -0.002310
v 0.010350 0.018250 -0.002130
v 0.009200 0.026830 -0.002350
v 0.008630 0.026830 -0.002240
v 0.008090 0.035410 -0.001980
v 0.008090 0.026830 -0.001980
v 0.008090 0.018250 -0.001980
v 0.007640 0.026830 -0.001610
v 0.007640 0.018250 -0.001610
v 0.007070 0.026830 -0.000580
v 0.007070 0.026830 0.000580
v -0.002000 0.000250 -0.011690
v -0.002000 0.018250 -0.018390
v 0.002210 0.009250 -0.011450
v 0.002380 0.009250 -0.008430
v 0.000630 0.018250 -0.007130
v -0.000320 0.009250 -0.007070
v -0.001230 0.018250 -0.007350
v -0.001510 0.009250 -0.007510
v -0.002640 0.009250 -0.009020
v -0.002750 0.018250 -0.009970
v -0.002710 0.009250 -0.010280
v -0.002530 0.009250 -0.010900
v -0.002000 0.018250 -0.011690
v 0.002710 0.009250 -0.010280
v 0.002000 0.009250 -0.007920
v 0.000000 0.000250 -0.007060
v -0.000630 0.000250 -0.007130
v -0.002750 0.000250 -0.009970
v -0.002630 0.000250 -0.010590
v -0.002210 0.009250 -0.011450
v 0.002750 0.009250 -0.009650
v 0.002630 0.009250 -0.009020
v 0.001510 0.009250 -0.007510
v 0.000940 0.009250 -0.007220
v 0.000630 0.000250 -0.007130
v -0.002000 0.009250 -0.007920
v -0.002380 0.009250 -0.008430
v -0.002530 0.000250 -0.008720
v -0.002750 0.009250 -0.009650
v -0.002380 0.018250 -0.011180
v -0.002630 0.018250 -0.010590
v -0.002210 0.018250 -0.008160
v -0.001770 0.018250 -0.007700
v -0.000940 0.009250 -0.007220
v 0.000000 0.018250 -0.007060
v 0.000320 0.009250 -0.007070
v 0.002210 0.018250 -0.008160
v 0.002000 0.000250 -0.011690
v 0.002530 0.009250 -0.010890
v 0.002000 0.018250 -0.011690
v 0.002000 0.018250 -0.018390
v -0.002210 0.009250 0.011450
v -0.002630 0.018250 0.010590
v -0.002750 0.009250 0.009650
v -0.002630 0.009250 0.009020
v -0.002380 0.009250 0.008430
v 0.000940 0.009250 0.007220
v 0.001770 0.018250 0.007700
v 0.002750 0.009250 0.009650
v 0.002750 0.018250 0.009970
v 0.002710 0.009250 0.010280
v 0.002530 0.009250 0.010900
v 0.002210 0.009250 0.011450
v -0.002710 0.009250 0.010280
v -0.002750 0.000250 0.009970
v -0.002710 0.000250 0.009330
v -0.002530 0.000250 0.008720
v -0.002210 0.000250 0.008160
v -0.001230 0.000250 0.007350
v 0.000000 0.000250 0.007060
v 0.001510 0.009250 0.007510
v 0.002000 0.009250 0.007920
v 0.002210 0.000250 0.008160
v 0.002710 0.000250 0.009330
v 0.002380 0.000250 0.011180
v -0.000940 0.009250 0.007220
v 0.000320 0.009250 0.007070
v 0.002380 0.009250 0.008430
v 0.002530 0.000250 0.008720
v 0.002630 0.000250 0.010590
v 0.002380 0.018250 0.011180
v 0.002630 0.018250 0.010590
v 0.002640 0.009250 0.009020
v 0.002210 0.018250 0.008160
v 0.000000 0.018250 0.007060
v -0.000320 0.009250 0.007070
v -0.001510 0.009250 0.007510
v -0.001770 0.018250 0.007700
v -0.002000 0.009250 0.007920
v -0.002530 0.018250 0.008720
v -0.002000 0.000250 0.011690
v -0.002530 0.009250 0.010890
v -0.003560 0.000250 -0.018160
v -0.005090 0.018250 -0.017790
v -0.005090 0.000250 -0.017790
v -0.006580 0.000250 -0.017290
v -0.006580 0.018250 -0.017290
v -0.009420 0.018250 -0.015930
v -0.010740 0.018250 -0.015070
v -0.013140 0.018250 -0.013030
v -0.014200 0.000250 -0.011870
v -0.015150 0.000250 -0.010620
v -0.008030 0.000250 -0.016670
v -0.008030 0.018250 -0.016670
v -0.009420 0.000250 -0.015930
v -0.010740 0.000250 -0.015070
v -0.011980 0.000250 -0.014100
v -0.013140 0.000250 -0.013030
v -0.014200 0.018250 -0.011870
v 0.003560 0.018250 -0.018160
v 0.002000 0.000250 -0.018390
v 0.011980 0.000250 -0.014100
v 0.003560 0.000250 -0.018160
v 0.005090 0.018250 -0.017790
v 0.005090 0.000250 -0.017790
v 0.008030 0.000250 -0.016670
v 0.015150 0.018250 -0.010620
v 0.013140 0.000250 -0.013030
v 0.014200 0.000250 -0.011870
v 0.015150 0.000250 -0.010620
v -0.002000 0.018250 0.018390
v -0.002000 0.000250 0.018390
v -0.003560 0.018250 0.018160
v -0.006580 0.018250 0.017290
v -0.009420 0.018250 0.015930
v -0.011980 0.018250 0.014100
v -0.014200 0.000250 0.011870
v -0.015150 0.000250 0.010620
v -0.016000 0.018250 0.009290
v -0.003560 0.000250 0.018160
v -0.006580 0.000250 0.017290
v -0.008030 0.000250 0.016670
v -0.009420 0.000250 0.015930
v -0.010740 0.018250 0.015070
v -0.010740 0.000250 0.015070
v -0.016000 0.018250 -0.002150
v -0.010610 0.018250 -0.001980
v -0.010080 0.018250 -0.002240
v -0.015150 0.018250 -0.010620
v -0.011980 0.018250 -0.014100
v -0.002530 0.018250 -0.008720
v -0.007450 0.018250 -0.001380
v -0.007020 0.018250 -0.000290
v 0.007000 0.018250 -0.000000
v 0.007070 0.018250 -0.000580
v 0.007290 0.018250 -0.001130
v 0.001230 0.018250 -0.007350
v 0.001770 0.018250 -0.007700
v 0.002530 0.018250 -0.008720
v -0.007020 0.018250 0.000290
v 0.007290 0.018250 0.001130
v 0.008090 0.018250 0.001980
v 0.002530 0.018250 0.008720
v 0.008630 0.018250 0.002240
v 0.002710 0.018250 0.009330
v 0.013140 0.018250 0.013030
v 0.014200 0.018250 0.011870
v 0.009790 0.018250 0.002310
v 0.015150 0.018250 0.010620
v 0.016000 0.018250 0.009290
v 0.010350 0.018250 0.002130
v -0.002210 0.018250 0.008160
v -0.014200 0.018250 0.011870
v -0.013140 0.018250 0.013030
v -0.008030 0.018250 0.016670
v -0.002380 0.018250 0.011180
v -0.002000 0.018250 0.011690
v -0.005090 0.018250 0.017790
v -0.000630 0.018250 0.007130
v -0.001230 0.018250 0.007350
v -0.007450 0.018250 0.001380
v -0.002710 0.018250 0.009330
v -0.009500 0.018250 0.002350
v -0.015150 0.018250 0.010620
v -0.016000 0.018250 0.002150
v -0.018380 0.018250 -0.002150
v -0.018490 0.018250 -0.000720
v 0.008630 0.018250 -0.002240
v 0.002710 0.018250 -0.009330
v 0.009200 0.018250 -0.002350
v 0.013140 0.018250 -0.013030
v 0.002750 0.018250 -0.009970
v 0.011980 0.018250 -0.014100
v 0.002630 0.018250 -0.010590
v 0.010740 0.018250 -0.015070
v 0.009420 0.018250 -0.015930
v 0.008030 0.018250 -0.016670
v 0.002380 0.018250 -0.011180
v 0.006580 0.018250 -0.017290
v 0.014200 0.018250 -0.011870
v 0.009790 0.018250 -0.002310
v 0.010850 0.018250 -0.001810
v 0.016000 0.018250 -0.002150
v 0.016000 0.018250 -0.009290
v 0.011680 0.018250 -0.000290
v 0.016000 0.018250 0.002150
v 0.001230 0.018250 0.007350
v 0.000630 0.018250 0.007130
v 0.007070 0.018250 0.000580
v -0.000630 0.018250 -0.007130
v -0.008910 0.018250 -0.002310
v -0.002710 0.018250 -0.009330
v -0.003560 0.018250 -0.018160
v -0.018490 0.018250 0.000720
v -0.018380 0.018250 0.002150
v -0.002750 0.018250 0.009970
v 0.010740 0.018250 0.015070
v 0.008030 0.018250 0.016670
v 0.006580 0.018250 0.017290
v 0.002000 0.018250 0.011690
v 0.005090 0.018250 0.017790
v 0.018380 0.018250 -0.002150
v 0.018380 0.000250 -0.002150
v 0.016000 0.000250 -0.002150
v -0.016000 0.000250 -0.002150
v -0.016000 0.018250 -0.009290
v -0.016000 0.000250 0.002150
v 0.016000 0.000250 0.002150
v 0.002000 0.018250 0.018390
v 0.008030 0.000250 0.016670
v 0.011980 0.018250 0.014100
v 0.009420 0.018250 0.015930
v 0.003560 0.018250 0.018160
v 0.009420 0.000250 0.015930
v 0.013140 0.000250 0.013030
v 0.014200 0.000250 0.011870
v -0.018490 0.000250 -0.000720
v 0.018490 0.018250 -0.000720
v 0.018380 0.018250 0.002150
v 0.018490 0.000250 0.000720
v 0.018490 0.018250 0.000720
v 0.018380 0.000250 0.002150
v 0.028270 -0.022750 -0.010360
v 0.027930 -0.022750 -0.010830
v 0.028270 -0.009950 -0.010360
v 0.027930 -0.009950 -0.010830
v 0.025270 -0.009950 -0.011330
v 0.024790 -0.009950 -0.011020
v 0.024120 -0.022750 -0.010100
v 0.024790 -0.022750 -0.007480
v 0.024390 -0.009950 -0.007900
v 0.028270 -0.022750 -0.008140
v 0.028550 -0.009950 -0.009250
v 0.027490 -0.009950 -0.011190
v 0.026400 -0.022750 -0.011550
v 0.024390 -0.022750 -0.010600
v 0.024390 -0.009950 -0.010600
v 0.023970 -0.009950 -0.008960
v 0.024390 -0.022750 -0.007900
v 0.025820 -0.022750 -0.006990
v 0.025820 -0.009950 -0.006990
v 0.026400 -0.009950 -0.006960
v 0.026970 -0.022750 -0.007060
v 0.027490 -0.022750 -0.007310
v 0.027930 -0.009950 -0.007680
v 0.028480 -0.022750 -0.008680
v 0.028480 -0.012750 0.008680
v 0.028270 -0.022750 0.008140
v 0.026970 -0.012750 0.007060
v 0.024790 -0.022750 0.007480
v 0.024790 -0.012750 0.007480
v 0.024120 -0.022750 0.008400
v 0.024390 -0.012750 0.007900
v 0.024120 -0.012750 0.010100
v 0.024390 -0.012750 0.010600
v 0.025270 -0.012750 0.011330
v 0.026400 -0.022750 0.011550
v 0.026970 -0.012750 0.011440
v 0.028480 -0.012750 0.009820
v 0.027490 -0.012750 0.007310
v 0.025820 -0.022750 0.006990
v 0.025270 -0.022750 0.007170
v 0.024390 -0.022750 0.007900
v 0.024120 -0.012750 0.008400
v 0.023970 -0.012750 0.009540
v 0.024390 -0.022750 0.010600
v 0.024790 -0.012750 0.011020
v 0.025820 -0.012750 0.011510
v 0.026400 -0.012750 0.011550
v 0.027930 -0.012750 0.010830
v 0.028270 -0.022750 0.010360
v 0.028270 -0.012750 0.010360
v 0.027490 -0.012750 0.011190
v 0.023970 -0.012750 0.008960
v 0.028550 -0.012750 0.009250
v 0.028270 -0.012750 0.008140
v 0.027930 -0.012750 0.007680
v 0.025270 -0.012750 0.007170
v 0.025820 -0.012750 0.006990
v 0.026400 -0.012750 0.006960
v 0.010980 -0.009950 -0.009820
v 0.007770 -0.022750 -0.011330
v 0.008320 -0.009950 -0.011510
v 0.006890 -0.022750 -0.010600
v 0.006470 -0.009950 -0.009540
v 0.006610 -0.022750 -0.008400
v 0.006890 -0.009950 -0.007900
v 0.008320 -0.009950 -0.006990
v 0.008900 -0.009950 -0.006960
v 0.010430 -0.009950 -0.007680
v 0.010770 -0.009950 -0.008140
v 0.011050 -0.009950 -0.009250
v 0.010980 -0.022750 -0.009820
v 0.010430 -0.022750 -0.010830
v 0.010430 -0.009950 -0.010830
v 0.009980 -0.022750 -0.011190
v 0.009460 -0.022750 -0.011440
v 0.009460 -0.009950 -0.011440
v 0.008900 -0.009950 -0.011550
v 0.008320 -0.022750 -0.011510
v 0.007770 -0.009950 -0.011330
v 0.006470 -0.022750 -0.009540
v 0.006610 -0.009950 -0.008400
v 0.006890 -0.022750 -0.007900
v 0.007770 -0.022750 -0.007170
v 0.007770 -0.009950 -0.007170
v 0.008900 -0.022750 -0.006960
v 0.010980 -0.009950 -0.008680
v 0.011050 -0.022750 -0.009250
v 0.010430 -0.022750 0.007680
v 0.010770 -0.012750 0.008140
v 0.009980 -0.022750 0.007310
v 0.009460 -0.022750 0.007060
v 0.007770 -0.022750 0.007170
v 0.007290 -0.022750 0.007480
v 0.006470 -0.022750 0.008960
v 0.006470 -0.012750 0.008960
v 0.006890 -0.012750 0.010600
v 0.007770 -0.012750 0.011330
v 0.008900 -0.012750 0.011550
v 0.010430 -0.012750 0.010830
v 0.011050 -0.012750 0.009250
v 0.010980 -0.022750 0.008680
v 0.008900 -0.012750 0.006960
v 0.006610 -0.012750 0.008400
v 0.007290 -0.012750 0.011020
v 0.007770 -0.022750 0.011330
v 0.009460 -0.022750 0.011440
v 0.010770 -0.022750 0.010360
v 0.010980 -0.022750 0.009820
v 0.010980 -0.012750 0.009820
v 0.010770 -0.012750 0.010360
v 0.006610 -0.012750 0.010100
v 0.009980 -0.012750 0.011190
v 0.008320 -0.012750 0.011510
v 0.009460 -0.012750 0.011440
v 0.006470 -0.012750 0.009540
v 0.010980 -0.012750 0.008680
v 0.009980 -0.012750 0.007310
v 0.007290 -0.012750 0.007480
v 0.007770 -0.012750 0.007170
v 0.008320 -0.012750 0.006990
v 0.006890 -0.012750 0.007900
v 0.010430 -0.012750 0.007680
v 0.009460 -0.012750 0.007060
v -0.006450 -0.009950 -0.009250
v -0.006520 -0.009950 -0.009820
v -0.006520 -0.022750 -0.009820
v -0.006740 -0.022750 -0.010360
v -0.006740 -0.009950 -0.010360
v -0.007520 -0.022750 -0.011190
v -0.007520 -0.009950 -0.011190
v -0.008610 -0.022750 -0.011550
v -0.009730 -0.022750 -0.011330
v -0.009730 -0.009950 -0.011330
v -0.010610 -0.009950 -0.010600
v -0.010890 -0.009950 -0.008400
v -0.010220 -0.009950 -0.007480
v -0.009180 -0.009950 -0.006990
v -0.008610 -0.009950 -0.006960
v -0.008040 -0.009950 -0.007060
v -0.007520 -0.009950 -0.007310
v -0.007070 -0.009950 -0.007680
v -0.006520 -0.022750 -0.008680
v -0.006740 -0.009950 -0.008140
v -0.006520 -0.009950 -0.008680
v -0.010610 -0.022750 -0.010600
v -0.010890 -0.022750 -0.010100
v -0.011030 -0.009950 -0.008960
v -0.010610 -0.022750 -0.007900
v -0.009730 -0.022750 -0.007170
v -0.008040 -0.022750 -0.007060
v -0.006740 -0.022750 -0.008140
v -0.006520 -0.022750 0.008680
v -0.007070 -0.022750 0.007680
v -0.007070 -0.012750 0.007680
v -0.007520 -0.012750 0.007310
v -0.009730 -0.022750 0.007170
v -0.009730 -0.012750 0.007170
v -0.011030 -0.012750 0.009540
v -0.008610 -0.022750 0.011550
v -0.008610 -0.012750 0.011550
v -0.007520 -0.022750 0.011190
v -0.007070 -0.012750 0.010830
v -0.006740 -0.012750 0.010360
v -0.006520 -0.022750 0.009820
v -0.006520 -0.012750 0.009820
v -0.008610 -0.012750 0.006960
v -0.010610 -0.022750 0.007900
v -0.010610 -0.012750 0.007900
v -0.010890 -0.022750 0.008400
v -0.011030 -0.022750 0.008960
v -0.010220 -0.022750 0.011020
v -0.008040 -0.022750 0.011440
v -0.007520 -0.012750 0.011190
v -0.006740 -0.022750 0.010360
v -0.010890 -0.012750 0.010100
v -0.008040 -0.012750 0.011440
v -0.009180 -0.012750 0.011510
v -0.009730 -0.012750 0.011330
v -0.010610 -0.012750 0.010600
v -0.010220 -0.012750 0.011020
v -0.006450 -0.012750 0.009250
v -0.011030 -0.012750 0.008960
v -0.010220 -0.012750 0.007480
v -0.008040 -0.012750 0.007060
v -0.009180 -0.012750 0.006990
v -0.006520 -0.012750 0.008680
v -0.010890 -0.012750 0.008400
v -0.006740 -0.012750 0.008140
v -0.023950 -0.009950 -0.009250
v -0.024580 -0.022750 -0.010830
v -0.025540 -0.022750 -0.011440
v -0.025020 -0.009950 -0.011190
v -0.026690 -0.022750 -0.011510
v -0.027720 -0.022750 -0.011020
v -0.027230 -0.009950 -0.011330
v -0.028540 -0.009950 -0.009540
v -0.028390 -0.009950 -0.008400
v -0.027720 -0.009950 -0.007480
v -0.026690 -0.022750 -0.006990
v -0.026690 -0.009950 -0.006990
v -0.025540 -0.009950 -0.007060
v -0.024580 -0.022750 -0.007680
v -0.024580 -0.009950 -0.007680
v -0.024030 -0.022750 -0.009820
v -0.027230 -0.022750 -0.011330
v -0.028120 -0.022750 -0.010600
v -0.028390 -0.022750 -0.010100
v -0.028390 -0.009950 -0.010100
v -0.028540 -0.022750 -0.009540
v -0.028120 -0.022750 -0.007900
v -0.027720 -0.022750 -0.007480
v -0.027230 -0.009950 -0.007170
v -0.024030 -0.022750 -0.008680
v -0.024030 -0.022750 0.008680
v -0.024240 -0.022750 0.008140
v -0.024240 -0.012750 0.008140
v -0.025540 -0.022750 0.007060
v -0.025540 -0.012750 0.007060
v -0.026110 -0.022750 0.006960
v -0.028120 -0.012750 0.007900
v -0.028390 -0.012750 0.010100
v -0.025540 -0.012750 0.011440
v -0.025020 -0.012750 0.011190
v -0.024580 -0.022750 0.010830
v -0.023950 -0.012750 0.009250
v -0.026690 -0.022750 0.006990
v -0.027230 -0.022750 0.007170
v -0.028390 -0.012750 0.008400
v -0.028540 -0.022750 0.008960
v -0.028390 -0.022750 0.010100
v -0.028120 -0.022750 0.010600
v -0.027230 -0.022750 0.011330
v -0.026110 -0.012750 0.011550
v -0.025020 -0.022750 0.011190
v -0.024240 -0.022750 0.010360
v -0.024240 -0.012750 0.010360
v -0.024030 -0.012750 0.009820
v -0.024580 -0.012750 0.010830
v -0.026690 -0.012750 0.011510
v -0.028120 -0.012750 0.010600
v -0.027720 -0.012750 0.011020
v -0.027230 -0.012750 0.011330
v -0.028540 -0.012750 0.009540
v -0.028540 -0.012750 0.008960
v -0.027720 -0.012750 0.007480
v -0.027230 -0.012750 0.007170
v -0.026110 -0.012750 0.006960
v -0.026690 -0.012750 0.006990
v -0.024030 -0.012750 0.008680
v -0.024580 -0.012750 0.007680
v -0.025020 -0.012750 0.007310
v 0.018570 -0.022750 -0.011520
v 0.018570 -0.030260 -0.011520
v 0.018500 -0.037760 -0.011000
v 0.018770 -0.030260 -0.012000
v 0.019090 -0.037760 -0.012420
v 0.024840 -0.037760 -0.018170
v 0.027250 -0.030260 -0.018490
v 0.027250 -0.037760 -0.018490
v 0.026770 -0.022750 -0.018680
v 0.026250 -0.022750 -0.018750
v 0.026250 -0.030260 -0.018750
v 0.025740 -0.037760 -0.018680
v 0.026770 -0.030260 -0.018680
v 0.026770 -0.037760 -0.018680
v 0.027250 -0.022750 -0.018490
v 0.025250 -0.037760 -0.018490
v 0.025740 -0.030260 -0.018680
v 0.025250 -0.030260 -0.018490
v 0.025250 -0.022750 -0.018490
v 0.027670 -0.022750 -0.018170
v 0.033420 -0.037760 -0.012420
v 0.033740 -0.030260 -0.012000
v 0.033940 -0.022750 -0.011520
v 0.033940 -0.030260 -0.011520
v 0.033740 -0.030260 0.012000
v 0.033740 -0.037760 0.012000
v 0.033940 -0.030260 0.011520
v 0.033940 -0.037760 0.011520
v 0.033740 -0.022750 0.012000
v 0.033420 -0.022750 0.012420
v 0.033420 -0.037760 0.012420
v 0.027670 -0.037760 0.018170
v 0.024840 -0.037760 0.018170
v 0.025250 -0.030260 0.018490
v 0.026250 -0.030260 0.018750
v 0.025740 -0.030260 0.018690
v 0.025740 -0.037760 0.018690
v 0.027250 -0.037760 0.018490
v 0.026770 -0.030260 0.018690
v 0.027250 -0.022750 0.018490
v 0.027250 -0.030260 0.018490
v 0.018770 -0.022750 0.012000
v 0.018770 -0.030260 0.012000
v 0.018570 -0.022750 0.011520
v 0.019090 -0.037760 0.012420
v 0.018770 -0.037760 0.012000
v 0.018570 -0.030260 0.011520
v 0.018500 -0.037760 0.011000
v 0.028550 -0.022750 -0.009250
v 0.034010 -0.022750 -0.011000
v 0.033740 -0.022750 -0.012000
v 0.028480 -0.022750 -0.009820
v 0.027490 -0.022750 -0.011190
v 0.026970 -0.022750 -0.011440
v 0.025740 -0.022750 -0.018680
v 0.025820 -0.022750 -0.011510
v 0.025270 -0.022750 -0.011330
v 0.024790 -0.022750 -0.011020
v 0.023970 -0.022750 -0.009540
v 0.023970 -0.022750 -0.008960
v 0.024120 -0.022750 -0.008400
v 0.018500 -0.022750 -0.011000
v 0.023970 -0.022750 0.008960
v 0.023970 -0.022750 0.009540
v 0.019090 -0.022750 0.012420
v 0.024120 -0.022750 0.010100
v 0.024840 -0.022750 0.018170
v 0.025270 -0.022750 0.011330
v 0.024790 -0.022750 0.011020
v 0.025250 -0.022750 0.018490
v 0.025740 -0.022750 0.018690
v 0.025820 -0.022750 0.011510
v 0.026250 -0.022750 0.018750
v 0.026770 -0.022750 0.018690
v 0.024840 -0.022750 -0.018170
v 0.019090 -0.022750 -0.012420
v 0.025270 -0.022750 -0.007170
v 0.026400 -0.022750 -0.006960
v 0.026400 -0.022750 0.006960
v 0.026970 -0.022750 0.007060
v 0.027490 -0.022750 0.007310
v 0.027930 -0.022750 0.007680
v 0.027930 -0.022750 -0.007680
v 0.028480 -0.022750 0.008680
v 0.034010 -0.022750 0.011000
v 0.028550 -0.022750 0.009250
v 0.018500 -0.022750 0.011000
v 0.027670 -0.022750 0.018170
v 0.026970 -0.022750 0.011440
v 0.027490 -0.022750 0.011190
v 0.027930 -0.022750 0.010830
v 0.028480 -0.022750 0.009820
v 0.018770 -0.022750 -0.012000
v 0.033420 -0.022750 -0.012420
v 0.033940 -0.022750 0.011520
v 0.001270 -0.037760 -0.012000
v 0.001070 -0.022750 -0.011520
v 0.001070 -0.030260 -0.011520
v 0.001000 -0.037760 -0.011000
v 0.001070 -0.037760 -0.011520
v 0.001270 -0.030260 -0.012000
v 0.001590 -0.022750 -0.012420
v 0.001590 -0.037760 -0.012420
v 0.009750 -0.030260 -0.018490
v 0.008750 -0.030260 -0.018750
v 0.007750 -0.037760 -0.018490
v 0.009270 -0.030260 -0.018680
v 0.009750 -0.022750 -0.018490
v 0.008230 -0.022750 -0.018680
v 0.008230 -0.030260 -0.018680
v 0.007750 -0.030260 -0.018490
v 0.007750 -0.022750 -0.018490
v 0.007340 -0.037760 -0.018170
v 0.010170 -0.037760 -0.018170
v 0.015920 -0.022750 -0.012420
v 0.016230 -0.030260 -0.012000
v 0.016430 -0.030260 -0.011520
v 0.016500 -0.037760 -0.011000
v 0.015920 -0.037760 0.012420
v 0.016430 -0.022750 0.011520
v 0.016230 -0.022750 0.012000
v 0.016430 -0.030260 0.011520
v 0.016500 -0.037760 0.011000
v 0.016230 -0.030260 0.012000
v 0.010170 -0.022750 0.018170
v 0.010170 -0.037760 0.018170
v 0.007750 -0.030260 0.018490
v 0.008230 -0.037760 0.018690
v 0.008230 -0.022750 0.018690
v 0.009270 -0.037760 0.018690
v 0.008750 -0.037760 0.018750
v 0.008750 -0.030260 0.018750
v 0.008230 -0.030260 0.018690
v 0.009270 -0.022750 0.018690
v 0.009270 -0.030260 0.018690
v 0.009750 -0.022750 0.018490
v 0.009750 -0.030260 0.018490
v 0.001000 -0.022750 0.011000
v 0.001070 -0.037760 0.011520
v 0.001270 -0.022750 0.012000
v 0.001590 -0.037760 0.012420
v 0.001270 -0.030260 0.012000
v 0.001070 -0.030260 0.011520
v 0.001070 -0.022750 0.011520
v 0.016500 -0.022750 -0.011000
v 0.016430 -0.022750 -0.011520
v 0.016230 -0.022750 -0.012000
v 0.010770 -0.022750 -0.010360
v 0.010170 -0.022750 -0.018170
v 0.009270 -0.022750 -0.018680
v 0.008750 -0.022750 -0.018750
v 0.008900 -0.022750 -0.011550
v 0.007290 -0.022750 -0.011020
v 0.006470 -0.022750 -0.008960
v 0.006610 -0.022750 0.008400
v 0.006470 -0.022750 0.009540
v 0.006610 -0.022750 0.010100
v 0.006890 -0.022750 0.010600
v 0.007290 -0.022750 0.011020
v 0.007340 -0.022750 0.018170
v 0.007750 -0.022750 0.018490
v 0.008320 -0.022750 0.011510
v 0.008750 -0.022750 0.018750
v 0.008900 -0.022750 0.011550
v 0.007340 -0.022750 -0.018170
v 0.006610 -0.022750 -0.010100
v 0.006890 -0.022750 0.007900
v 0.007290 -0.022750 -0.007480
v 0.008320 -0.022750 -0.006990
v 0.008320 -0.022750 0.006990
v 0.009460 -0.022750 -0.007060
v 0.008900 -0.022750 0.006960
v 0.009980 -0.022750 -0.007310
v 0.010770 -0.022750 0.008140
v 0.010770 -0.022750 -0.008140
v 0.010980 -0.022750 -0.008680
v 0.011050 -0.022750 0.009250
v 0.010430 -0.022750 -0.007680
v 0.001590 -0.022750 0.012420
v 0.009980 -0.022750 0.011190
v 0.010430 -0.022750 0.010830
v 0.015920 -0.022750 0.012420
v 0.001270 -0.022750 -0.012000
v 0.001000 -0.022750 -0.011000
v 0.016500 -0.022750 0.011000
v -0.016430 -0.022750 -0.011520
v -0.016230 -0.022750 -0.012000
v -0.016430 -0.030260 -0.011520
v -0.016230 -0.030260 -0.012000
v -0.015920 -0.022750 -0.012420
v -0.015920 -0.037760 -0.012420
v -0.007750 -0.030260 -0.018490
v -0.008230 -0.022750 -0.018680
v -0.008230 -0.030260 -0.018680
v -0.008750 -0.030260 -0.018750
v -0.008230 -0.037760 -0.018680
v -0.008750 -0.022750 -0.018750
v -0.009270 -0.030260 -0.018680
v -0.009750 -0.037760 -0.018490
v -0.009750 -0.030260 -0.018490
v -0.009750 -0.022750 -0.018490
v -0.010170 -0.037760 -0.018170
v -0.007340 -0.037760 -0.018170
v -0.001070 -0.037760 -0.011520
v -0.001070 -0.030260 -0.011520
v -0.001590 -0.022750 -0.012420
v -0.001270 -0.037760 -0.012000
v -0.001270 -0.030260 -0.012000
v -0.001070 -0.022750 -0.011520
v -0.001590 -0.037760 0.012420
v -0.001270 -0.037760 0.012000
v -0.001070 -0.022750 0.011520
v -0.001270 -0.030260 0.012000
v -0.001070 -0.030260 0.011520
v -0.001270 -0.022750 0.012000
v -0.001590 -0.022750 0.012420
v -0.009750 -0.037760 0.018490
v -0.010170 -0.037760 0.018170
v -0.009270 -0.022750 0.018690
v -0.007750 -0.037760 0.018490
v -0.008750 -0.030260 0.018750
v -0.008750 -0.037760 0.018750
v -0.009270 -0.030260 0.018690
v -0.009270 -0.037760 0.018690
v -0.009750 -0.030260 0.018490
v -0.009750 -0.022750 0.018490
v -0.008230 -0.030260 0.018690
v -0.007750 -0.030260 0.018490
v -0.007750 -0.022750 0.018490
v -0.010170 -0.022750 0.018170
v -0.015920 -0.022750 0.012420
v -0.016500 -0.037760 0.011000
v -0.016430 -0.037760 0.011520
v -0.016230 -0.022750 0.012000
v -0.016230 -0.037760 0.012000
v -0.016430 -0.030260 0.011520
v -0.016230 -0.030260 0.012000
v -0.016430 -0.022750 0.011520
v -0.016500 -0.022750 -0.011000
v -0.006450 -0.022750 -0.009250
v -0.001270 -0.022750 -0.012000
v -0.007340 -0.022750 -0.018170
v -0.007070 -0.022750 -0.010830
v -0.008040 -0.022750 -0.011440
v -0.007750 -0.022750 -0.018490
v -0.009270 -0.022750 -0.018680
v -0.009180 -0.022750 -0.011510
v -0.010220 -0.022750 -0.011020
v -0.011030 -0.022750 -0.009540
v -0.011030 -0.022750 -0.008960
v -0.010890 -0.022750 -0.008400
v -0.010890 -0.022750 0.010100
v -0.011030 -0.022750 0.009540
v -0.010610 -0.022750 0.010600
v -0.009730 -0.022750 0.011330
v -0.009180 -0.022750 0.011510
v -0.008230 -0.022750 0.018690
v -0.008750 -0.022750 0.018750
v -0.010170 -0.022750 -0.018170
v -0.010220 -0.022750 -0.007480
v -0.010220 -0.022750 0.007480
v -0.009180 -0.022750 -0.006990
v -0.009180 -0.022750 0.006990
v -0.008610 -0.022750 -0.006960
v -0.008610 -0.022750 0.006960
v -0.008040 -0.022750 0.007060
v -0.007520 -0.022750 0.007310
v -0.007520 -0.022750 -0.007310
v -0.007070 -0.022750 -0.007680
v -0.001000 -0.022750 -0.011000
v -0.001000 -0.022750 0.011000
v -0.006450 -0.022750 0.009250
v -0.006740 -0.022750 0.008140
v -0.016500 -0.022750 0.011000
v -0.007070 -0.022750 0.010830
v -0.007340 -0.022750 0.018170
v -0.027250 -0.037760 0.018490
v -0.026770 -0.030260 0.018690
v -0.026250 -0.022750 0.018750
v -0.025740 -0.030260 0.018690
v -0.026250 -0.030260 0.018750
v -0.027250 -0.030260 0.018490
v -0.027670 -0.022750 0.018170
v -0.027250 -0.022750 0.018490
v -0.025740 -0.022750 0.018690
v -0.024840 -0.037760 0.018170
v -0.025250 -0.030260 0.018490
v -0.033420 -0.022750 0.012420
v -0.033940 -0.037760 0.011520
v -0.033740 -0.030260 0.012000
v -0.033940 -0.022750 0.011520
v -0.033940 -0.030260 0.011520
v -0.034010 -0.022750 -0.011000
v -0.034010 -0.037760 0.011000
v -0.034010 -0.037760 -0.011000
v -0.033740 -0.030260 -0.012000
v -0.033940 -0.022750 -0.011520
v -0.033940 -0.037760 -0.011520
v -0.033940 -0.030260 -0.011520
v -0.033420 -0.022750 -0.012420
v -0.027670 -0.037760 -0.018170
v -0.024840 -0.037760 -0.018170
v -0.025250 -0.030260 -0.018490
v -0.025740 -0.030260 -0.018680
v -0.025740 -0.022750 -0.018680
v -0.026250 -0.022750 -0.018750
v -0.026770 -0.037760 -0.018680
v -0.026250 -0.030260 -0.018750
v -0.026250 -0.037760 -0.018750
v -0.027250 -0.037760 -0.018490
v -0.026770 -0.030260 -0.018680
v -0.027250 -0.030260 -0.018490
v -0.018500 -0.022750 -0.011000
v -0.018570 -0.030260 -0.011520
v -0.018770 -0.037760 -0.012000
v -0.018570 -0.037760 -0.011520
v -0.018770 -0.022750 -0.012000
v -0.018770 -0.030260 -0.012000
v -0.018500 -0.022750 0.011000
v -0.018770 -0.037760 0.012000
v -0.018570 -0.022750 0.011520
v -0.018570 -0.030260 0.011520
v -0.018500 -0.037760 0.011000
v -0.018770 -0.030260 0.012000
v -0.024840 -0.022750 0.018170
v -0.018570 -0.022750 -0.011520
v -0.024240 -0.022750 -0.010360
v -0.025020 -0.022750 -0.011190
v -0.024840 -0.022750 -0.018170
v -0.025250 -0.022750 -0.018490
v -0.026110 -0.022750 -0.011550
v -0.027250 -0.022750 -0.018490
v -0.026770 -0.022750 -0.018680
v -0.028540 -0.022750 -0.008960
v -0.028390 -0.022750 -0.008400
v -0.028540 -0.022750 0.009540
v -0.027720 -0.022750 0.011020
v -0.026770 -0.022750 0.018690
v -0.026690 -0.022750 0.011510
v -0.025250 -0.022750 0.018490
v -0.027670 -0.022750 -0.018170
v -0.028390 -0.022750 0.008400
v -0.028120 -0.022750 0.007900
v -0.027230 -0.022750 -0.007170
v -0.027720 -0.022750 0.007480
v -0.026110 -0.022750 -0.006960
v -0.025540 -0.022750 -0.007060
v -0.025020 -0.022750 0.007310
v -0.024580 -0.022750 0.007680
v -0.025020 -0.022750 -0.007310
v -0.019090 -0.022750 -0.012420
v -0.023950 -0.022750 0.009250
v -0.019090 -0.022750 0.012420
v -0.024240 -0.022750 -0.008140
v -0.033740 -0.022750 0.012000
v -0.034010 -0.022750 0.011000
v -0.026110 -0.022750 0.011550
v -0.025540 -0.022750 0.011440
v -0.024030 -0.022750 0.009820
v -0.033740 -0.022750 -0.012000
v -0.023950 -0.022750 -0.009250
v -0.018770 -0.022750 0.012000
vn 0.7048 -0.7079 -0.0462
vn 0.7977 0.6008 -0.0523
vn 0.6877 -0.7098 -0.1523
vn 0.6718 0.7098 -0.2120
vn 0.6249 -0.7098 -0.3251
vn 0.5940 0.7098 -0.3786
vn 0.5194 -0.7098 -0.4758
vn 0.4758 0.7098 -0.5194
vn 0.3786 -0.7098 -0.5940
vn 0.3251 0.7098 -0.6249
vn 0.1797 -0.8022 -0.5694
vn 0.1291 0.8022 -0.5829
vn 0.0523 -0.6008 -0.7977
vn 0.0261 0.8948 -0.4457
vn -0.0523 0.6008 -0.7977
vn -0.0292 -0.8948 -0.4456
vn -0.1291 -0.8022 -0.5829
vn -0.1797 0.8022 -0.5694
vn -0.3251 -0.7098 -0.6249
vn -0.3786 0.7098 -0.5940
vn -0.4758 -0.7098 -0.5194
vn -0.5194 0.7098 -0.4758
vn -0.5940 -0.7098 -0.3786
vn -0.6249 0.7098 -0.3251
vn -0.6718 -0.7098 -0.2120
vn -0.6877 0.7098 -0.1523
vn -0.7977 -0.6008 -0.0523
vn -0.7048 0.7079 -0.0462
vn -0.7977 0.6008 0.0523
vn -0.7048 -0.7079 0.0462
vn -0.6877 -0.7098 0.1523
vn -0.6718 0.7098 0.2120
vn -0.6249 -0.7098 0.3251
vn -0.5940 0.7098 0.3786
vn -0.5194 -0.7098 0.4758
vn -0.4758 0.7098 0.5194
vn -0.3786 -0.7098 0.5940
vn -0.3251 0.7098 0.6249
vn -0.1797 -0.8022 0.5694
vn -0.1291 0.8022 0.5829
vn -0.0523 -0.6008 0.7977
vn -0.0261 0.8948 0.4457
vn 0.0523 0.6008 0.7977
vn 0.0292 -0.8948 0.4456
vn 0.1291 -0.8022 0.5829
vn 0.1797 0.8022 0.5694
vn 0.3251 -0.7098 0.6249
vn 0.3786 0.7098 0.5940
vn 0.4758 -0.7098 0.5194
vn 0.5194 0.7098 0.4758
vn 0.5940 -0.7098 0.3786
vn 0.6249 0.7098 0.3251
vn 0.6718 -0.7098 0.2120
vn 0.6877 0.7098 0.1523
vn 0.7977 -0.6008 0.0523
vn 0.7048 0.7079 0.0462
vn 0.5986 -0.8004 -0.0336
vn 0.7988 -0.6007 0.0336
vn 0.6877 -0.7088 0.1570
vn 0.6355 -0.7088 0.3061
vn 0.5515 -0.7088 0.4398
vn 0.4398 -0.7088 0.5515
vn 0.3604 -0.5567 0.7484
vn 0.1570 -0.7088 0.6877
vn 0.0466 -0.5556 0.8302
vn -0.0336 -0.6007 0.7987
vn -0.1570 -0.7088 0.6877
vn -0.3604 -0.5567 0.7484
vn -0.4398 -0.7088 0.5515
vn -0.5515 -0.7088 0.4398
vn -0.6355 -0.7088 0.3061
vn -0.6877 -0.7088 0.1570
vn -0.5986 -0.8004 0.0336
vn 0.6877 -0.7088 -0.1570
vn 0.6355 -0.7088 -0.3061
vn 0.5515 -0.7088 -0.4398
vn 0.4398 -0.7088 -0.5515
vn 0.3604 -0.5567 -0.7484
vn 0.1570 -0.7088 -0.6877
vn 0.0336 -0.6007 -0.7987
vn -0.0466 -0.5556 -0.8302
vn -0.1570 -0.7088 -0.6877
vn -0.3604 -0.5567 -0.7484
vn -0.4398 -0.7088 -0.5515
vn -0.5515 -0.7088 -0.4398
vn -0.6355 -0.7088 -0.3061
vn -0.6877 -0.7088 -0.1570
vn -0.7988 -0.6007 -0.0336
vn 0.1776 0.6028 -0.7779
vn 0.3874 0.4504 -0.8044
vn 0.4975 0.6027 -0.6239
vn 0.6239 0.6027 -0.4975
vn 0.7189 0.6028 -0.3462
vn 0.7779 0.6028 -0.1776
vn 0.7985 0.6011 -0.0336
vn 0.5982 0.8006 0.0336
vn 0.7779 0.6028 0.1776
vn 0.7189 0.6028 0.3462
vn 0.6239 0.6027 0.4975
vn 0.4975 0.6027 0.6239
vn 0.3874 0.4504 0.8044
vn 0.1776 0.6028 0.7779
vn 0.0336 0.6010 0.7985
vn -0.0466 0.5560 0.8299
vn -0.1776 0.6028 0.7779
vn -0.3874 0.4504 0.8044
vn -0.4975 0.6027 0.6239
vn -0.6239 0.6027 0.4975
vn -0.7189 0.6028 0.3462
vn -0.7779 0.6028 0.1776
vn -0.7985 0.6011 0.0336
vn -0.5982 0.8006 -0.0336
vn -0.7779 0.6028 -0.1776
vn -0.7189 0.6028 -0.3462
vn -0.6239 0.6027 -0.4975
vn -0.4975 0.6027 -0.6239
vn -0.3874 0.4504 -0.8044
vn -0.1776 0.6028 -0.7779
vn -0.0336 0.6010 -0.7985
vn 0.0466 0.5560 -0.8299
vn -0.9978 0.0501 0.0437
vn -0.9978 0.0472 -0.0469
vn -0.9978 -0.0499 -0.0437
vn -0.9978 -0.0469 0.0469
vn -0.9894 -0.0000 0.1453
vn -0.9691 0.0565 0.2403
vn -0.9439 -0.0001 0.3303
vn -0.8913 0.0565 0.4499
vn -0.8467 -0.0001 0.5320
vn -0.7688 0.0565 0.6370
vn -0.7071 -0.0004 0.7071
vn -0.6078 0.0565 0.7921
vn -0.5321 -0.0005 0.8467
vn -0.4163 0.0565 0.9075
vn -0.3302 -0.0004 0.9439
vn -0.2039 0.0565 0.9774
vn -0.1453 -0.0000 0.9894
vn -0.0352 0.0494 0.9982
vn 0.0393 0.0507 0.9979
vn -0.0393 0.0507 -0.9979
vn -0.1453 -0.0000 -0.9894
vn -0.2403 0.0565 -0.9691
vn -0.3302 -0.0004 -0.9439
vn -0.4499 0.0565 -0.8913
vn -0.5321 -0.0005 -0.8467
vn -0.6370 0.0565 -0.7688
vn -0.7071 0.0001 -0.7071
vn -0.7921 0.0565 -0.6078
vn -0.8467 0.0001 -0.5320
vn -0.9075 0.0565 -0.4163
vn -0.9439 -0.0001 -0.3303
vn -0.9774 0.0565 -0.2039
vn -0.9894 -0.0000 -0.1453
vn -0.9937 0.0006 -0.1120
vn -0.9701 -0.0485 -0.2378
vn -0.9439 0.0009 -0.3303
vn -0.8929 -0.0485 -0.4477
vn -0.8467 0.0008 -0.5320
vn -0.7708 -0.0485 -0.6352
vn -0.7071 0.0007 -0.7071
vn -0.6102 -0.0485 -0.7908
vn -0.5320 0.0006 -0.8467
vn -0.4189 -0.0485 -0.9067
vn -0.3303 0.0008 -0.9439
vn -0.2066 -0.0485 -0.9772
vn -0.1120 0.0007 -0.9937
vn -0.0352 -0.0492 -0.9982
vn 0.1453 -0.0000 0.9894
vn 0.2403 0.0565 0.9691
vn 0.3302 -0.0004 0.9439
vn 0.4499 0.0565 0.8913
vn 0.5321 -0.0005 0.8467
vn 0.6370 0.0565 0.7688
vn 0.7071 0.0001 0.7071
vn 0.7921 0.0565 0.6078
vn 0.8467 0.0001 0.5320
vn 0.9075 0.0565 0.4163
vn 0.9439 -0.0001 0.3303
vn 0.9774 0.0565 0.2039
vn 0.9894 -0.0000 0.1453
vn 0.9978 0.0472 0.0469
vn 0.0352 0.0494 -0.9982
vn 0.0393 -0.0505 -0.9979
vn 0.9978 0.0501 -0.0437
vn 0.9894 -0.0000 -0.1453
vn 0.9691 0.0565 -0.2403
vn 0.9439 -0.0001 -0.3303
vn 0.8913 0.0565 -0.4499
vn 0.8467 -0.0001 -0.5320
vn 0.7688 0.0565 -0.6370
vn 0.7071 -0.0004 -0.7071
vn 0.6078 0.0565 -0.7921
vn 0.5321 -0.0005 -0.8467
vn 0.4163 0.0565 -0.9075
vn 0.3302 -0.0004 -0.9439
vn 0.2039 0.0565 -0.9774
vn 0.1453 -0.0000 -0.9894
vn 0.5388 0.8337 0.1211
vn 0.7782 0.6024 0.1776
vn 0.7046 0.7091 0.0265
vn 0.6463 0.7091 0.2819
vn 0.7342 0.5569 0.3882
vn 0.5674 0.7091 0.4186
vn 0.6295 0.5569 0.5419
vn 0.4600 0.7091 0.5344
vn 0.4931 0.5569 0.6684
vn 0.3296 0.7091 0.6234
vn 0.2819 0.7091 0.6463
vn 0.1826 0.7091 0.6811
vn 0.1543 0.5570 0.8161
vn 0.0357 0.3178 0.9475
vn -0.0265 0.7091 0.7046
vn -0.1543 0.5569 0.8161
vn -0.2151 0.5569 0.8022
vn -0.2819 0.7091 0.6463
vn -0.3882 0.5569 0.7343
vn -0.4186 0.7091 0.5674
vn -0.5419 0.5569 0.6295
vn -0.5344 0.7091 0.4600
vn -0.6684 0.5569 0.4931
vn -0.6234 0.7091 0.3296
vn -0.7613 0.5569 0.3320
vn -0.6811 0.7091 0.1826
vn -0.8161 0.5569 0.1543
vn -0.7046 0.7091 0.0265
vn -0.7046 0.7091 -0.0265
vn -0.6928 0.7091 -0.1310
vn -0.8022 0.5569 -0.2151
vn -0.6463 0.7091 -0.2819
vn -0.7343 0.5569 -0.3882
vn -0.5674 0.7091 -0.4186
vn -0.6295 0.5569 -0.5418
vn -0.4600 0.7091 -0.5344
vn -0.4931 0.5569 -0.6683
vn -0.3296 0.7091 -0.6234
vn -0.3320 0.5570 -0.7613
vn -0.1826 0.7091 -0.6811
vn -0.1543 0.5569 -0.8161
vn -0.0356 0.3178 -0.9475
vn 0.0265 0.7091 -0.7046
vn 0.1543 0.5569 -0.8161
vn 0.2151 0.5569 -0.8022
vn 0.2819 0.7091 -0.6463
vn 0.3296 0.7091 -0.6234
vn 0.4186 0.7091 -0.5674
vn 0.5419 0.5569 -0.6295
vn 0.5344 0.7091 -0.4600
vn 0.6684 0.5569 -0.4931
vn 0.6234 0.7091 -0.3296
vn 0.7613 0.5570 -0.3320
vn 0.7782 0.6024 -0.1776
vn 0.5384 0.8337 -0.1229
vn 0.7046 0.7091 -0.0265
vn 0.5379 0.8337 0.1253
vn 0.8709 0.4495 0.1988
vn 0.7343 0.5569 0.3882
vn 0.6295 0.5569 0.5418
vn 0.4931 0.5569 0.6683
vn 0.3320 0.5570 0.7613
vn 0.1543 0.5569 0.8161
vn -0.2151 0.5570 0.8022
vn -0.3296 0.7091 0.6234
vn -0.7613 0.5570 0.3320
vn -0.6928 0.7091 0.1310
vn -0.6811 0.7091 -0.1826
vn -0.6295 0.5569 -0.5419
vn -0.4931 0.5569 -0.6684
vn -0.2819 0.7091 -0.6463
vn -0.1543 0.5570 -0.8161
vn 0.3882 0.5569 -0.7343
vn 0.6683 0.5570 -0.4931
vn 0.6872 0.7093 -0.1568
vn -0.6892 -0.7096 -0.1464
vn 0.6947 -0.7096 -0.1176
vn -0.7040 -0.7096 0.0296
vn 0.6436 -0.7096 -0.2867
vn -0.6312 -0.7096 -0.3132
vn 0.5521 -0.7096 -0.4378
vn -0.5335 -0.7096 -0.4603
vn 0.4259 -0.7096 -0.5613
vn -0.4022 -0.7096 -0.5785
vn 0.2729 -0.7096 -0.6496
vn -0.2457 -0.7096 -0.6604
vn 0.1211 -0.5574 -0.8213
vn -0.0993 -0.3182 -0.9428
vn 0.7022 -0.7096 0.0588
vn -0.6745 -0.7096 0.2038
vn 0.6655 -0.7096 0.2316
vn -0.6026 -0.7096 0.3651
vn 0.5870 -0.7096 0.3898
vn -0.4929 -0.7096 0.5035
vn 0.4716 -0.7096 0.5235
vn -0.3522 -0.7096 0.6103
vn 0.3266 -0.7096 0.6244
vn -0.1894 -0.7096 0.6787
vn 0.1897 -0.5574 0.8083
vn -0.0197 -0.3182 0.9478
vn 0.1211 -0.5574 -0.8214
vn 0.0281 -0.9991 -0.0302
vn 0.0103 -0.9749 -0.2225
vn 0.0471 -0.9697 -0.2399
vn 0.0993 -0.9697 -0.2234
vn 0.1465 -0.9697 -0.1957
vn 0.1864 -0.9697 -0.1582
vn 0.2169 -0.9697 -0.1128
vn 0.2366 -0.9696 -0.0617
vn 0.2407 -0.9705 -0.0148
vn 0.0336 -0.7929 -0.6084
vn 0.0928 -0.9010 -0.4238
vn 0.0227 -0.9087 -0.4168
vn 0.1355 -0.7819 -0.6085
vn 0.0428 -0.6375 -0.7693
vn 0.1714 -0.6235 -0.7628
vn 0.2675 -0.7819 -0.5631
vn 0.3368 -0.6235 -0.7055
vn 0.3861 -0.7819 -0.4895
vn 0.4854 -0.6235 -0.6129
vn 0.4854 -0.7819 -0.3913
vn 0.6096 -0.6235 -0.4895
vn 0.5603 -0.7818 -0.2735
vn 0.7032 -0.6235 -0.3416
vn 0.6071 -0.7819 -0.1419
vn 0.7616 -0.6235 -0.1765
vn 0.6376 -0.7695 -0.0369
vn 0.7925 -0.6081 -0.0454
vn 0.4505 -0.8924 -0.0265
vn 0.4221 -0.9010 -0.1002
vn 0.3892 -0.9010 -0.1917
vn 0.3368 -0.9010 -0.2735
vn 0.2675 -0.9010 -0.3415
vn 0.1848 -0.9010 -0.3925
vn 0.0498 -0.4501 -0.8916
vn 0.1987 -0.4339 -0.8788
vn 0.3893 -0.4339 -0.8125
vn 0.5603 -0.4339 -0.7055
vn 0.7033 -0.4339 -0.5631
vn 0.8110 -0.4339 -0.3925
vn 0.8779 -0.4339 -0.2023
vn 0.9077 -0.4164 -0.0516
vn 0.0544 -0.2404 -0.9692
vn 0.2160 -0.2226 -0.9507
vn 0.4222 -0.2225 -0.8788
vn 0.6071 -0.2226 -0.7628
vn 0.7616 -0.2226 -0.6086
vn 0.8780 -0.2223 -0.4239
vn 0.9503 -0.2225 -0.2178
vn 0.9774 -0.2040 -0.0553
vn 0.2378 -0.0485 -0.9701
vn 0.4477 -0.0485 -0.8929
vn 0.6352 -0.0485 -0.7708
vn 0.7908 -0.0485 -0.6102
vn 0.9067 -0.0485 -0.4189
vn 0.9772 -0.0485 -0.2066
vn 0.9978 -0.0469 -0.0469
vn -0.0281 -0.9991 -0.0328
vn -0.2225 -0.9749 -0.0103
vn -0.2399 -0.9697 -0.0471
vn -0.2234 -0.9697 -0.0993
vn -0.1957 -0.9697 -0.1465
vn -0.1582 -0.9697 -0.1864
vn -0.1128 -0.9697 -0.2169
vn -0.0617 -0.9696 -0.2366
vn -0.0148 -0.9705 -0.2407
vn -0.6084 -0.7929 -0.0336
vn -0.4238 -0.9010 -0.0928
vn -0.4168 -0.9087 -0.0227
vn -0.6085 -0.7819 -0.1355
vn -0.7693 -0.6375 -0.0428
vn -0.7628 -0.6235 -0.1714
vn -0.5631 -0.7819 -0.2675
vn -0.7055 -0.6235 -0.3368
vn -0.4895 -0.7819 -0.3861
vn -0.6129 -0.6235 -0.4854
vn -0.3913 -0.7819 -0.4854
vn -0.4895 -0.6235 -0.6096
vn -0.2735 -0.7818 -0.5603
vn -0.3416 -0.6235 -0.7033
vn -0.1419 -0.7819 -0.6071
vn -0.1765 -0.6235 -0.7616
vn -0.0369 -0.7695 -0.6376
vn -0.0454 -0.6082 -0.7925
vn -0.0265 -0.8924 -0.4505
vn -0.1002 -0.9010 -0.4221
vn -0.1917 -0.9010 -0.3892
vn -0.2735 -0.9010 -0.3368
vn -0.3415 -0.9010 -0.2675
vn -0.3925 -0.9010 -0.1848
vn -0.8916 -0.4501 -0.0498
vn -0.8788 -0.4339 -0.1987
vn -0.8125 -0.4339 -0.3893
vn -0.7055 -0.4339 -0.5603
vn -0.5632 -0.4338 -0.7033
vn -0.3925 -0.4339 -0.8109
vn -0.2022 -0.4339 -0.8780
vn -0.0517 -0.4164 -0.9077
vn -0.9692 -0.2404 -0.0544
vn -0.9507 -0.2226 -0.2160
vn -0.8788 -0.2225 -0.4222
vn -0.7628 -0.2225 -0.6072
vn -0.6086 -0.2226 -0.7616
vn -0.4238 -0.2226 -0.8780
vn -0.2178 -0.2226 -0.9503
vn -0.0553 -0.2040 -0.9774
vn 0.0293 -0.9990 0.0342
vn 0.2225 -0.9749 0.0103
vn 0.2399 -0.9697 0.0471
vn 0.2234 -0.9697 0.0993
vn 0.1957 -0.9697 0.1465
vn 0.1582 -0.9697 0.1864
vn 0.1128 -0.9697 0.2169
vn 0.0617 -0.9696 0.2366
vn 0.0148 -0.9705 0.2407
vn 0.6084 -0.7929 0.0336
vn 0.4238 -0.9010 0.0928
vn 0.4168 -0.9087 0.0227
vn 0.6085 -0.7819 0.1355
vn 0.7693 -0.6375 0.0428
vn 0.7628 -0.6235 0.1714
vn 0.5631 -0.7819 0.2675
vn 0.7056 -0.6235 0.3368
vn 0.4895 -0.7819 0.3861
vn 0.6129 -0.6235 0.4854
vn 0.3913 -0.7819 0.4854
vn 0.4895 -0.6235 0.6096
vn 0.2735 -0.7818 0.5603
vn 0.3416 -0.6235 0.7033
vn 0.1419 -0.7819 0.6071
vn 0.1765 -0.6235 0.7616
vn 0.0369 -0.7695 0.6376
vn 0.0454 -0.6082 0.7925
vn 0.0265 -0.8924 0.4505
vn 0.1002 -0.9010 0.4221
vn 0.1917 -0.9010 0.3892
vn 0.2735 -0.9010 0.3368
vn 0.3415 -0.9010 0.2675
vn 0.3925 -0.9010 0.1848
vn 0.8916 -0.4501 0.0498
vn 0.8788 -0.4339 0.1987
vn 0.8125 -0.4339 0.3893
vn 0.7055 -0.4339 0.5603
vn 0.5632 -0.4338 0.7033
vn 0.3925 -0.4339 0.8109
vn 0.2022 -0.4339 0.8780
vn 0.0517 -0.4164 0.9077
vn 0.9692 -0.2404 0.0544
vn 0.9507 -0.2226 0.2160
vn 0.8788 -0.2225 0.4222
vn 0.7628 -0.2226 0.6071
vn 0.6086 -0.2226 0.7616
vn 0.4238 -0.2226 0.8780
vn 0.2178 -0.2226 0.9503
vn 0.0553 -0.2040 0.9774
vn 0.9978 -0.0499 0.0437
vn 0.9701 -0.0485 0.2378
vn 0.8929 -0.0485 0.4477
vn 0.7708 -0.0485 0.6352
vn 0.6102 -0.0485 0.7908
vn 0.4189 -0.0485 0.9067
vn 0.2066 -0.0485 0.9772
vn 0.0352 -0.0492 0.9982
vn 0.0553 0.2040 -0.9774
vn 0.2178 0.2225 -0.9503
vn 0.4238 0.2226 -0.8780
vn 0.6086 0.2226 -0.7616
vn 0.7628 0.2225 -0.6071
vn 0.8787 0.2226 -0.4224
vn 0.9507 0.2226 -0.2160
vn 0.9692 0.2404 -0.0544
vn 0.0517 0.4164 -0.9077
vn 0.2022 0.4339 -0.8780
vn 0.3925 0.4339 -0.8110
vn 0.5632 0.4338 -0.7033
vn 0.7055 0.4339 -0.5603
vn 0.8125 0.4339 -0.3893
vn 0.8788 0.4339 -0.1987
vn 0.8916 0.4501 -0.0498
vn 0.0454 0.6081 -0.7925
vn 0.1765 0.6235 -0.7617
vn 0.3416 0.6235 -0.7032
vn 0.4895 0.6235 -0.6096
vn 0.6129 0.6235 -0.4854
vn 0.7056 0.6235 -0.3368
vn 0.7628 0.6235 -0.1714
vn 0.7693 0.6375 -0.0428
vn 0.0369 0.7695 -0.6376
vn 0.1419 0.7819 -0.6071
vn 0.2735 0.7818 -0.5603
vn 0.3913 0.7819 -0.4854
vn 0.4895 0.7819 -0.3861
vn 0.5631 0.7819 -0.2675
vn 0.6085 0.7819 -0.1355
vn 0.6084 0.7929 -0.0336
vn 0.0265 0.8924 -0.4505
vn 0.1002 0.9010 -0.4220
vn 0.1917 0.9010 -0.3892
vn 0.2735 0.9010 -0.3368
vn 0.3415 0.9010 -0.2675
vn 0.3925 0.9010 -0.1848
vn 0.4238 0.9010 -0.0928
vn 0.4168 0.9087 -0.0227
vn 0.0148 0.9705 -0.2407
vn 0.0617 0.9696 -0.2366
vn 0.1128 0.9697 -0.2169
vn 0.1582 0.9697 -0.1864
vn 0.1957 0.9697 -0.1465
vn 0.2234 0.9697 -0.0993
vn 0.2399 0.9697 -0.0471
vn 0.2225 0.9749 -0.0103
vn 0.0198 0.9995 -0.0231
vn -0.0292 -0.9991 0.0314
vn -0.0103 -0.9749 0.2225
vn -0.0471 -0.9697 0.2399
vn -0.0993 -0.9697 0.2234
vn -0.1465 -0.9697 0.1957
vn -0.1864 -0.9697 0.1582
vn -0.2169 -0.9697 0.1128
vn -0.2366 -0.9696 0.0617
vn -0.2407 -0.9705 0.0148
vn -0.0336 -0.7929 0.6084
vn -0.0928 -0.9010 0.4238
vn -0.0227 -0.9087 0.4168
vn -0.1355 -0.7819 0.6085
vn -0.0428 -0.6375 0.7693
vn -0.1714 -0.6235 0.7628
vn -0.2675 -0.7819 0.5631
vn -0.3368 -0.6235 0.7055
vn -0.3861 -0.7819 0.4895
vn -0.4854 -0.6235 0.6129
vn -0.4854 -0.7819 0.3913
vn -0.6096 -0.6235 0.4895
vn -0.5603 -0.7818 0.2735
vn -0.7032 -0.6235 0.3416
vn -0.6071 -0.7819 0.1419
vn -0.7617 -0.6235 0.1765
vn -0.6376 -0.7695 0.0369
vn -0.7925 -0.6081 0.0454
vn -0.4505 -0.8924 0.0265
vn -0.4221 -0.9010 0.1002
vn -0.3892 -0.9010 0.1917
vn -0.3368 -0.9010 0.2735
vn -0.2675 -0.9010 0.3415
vn -0.1848 -0.9010 0.3925
vn -0.0498 -0.4501 0.8916
vn -0.1987 -0.4339 0.8788
vn -0.3893 -0.4339 0.8125
vn -0.5603 -0.4339 0.7055
vn -0.7033 -0.4339 0.5631
vn -0.8109 -0.4339 0.3925
vn -0.8780 -0.4339 0.2023
vn -0.9077 -0.4164 0.0516
vn -0.0544 -0.2404 0.9692
vn -0.2160 -0.2226 0.9507
vn -0.4222 -0.2225 0.8788
vn -0.6071 -0.2226 0.7628
vn -0.7616 -0.2226 0.6086
vn -0.8780 -0.2225 0.4238
vn -0.9503 -0.2225 0.2178
vn -0.9774 -0.2040 0.0553
vn -0.0393 -0.0505 0.9980
vn -0.2378 -0.0485 0.9701
vn -0.4477 -0.0485 0.8929
vn -0.6352 -0.0485 0.7708
vn -0.7908 -0.0485 0.6102
vn -0.9067 -0.0485 0.4189
vn -0.9772 -0.0485 0.2066
vn -0.9774 0.2040 -0.0553
vn -0.9503 0.2226 -0.2177
vn -0.8779 0.2226 -0.4239
vn -0.7616 0.2226 -0.6086
vn -0.6071 0.2226 -0.7628
vn -0.4222 0.2226 -0.8788
vn -0.2160 0.2226 -0.9507
vn -0.0544 0.2404 -0.9692
vn -0.9077 0.4164 -0.0516
vn -0.8779 0.4340 -0.2023
vn -0.8110 0.4339 -0.3925
vn -0.7033 0.4339 -0.5631
vn -0.5603 0.4339 -0.7055
vn -0.3893 0.4339 -0.8125
vn -0.1987 0.4339 -0.8788
vn -0.0498 0.4501 -0.8916
vn -0.7925 0.6082 -0.0454
vn -0.7616 0.6235 -0.1765
vn -0.7032 0.6235 -0.3416
vn -0.6096 0.6235 -0.4895
vn -0.4854 0.6235 -0.6129
vn -0.3368 0.6235 -0.7055
vn -0.1714 0.6235 -0.7628
vn -0.0428 0.6375 -0.7693
vn -0.6376 0.7695 -0.0369
vn -0.6071 0.7819 -0.1419
vn -0.5602 0.7819 -0.2735
vn -0.4854 0.7819 -0.3913
vn -0.3861 0.7819 -0.4895
vn -0.2675 0.7819 -0.5631
vn -0.1355 0.7819 -0.6085
vn -0.0336 0.7929 -0.6084
vn -0.4505 0.8924 -0.0265
vn -0.4221 0.9010 -0.1002
vn -0.3892 0.9010 -0.1917
vn -0.3368 0.9010 -0.2735
vn -0.2675 0.9010 -0.3416
vn -0.1848 0.9010 -0.3925
vn -0.0928 0.9010 -0.4238
vn -0.0227 0.9087 -0.4168
vn -0.2407 0.9705 -0.0148
vn -0.2366 0.9696 -0.0617
vn -0.2169 0.9697 -0.1128
vn -0.1864 0.9697 -0.1582
vn -0.1465 0.9697 -0.1957
vn -0.0993 0.9697 -0.2234
vn -0.0471 0.9697 -0.2399
vn -0.0103 0.9749 -0.2225
vn -0.0203 0.9996 -0.0218
vn -0.0000 0.1675 -0.9859
vn 0.0002 0.3479 -0.9375
vn 0.0002 0.5478 -0.8366
vn -0.0000 0.5320 -0.8467
vn -0.0000 0.7071 -0.7071
vn -0.0000 0.7070 -0.7072
vn -0.0000 0.8467 -0.5321
vn -0.0000 0.9439 -0.3302
vn -0.0002 0.9375 -0.3479
vn -0.0003 0.9859 -0.1675
vn -0.0002 0.8366 -0.5478
vn -0.0000 0.3302 -0.9439
vn 0.0002 0.7202 -0.6937
vn -0.0000 0.9877 -0.1565
vn 0.0002 0.8565 -0.5161
vn -0.0000 0.9902 -0.1398
vn 0.0002 0.9499 -0.3125
vn -0.0000 0.9881 -0.1537
vn -0.0002 0.6938 -0.7202
vn -0.0000 0.5321 -0.8467
vn -0.0000 0.1565 -0.9877
vn -0.0002 0.5161 -0.8565
vn -0.0000 0.1399 -0.9902
vn -0.0002 0.3125 -0.9499
vn -0.0000 0.1537 -0.9881
vn 0.9774 0.2040 0.0553
vn 0.9503 0.2226 0.2177
vn 0.8779 0.2226 0.4239
vn 0.7616 0.2226 0.6086
vn 0.6071 0.2226 0.7628
vn 0.4222 0.2226 0.8788
vn 0.2160 0.2226 0.9507
vn 0.0544 0.2404 0.9692
vn 0.9077 0.4164 0.0516
vn 0.8779 0.4340 0.2023
vn 0.8110 0.4339 0.3925
vn 0.7033 0.4339 0.5631
vn 0.5603 0.4339 0.7055
vn 0.3893 0.4339 0.8125
vn 0.1987 0.4339 0.8788
vn 0.0498 0.4501 0.8916
vn 0.7925 0.6082 0.0454
vn 0.7616 0.6235 0.1765
vn 0.7032 0.6235 0.3416
vn 0.6096 0.6235 0.4895
vn 0.4854 0.6235 0.6129
vn 0.3368 0.6235 0.7055
vn 0.1714 0.6235 0.7628
vn 0.0428 0.6375 0.7693
vn 0.6376 0.7695 0.0369
vn 0.6071 0.7819 0.1419
vn 0.5602 0.7819 0.2735
vn 0.4854 0.7819 0.3913
vn 0.3861 0.7819 0.4895
vn 0.2675 0.7819 0.5631
vn 0.1355 0.7819 0.6085
vn 0.0336 0.7929 0.6084
vn 0.4505 0.8924 0.0265
vn 0.4221 0.9010 0.1002
vn 0.3892 0.9010 0.1917
vn 0.3368 0.9010 0.2735
vn 0.2675 0.9010 0.3416
vn 0.1848 0.9010 0.3925
vn 0.0928 0.9010 0.4238
vn 0.0227 0.9087 0.4168
vn 0.2407 0.9705 0.0148
vn 0.2366 0.9696 0.0617
vn 0.2169 0.9697 0.1128
vn 0.1864 0.9697 0.1582
vn 0.1465 0.9697 0.1957
vn 0.0993 0.9697 0.2234
vn 0.0471 0.9697 0.2399
vn 0.0103 0.9749 0.2225
vn 0.0203 0.9996 0.0218
vn -0.9692 0.2404 0.0544
vn -0.9507 0.2226 0.2160
vn -0.8788 0.4339 0.1987
vn -0.8125 0.4339 0.3893
vn -0.7056 0.6235 0.3368
vn -0.6129 0.6235 0.4854
vn -0.4895 0.7819 0.3861
vn -0.3913 0.7819 0.4854
vn -0.2735 0.9010 0.3368
vn -0.1917 0.9010 0.3892
vn -0.1128 0.9697 0.2169
vn -0.0617 0.9696 0.2366
vn -0.8787 0.2226 0.4224
vn -0.7628 0.2226 0.6071
vn -0.6086 0.2226 0.7616
vn -0.5632 0.4339 0.7032
vn -0.3925 0.4339 0.8109
vn -0.3416 0.6235 0.7032
vn -0.1765 0.6235 0.7616
vn -0.1419 0.7819 0.6071
vn -0.0369 0.7695 0.6376
vn -0.0265 0.8924 0.4505
vn -0.1002 0.9010 0.4221
vn -0.0148 0.9705 0.2407
vn -0.2735 0.7818 0.5603
vn -0.4895 0.6235 0.6096
vn -0.4238 0.2226 0.8780
vn -0.2022 0.4339 0.8780
vn -0.0454 0.6081 0.7925
vn -0.2178 0.2225 0.9503
vn -0.0517 0.4164 0.9077
vn -0.0553 0.2040 0.9774
vn -0.0198 0.9995 0.0231
vn -0.2225 0.9749 0.0103
vn -0.2399 0.9697 0.0471
vn -0.2234 0.9697 0.0993
vn -0.1957 0.9697 0.1465
vn -0.1582 0.9697 0.1864
vn -0.6084 0.7929 0.0336
vn -0.4238 0.9010 0.0928
vn -0.4168 0.9087 0.0227
vn -0.6085 0.7819 0.1355
vn -0.7693 0.6375 0.0428
vn -0.7628 0.6235 0.1714
vn -0.5631 0.7819 0.2675
vn -0.3415 0.9010 0.2675
vn -0.8916 0.4501 0.0498
vn -0.7055 0.4339 0.5603
vn -0.3925 0.9010 0.1848
vn -0.0000 0.1675 0.9859
vn -0.0002 0.3479 0.9375
vn -0.0002 0.5478 0.8366
vn -0.0000 0.5320 0.8467
vn -0.0000 0.7071 0.7071
vn -0.0000 0.7070 0.7072
vn -0.0000 0.8467 0.5320
vn -0.0000 0.9439 0.3302
vn 0.0002 0.9375 0.3479
vn 0.0003 0.9859 0.1675
vn 0.0002 0.8366 0.5478
vn -0.0000 0.3302 0.9439
vn -0.0002 0.7202 0.6937
vn -0.0000 0.9877 0.1565
vn -0.0002 0.8565 0.5161
vn -0.0000 0.9902 0.1399
vn -0.0002 0.9499 0.3125
vn -0.0000 0.9881 0.1537
vn 0.0002 0.6938 0.7202
vn -0.0000 0.5321 0.8467
vn -0.0000 0.1565 0.9877
vn 0.0002 0.5161 0.8565
vn -0.0000 0.1399 0.9902
vn 0.0002 0.3125 0.9499
vn -0.0000 0.1537 0.9881
vn -0.9859 0.1675 -0.0000
vn -0.9375 0.3479 -0.0002
vn -0.8366 0.5478 -0.0002
vn -0.8565 0.5161 0.0002
vn -0.7202 0.6937 0.0002
vn -0.9499 0.3125 0.0002
vn -0.6937 0.7202 -0.0002
vn -0.5478 0.8366 0.0002
vn -0.5161 0.8565 -0.0002
vn -0.3479 0.9375 0.0002
vn -0.3125 0.9499 -0.0002
vn -0.1675 0.9859 0.0003
vn -0.1342 0.9910 -0.0000
vn -0.9910 0.1342 -0.0000
vn -0.1120 0.0007 0.9937
vn -0.3303 0.0009 0.9439
vn -0.5320 0.0006 0.8467
vn -0.7071 0.0007 0.7071
vn -0.8467 0.0008 0.5320
vn -0.9439 0.0009 0.3303
vn -0.9937 0.0006 0.1120
vn 0.9937 0.0006 0.1120
vn 0.9439 0.0009 0.3303
vn 0.8467 0.0008 0.5320
vn 0.7071 0.0007 0.7071
vn 0.5320 0.0006 0.8467
vn 0.3303 0.0008 0.9439
vn 0.1120 0.0007 0.9937
vn 0.9859 0.1675 -0.0000
vn 0.9375 0.3479 0.0002
vn 0.8366 0.5478 0.0002
vn 0.8565 0.5161 -0.0002
vn 0.7202 0.6937 -0.0002
vn 0.9499 0.3125 -0.0002
vn 0.6937 0.7202 0.0002
vn 0.5478 0.8366 -0.0002
vn 0.5161 0.8565 0.0002
vn 0.3479 0.9375 -0.0002
vn 0.3125 0.9499 0.0002
vn 0.1675 0.9859 -0.0003
vn 0.1342 0.9910 -0.0000
vn 0.9910 0.1342 -0.0000
vn -0.1675 -0.9859 -0.0000
vn -0.3479 -0.9375 -0.0002
vn -0.5478 -0.8366 -0.0002
vn -0.5161 -0.8565 0.0002
vn -0.6937 -0.7202 0.0002
vn -0.3125 -0.9499 0.0002
vn -0.7202 -0.6937 -0.0002
vn -0.8366 -0.5478 0.0002
vn -0.8565 -0.5161 -0.0002
vn -0.9375 -0.3479 0.0002
vn -0.9499 -0.3125 -0.0002
vn -0.9859 -0.1675 0.0003
vn -0.9910 -0.1342 -0.0000
vn -0.1342 -0.9910 -0.0000
vn -0.0000 -0.9859 0.1675
vn -0.0002 -0.9375 0.3479
vn -0.0002 -0.8366 0.5478
vn -0.0000 -0.8467 0.5320
vn -0.0000 -0.7071 0.7071
vn -0.0000 -0.5321 0.8467
vn -0.0000 -0.3300 0.9440
vn 0.0002 -0.3479 0.9375
vn 0.0004 -0.1675 0.9859
vn 0.0002 -0.5478 0.8366
vn -0.0000 -0.9439 0.3302
vn -0.0002 -0.6938 0.7202
vn -0.0000 -0.3304 0.9439
vn -0.0000 -0.1565 0.9877
vn -0.0002 -0.5161 0.8565
vn -0.0000 -0.1399 0.9902
vn -0.0002 -0.3125 0.9499
vn -0.0000 -0.1537 0.9881
vn 0.0002 -0.7202 0.6938
vn -0.0000 -0.9877 0.1565
vn 0.0002 -0.8565 0.5161
vn -0.0000 -0.9902 0.1399
vn 0.0002 -0.9499 0.3125
vn -0.0000 -0.9881 0.1537
vn 0.1120 0.0007 -0.9937
vn 0.3303 0.0009 -0.9439
vn 0.5320 0.0006 -0.8467
vn 0.7071 0.0007 -0.7071
vn 0.8467 0.0008 -0.5320
vn 0.9439 0.0009 -0.3303
vn 0.9937 0.0006 -0.1120
vn 0.1675 -0.9859 -0.0000
vn 0.3479 -0.9375 0.0002
vn 0.5478 -0.8366 0.0002
vn 0.5161 -0.8565 -0.0002
vn 0.6937 -0.7202 -0.0002
vn 0.3125 -0.9499 -0.0002
vn 0.7202 -0.6937 0.0002
vn 0.8366 -0.5478 -0.0002
vn 0.8565 -0.5161 0.0002
vn 0.9375 -0.3479 -0.0002
vn 0.9499 -0.3125 0.0002
vn 0.9859 -0.1675 -0.0003
vn 0.9910 -0.1342 -0.0000
vn 0.1342 -0.9910 -0.0000
vn -0.0000 -0.9859 -0.1675
vn 0.0002 -0.9375 -0.3479
vn 0.0002 -0.8366 -0.5478
vn -0.0000 -0.8467 -0.5320
vn -0.0000 -0.7071 -0.7071
vn -0.0000 -0.5321 -0.8467
vn -0.0000 -0.3300 -0.9440
vn -0.0002 -0.3479 -0.9375
vn -0.0004 -0.1675 -0.9859
vn -0.0002 -0.5478 -0.8366
vn -0.0000 -0.9439 -0.3302
vn 0.0002 -0.6938 -0.7202
vn -0.0000 -0.3304 -0.9439
vn -0.0000 -0.1565 -0.9877
vn 0.0002 -0.5161 -0.8565
vn -0.0000 -0.1399 -0.9902
vn 0.0002 -0.3125 -0.9499
vn -0.0000 -0.1537 -0.9881
vn -0.0002 -0.7202 -0.6938
vn -0.0000 -0.9877 -0.1565
vn -0.0002 -0.8565 -0.5161
vn -0.0000 -0.9902 -0.1399
vn -0.0002 -0.9499 -0.3125
vn -0.0000 -0.9881 -0.1537
vn 0.5541 0.8322 -0.0215
vn 0.2627 0.9222 -0.2839
vn 0.2926 0.9524 -0.0855
vn 0.8165 0.4082 -0.4082
vn 0.5174 0.8423 0.1512
vn 0.1396 0.9787 0.1507
vn 0.7992 0.6003 0.0310
vn 0.6880 0.5551 -0.4675
vn 0.6457 0.5550 -0.5244
vn 0.6745 0.5550 0.4869
vn 0.6306 0.5550 0.5425
vn 0.5822 0.5551 0.5941
vn 0.4577 0.7074 0.5386
vn 0.5190 0.4475 0.7283
vn 0.4132 0.5551 0.7219
vn 0.3503 0.5550 0.7545
vn 0.2849 0.5551 0.7815
vn 0.2174 0.5551 0.8029
vn 0.1483 0.5550 0.8185
vn -0.2020 0.9508 0.2350
vn 0.3559 0.8378 0.4141
vn -0.1715 0.5550 0.8140
vn -0.2401 0.5551 0.7964
vn -0.3070 0.5551 0.7731
vn -0.3716 0.5551 0.7441
vn -0.4335 0.5551 0.7099
vn -0.4923 0.5551 0.6705
vn -0.5476 0.5550 0.6262
vn -0.5988 0.5550 0.5774
vn -0.6458 0.5550 0.5243
vn -0.6880 0.5551 0.4675
vn -0.2925 0.9524 0.0855
vn -0.2627 0.9222 0.2839
vn -0.8165 0.4082 0.4082
vn -0.5174 0.8423 -0.1512
vn -0.1395 0.9787 -0.1508
vn -0.7059 0.7073 -0.0366
vn -0.7066 0.7073 0.0183
vn -0.4082 0.4082 -0.8165
vn 0.4082 0.4082 0.8165
vn 0.6202 0.7250 -0.2995
vn -0.7395 0.6222 -0.2570
vn 0.6108 0.7089 -0.3527
vn -0.6107 0.7089 -0.3527
vn 0.6756 0.7089 -0.2023
vn -0.6756 0.7089 -0.2024
vn 0.7041 0.7089 -0.0410
vn -0.7041 0.7089 -0.0411
vn 0.6946 0.7089 0.1225
vn -0.6946 0.7089 0.1224
vn 0.6476 0.7089 0.2793
vn -0.6476 0.7089 0.2793
vn 0.5657 0.7089 0.4212
vn -0.5658 0.7089 0.4211
vn 0.4533 0.7089 0.5403
vn -0.4534 0.7089 0.5402
vn 0.3165 0.7089 0.6303
vn -0.3166 0.7089 0.6302
vn 0.1626 0.7089 0.6863
vn -0.1916 0.5569 0.8082
vn -0.0000 0.3181 0.9480
vn -0.6745 0.5550 -0.4869
vn -0.6306 0.5550 -0.5425
vn -0.5822 0.5551 -0.5941
vn -0.5296 0.5550 -0.6415
vn -0.4731 0.5550 -0.6842
vn -0.4132 0.5551 -0.7219
vn -0.3503 0.5550 -0.7545
vn -0.2849 0.5551 -0.7815
vn -0.2174 0.5551 -0.8029
vn -0.1483 0.5550 -0.8185
vn 0.2020 0.9508 -0.2350
vn -0.3559 0.8378 -0.4141
vn -0.6202 0.7250 0.2995
vn 0.1715 0.5550 -0.8140
vn 0.2401 0.5551 -0.7964
vn 0.3070 0.5551 -0.7731
vn 0.3716 0.5551 -0.7441
vn 0.4335 0.5551 -0.7099
vn 0.4102 0.7074 -0.5756
vn 0.5790 0.4476 -0.6815
vn 0.5988 0.5550 -0.5774
vn 0.7395 0.6222 0.2570
vn -0.6108 0.7089 0.3527
vn 0.6107 0.7089 0.3527
vn -0.6756 0.7089 0.2023
vn 0.6756 0.7089 0.2024
vn -0.7041 0.7089 0.0410
vn 0.7041 0.7089 0.0411
vn -0.6946 0.7089 -0.1225
vn 0.6946 0.7089 -0.1224
vn -0.6476 0.7089 -0.2793
vn 0.6476 0.7089 -0.2793
vn -0.5657 0.7089 -0.4212
vn 0.5658 0.7089 -0.4211
vn -0.4533 0.7089 -0.5403
vn 0.4534 0.7089 -0.5402
vn -0.3165 0.7089 -0.6303
vn 0.3166 0.7089 -0.6302
vn -0.1626 0.7089 -0.6863
vn 0.1916 0.5569 -0.8082
vn -0.0000 0.3181 -0.9480
vn 0.6370 -0.5555 -0.5345
vn 0.5894 -0.4480 -0.6722
vn 0.7364 -0.5576 -0.3831
vn 0.6801 -0.7101 -0.1822
vn 0.3520 -0.7102 -0.6097
vn 0.2498 -0.5577 -0.7915
vn 0.0262 -0.8022 -0.5965
vn 0.0224 -0.8592 -0.5112
vn 0.2120 -0.7098 -0.6718
vn -0.1523 -0.7098 -0.6877
vn 0.2757 -0.8342 -0.4776
vn 0.5271 -0.6008 -0.6010
vn -0.4541 -0.7078 -0.5412
vn 0.5412 -0.7078 -0.4541
vn -0.6010 -0.6008 -0.5271
vn -0.4776 -0.8342 -0.2757
vn 0.5326 -0.8342 -0.1427
vn 0.7977 -0.6008 -0.0523
vn -0.7037 -0.7078 -0.0616
vn 0.7037 -0.7078 0.0616
vn -0.7977 -0.6008 0.0523
vn -0.5327 -0.8342 0.1427
vn 0.4776 -0.8342 0.2757
vn 0.6010 -0.6008 0.5271
vn -0.5411 -0.7078 0.4541
vn 0.4541 -0.7078 0.5412
vn -0.5271 -0.6008 0.6010
vn -0.2757 -0.8342 0.4776
vn 0.1523 -0.7098 0.6877
vn -0.2120 -0.7098 0.6718
vn -0.0195 -0.8957 0.4442
vn -0.0309 -0.7098 0.7037
vn 0.1795 -0.5577 0.8104
vn 0.3831 -0.5577 0.7363
vn 0.5345 -0.5555 0.6370
vn 0.6722 -0.4480 0.5895
vn 0.6097 -0.7102 0.3520
vn 0.7916 -0.5576 0.2498
vn 0.8283 -0.5555 0.0725
vn -0.0224 -0.8592 0.5112
vn -0.0262 -0.8022 0.5965
vn -0.2498 -0.5577 0.7915
vn -0.3520 -0.7102 0.6097
vn -0.5895 -0.4480 0.6722
vn -0.6370 -0.5555 0.5345
vn -0.7364 -0.5576 0.3831
vn -0.6801 -0.7101 0.1822
vn -0.8921 -0.4480 0.0585
vn -0.7916 -0.5576 -0.2498
vn -0.6097 -0.7102 -0.3520
vn -0.6722 -0.4481 -0.5894
vn -0.5345 -0.5555 -0.6370
vn -0.3831 -0.5577 -0.7363
vn -0.1795 -0.5577 -0.8104
vn 0.0309 -0.7098 -0.7037
vn 0.0195 -0.8957 -0.4442
vn 0.5411 -0.7078 -0.4541
vn 0.5327 -0.8342 -0.1427
vn -0.5326 -0.8342 0.1427
vn -0.5412 -0.7078 0.4541
vn -0.9681 0.0301 0.2486
vn -0.9577 0.1505 0.2453
vn -0.9995 0.0304 -0.0000
vn -0.8666 0.1505 0.4758
vn -0.8759 0.0301 0.4815
vn -0.7211 0.1505 0.6763
vn -0.6828 0.3547 0.6387
vn -0.5025 0.3547 0.7885
vn -0.4434 0.5682 0.6933
vn -0.2570 0.5682 0.7818
vn -0.2085 0.7486 0.6294
vn -0.0454 0.7486 0.6615
vn -0.0337 0.8855 0.4634
vn 0.0826 0.8855 0.4572
vn 0.0404 0.9648 0.2598
vn 0.1037 0.9648 0.2416
vn -0.7287 0.0301 0.6842
vn -0.5302 0.1505 0.8344
vn -0.2906 0.3547 0.8887
vn -0.0545 0.5682 0.8211
vn 0.1205 0.7486 0.6520
vn 0.1937 0.8855 0.4223
vn 0.1605 0.9648 0.2082
vn -0.5356 0.0302 0.8439
vn -0.3059 0.1503 0.9401
vn -0.0605 0.3546 0.9330
vn 0.1514 0.5682 0.8089
vn 0.2789 0.7486 0.6015
vn 0.2927 0.8855 0.3609
vn 0.2073 0.9648 0.1617
vn -0.3089 0.0301 0.9506
vn -0.0626 0.1505 0.9866
vn 0.1734 0.3547 0.9188
vn 0.3478 0.5682 0.7458
vn 0.4197 0.7486 0.5133
vn 0.3732 0.8855 0.2768
vn 0.2410 0.9648 0.1051
vn -0.0628 0.0301 0.9976
vn 0.1847 0.1505 0.9712
vn 0.3965 0.3547 0.8468
vn 0.5223 0.5682 0.6359
vn 0.5342 0.7486 0.3928
vn 0.4303 0.8855 0.1752
vn 0.2596 0.9648 0.0419
vn 0.1873 0.0303 0.9818
vn 0.4204 0.1504 0.8948
vn 0.5945 0.3548 0.7216
vn 0.6641 0.5682 0.4860
vn 0.6151 0.7486 0.2476
vn 0.4604 0.8855 0.0627
vn 0.2618 0.9648 -0.0240
vn 0.4256 0.0301 0.9044
vn 0.6297 0.1505 0.7621
vn 0.7554 0.3547 0.5510
vn 0.7641 0.5681 0.3056
vn 0.6573 0.7486 0.0869
vn 0.4615 0.8855 -0.0538
vn 0.2476 0.9648 -0.0883
vn 0.6371 0.0301 0.7702
vn 0.7995 0.1504 0.5815
vn 0.8687 0.3547 0.3459
vn 0.8161 0.5681 0.1060
vn 0.6583 0.7486 -0.0793
vn 0.4337 0.8855 -0.1668
vn 0.2179 0.9648 -0.1471
vn 0.8086 0.0302 0.5876
vn 0.9190 0.1505 0.3645
vn 0.9274 0.3547 0.1190
vn 0.8168 0.5682 -0.1003
vn 0.6179 0.7486 -0.2405
vn 0.3785 0.8855 -0.2695
vn 0.1744 0.9648 -0.1967
vn 0.9293 0.0302 0.3680
vn 0.9808 0.1504 0.1245
vn 0.9278 0.3547 -0.1154
vn 0.7662 0.5681 -0.3003
vn 0.5386 0.7486 -0.3866
vn 0.2996 0.8855 -0.3551
vn 0.1200 0.9648 -0.2339
vn 0.9917 0.0301 0.1253
vn 0.9809 0.1505 -0.1233
vn 0.8700 0.3547 -0.3425
vn 0.6674 0.5682 -0.4814
vn 0.4256 0.7485 -0.5085
vn 0.2019 0.8855 -0.4185
vn 0.0581 0.9648 -0.2564
vn 0.9917 0.0301 -0.1253
vn 0.9194 0.1504 -0.3634
vn 0.7575 0.3547 -0.5481
vn 0.5268 0.5682 -0.6322
vn 0.2857 0.7486 -0.5983
vn 0.0915 0.8855 -0.4556
vn -0.0075 0.9648 -0.2628
vn 0.9293 0.0302 -0.3680
vn 0.8001 0.1504 -0.5807
vn 0.5973 0.3547 -0.7193
vn 0.3530 0.5682 -0.7434
vn 0.1280 0.7485 -0.6506
vn -0.0247 0.8855 -0.4641
vn -0.0726 0.9648 -0.2527
vn 0.8086 0.0302 -0.5875
vn 0.6306 0.1504 -0.7614
vn 0.3997 0.3547 -0.8453
vn 0.1570 0.5682 -0.8078
vn -0.0378 0.7485 -0.6621
vn -0.1393 0.8855 -0.4433
vn -0.1332 0.9648 -0.2267
vn 0.6371 0.0301 -0.7702
vn 0.4214 0.1505 -0.8943
vn 0.1770 0.3547 -0.9181
vn -0.0488 0.5682 -0.8215
vn -0.2013 0.7486 -0.6318
vn -0.2452 0.8855 -0.3947
vn -0.1854 0.9648 -0.1864
vn 0.4256 0.0301 -0.9044
vn 0.1858 0.1504 -0.9710
vn -0.0569 0.3547 -0.9333
vn -0.2516 0.5682 -0.7835
vn -0.3521 0.7485 -0.5619
vn -0.3356 0.8855 -0.3214
vn -0.2259 0.9648 -0.1345
vn 0.1874 0.0303 -0.9818
vn -0.0615 0.1504 -0.9867
vn -0.2872 0.3547 -0.8898
vn -0.4385 0.5682 -0.6964
vn -0.4807 0.7486 -0.4566
vn -0.4050 0.8855 -0.2278
vn -0.2523 0.9648 -0.0741
vn -0.0628 0.0301 -0.9976
vn -0.3050 0.1504 -0.9404
vn -0.4995 0.3547 -0.7904
vn -0.5979 0.5682 -0.5654
vn -0.5792 0.7486 -0.3227
vn -0.4489 0.8855 -0.1199
vn -0.2628 0.9648 -0.0090
vn -0.3089 0.0301 -0.9506
vn -0.5293 0.1504 -0.8350
vn -0.6805 0.3546 -0.6412
vn -0.7197 0.5681 -0.3990
vn -0.6413 0.7486 -0.1686
vn -0.4646 0.8855 -0.0045
vn -0.2567 0.9648 0.0566
vn -0.5356 0.0302 -0.8440
vn -0.7202 0.1506 -0.6772
vn -0.8185 0.3547 -0.4520
vn -0.7964 0.5681 -0.2074
vn -0.6630 0.7486 -0.0038
vn -0.4512 0.8855 0.1112
vn -0.2346 0.9648 0.1187
vn -0.7287 0.0301 -0.6842
vn -0.8661 0.1504 -0.4767
vn -0.9052 0.3547 -0.2343
vn -0.8229 0.5682 -0.0029
vn -0.6431 0.7486 0.1612
vn -0.4093 0.8855 0.2199
vn -0.1977 0.9648 0.1733
vn -0.8759 0.0301 -0.4815
vn -0.9574 0.1505 -0.2464
vn -0.9350 0.3547 -0.0018
vn -0.7978 0.5682 0.2019
vn -0.5828 0.7486 0.3161
vn -0.3418 0.8855 0.3148
vn -0.1484 0.9648 0.2170
vn -0.9681 0.0301 -0.2486
vn -0.9886 0.1506 -0.0005
vn -0.9061 0.3547 0.2308
vn -0.7225 0.5682 0.3939
vn -0.4859 0.7486 0.4511
vn -0.2528 0.8855 0.3899
vn -0.0898 0.9648 0.2471
vn -0.8202 0.3547 0.4489
vn -0.6018 0.5682 0.5612
vn -0.3585 0.7486 0.5578
vn -0.1479 0.8855 0.4405
vn -0.0255 0.9648 0.2617
vn 0.0002 1.0000 -0.0000
vn -0.7948 0.5574 0.2401
vn -0.9686 -0.0000 0.2486
vn -0.7040 0.7096 0.0296
vn -0.8764 -0.0000 0.4817
vn -0.7101 0.5574 0.4302
vn -0.7290 -0.0000 0.6845
vn -1.0000 -0.0000 -0.0000
vn -0.9686 -0.0000 -0.2487
vn -0.8763 -0.0000 -0.4817
vn -0.7290 -0.0000 -0.6845
vn -0.5358 -0.0000 -0.8443
vn -0.3090 -0.0000 -0.9511
vn -0.0628 -0.0000 -0.9980
vn 0.1876 -0.0000 -0.9822
vn 0.4261 -0.0000 -0.9047
vn 0.6374 -0.0000 -0.7705
vn 0.8090 -0.0000 -0.5878
vn 0.9298 -0.0000 -0.3680
vn 0.9921 -0.0000 -0.1254
vn 0.9921 -0.0000 0.1254
vn 0.9297 -0.0000 0.3682
vn 0.8090 -0.0000 0.5878
vn 0.6374 -0.0000 0.7705
vn 0.4261 -0.0000 0.9047
vn 0.1875 -0.0000 0.9823
vn -0.0628 -0.0000 0.9980
vn -0.3090 -0.0000 0.9511
vn -0.5358 -0.0000 0.8443
vn -0.5808 0.5574 0.5933
vn -0.3522 0.7096 0.6103
vn -0.1894 0.7096 0.6787
vn -0.0106 0.8591 0.5117
vn 0.1610 0.7096 0.6860
vn 0.3266 0.7096 0.6244
vn 0.4716 0.7096 0.5235
vn 0.5870 0.7096 0.3898
vn 0.6655 0.7096 0.2316
vn 0.5952 0.8020 0.0499
vn 0.5889 0.8020 -0.0997
vn 0.6436 0.7096 -0.2867
vn 0.5521 0.7096 -0.4378
vn 0.4259 0.7096 -0.5613
vn 0.2729 0.7096 -0.6496
vn 0.1028 0.7096 -0.6971
vn -0.0536 0.8591 -0.5090
vn -0.2457 0.7096 -0.6604
vn -0.4022 0.7096 -0.5785
vn -0.6285 0.5574 -0.5424
vn -0.7436 0.5575 -0.3690
vn -0.8121 0.5574 -0.1725
vn -0.8666 0.1504 0.4758
vn -0.2570 0.5681 0.7818
vn -0.3059 0.1504 0.9401
vn -0.0605 0.3547 0.9330
vn 0.1514 0.5681 0.8089
vn 0.5946 0.3547 0.7215
vn 0.7641 0.5682 0.3056
vn 0.8161 0.5682 0.1060
vn 0.9190 0.1504 0.3645
vn 0.8168 0.5681 -0.1003
vn 0.5974 0.3547 -0.7192
vn 0.1280 0.7486 -0.6506
vn -0.0247 0.8855 -0.4640
vn 0.3997 0.3547 -0.8452
vn -0.0378 0.7486 -0.6620
vn -0.0569 0.3546 -0.9333
vn -0.3521 0.7486 -0.5619
vn -0.0616 0.1504 -0.9867
vn -0.4385 0.5681 -0.6964
vn -0.6804 0.3547 -0.6413
vn -0.7197 0.5682 -0.3990
vn -0.5356 0.0302 -0.8439
vn -0.7964 0.5682 -0.2074
vn -0.9051 0.3547 -0.2344
vn -0.9574 0.1506 -0.2464
vn -0.0001 1.0000 -0.0000
vn -0.6745 0.7096 0.2038
vn -0.9686 -0.0000 0.2487
vn -0.5114 0.8591 0.0215
vn -0.6026 0.7096 0.3651
vn -0.5358 -0.0000 -0.8444
vn 0.9298 -0.0000 -0.3681
vn 0.9921 -0.0000 -0.1253
vn 0.9921 -0.0000 0.1253
vn 0.9298 -0.0000 0.3681
vn -0.4929 0.7096 0.5035
vn -0.2985 0.8020 0.5173
vn -0.0124 0.8020 0.5972
vn 0.1365 0.8020 0.5815
vn 0.3848 0.5574 0.7357
vn 0.6916 0.5574 0.4593
vn 0.7841 0.5574 0.2729
vn 0.8273 0.5575 0.0693
vn 0.6947 0.7096 -0.1176
vn 0.7584 0.5574 -0.3378
vn 0.6506 0.5574 -0.5158
vn 0.3216 0.5575 -0.7653
vn 0.0871 0.8020 -0.5909
vn -0.0626 0.8020 -0.5940
vn -0.3410 0.8020 -0.4904
vn -0.5335 0.7096 -0.4603
vn -0.6312 0.7096 -0.3132
vn -0.6892 0.7096 -0.1464
vn 0.6086 0.3581 -0.7081
vn 0.5230 0.8141 0.2525
vn -0.6487 0.7269 0.2255
vn -0.8225 -0.0000 0.5688
vn -0.6112 0.7085 0.3529
vn -0.9183 -0.0000 0.3959
vn -0.5733 0.8011 0.1717
vn -0.9848 -0.0000 0.1735
vn -0.5974 0.8012 0.0348
vn -0.9983 -0.0000 -0.0584
vn -0.5894 0.8011 -0.1039
vn -0.9579 -0.0000 -0.2869
vn -0.6480 0.7085 -0.2795
vn -0.8660 -0.0000 -0.5001
vn -0.6667 0.5560 -0.4963
vn -0.7273 -0.0000 -0.6863
vn -0.4536 0.7085 -0.5406
vn -0.5495 -0.0000 -0.8355
vn -0.3167 0.7085 -0.6307
vn -0.3419 -0.0000 -0.9397
vn -0.1627 0.7085 -0.6867
vn -0.1159 -0.0000 -0.9933
vn -0.0000 0.8011 -0.5985
vn 0.1162 -0.0000 -0.9932
vn 0.1628 0.7085 -0.6867
vn 0.3421 -0.0000 -0.9397
vn 0.3170 0.7085 -0.6305
vn 0.5497 -0.0000 -0.8354
vn 0.4537 0.7085 -0.5406
vn 0.7274 -0.0000 -0.6862
vn 0.5661 0.7085 -0.4214
vn 0.8661 -0.0000 -0.4998
vn 0.6480 0.7085 -0.2795
vn 0.9580 -0.0000 -0.2867
vn 0.5894 0.8011 -0.1039
vn 0.9983 -0.0000 -0.0579
vn 0.5974 0.8012 0.0349
vn 0.9848 -0.0000 0.1737
vn 0.5733 0.8011 0.1717
vn 0.9182 -0.0000 0.3962
vn 0.6112 0.7085 0.3528
vn 0.8224 -0.0000 0.5689
vn -0.5172 0.6087 -0.6017
vn 0.6487 0.7269 -0.2255
vn 0.8225 -0.0000 -0.5688
vn 0.6112 0.7085 -0.3529
vn 0.9183 -0.0000 -0.3959
vn 0.5733 0.8011 -0.1717
vn 0.9848 -0.0000 -0.1735
vn 0.5974 0.8012 -0.0348
vn 0.9983 -0.0000 0.0584
vn 0.5894 0.8011 0.1039
vn 0.9579 -0.0000 0.2869
vn 0.6480 0.7085 0.2795
vn 0.8660 -0.0000 0.5001
vn 0.5661 0.7085 0.4215
vn 0.7273 -0.0000 0.6863
vn 0.4536 0.7085 0.5406
vn 0.5495 -0.0000 0.8355
vn 0.3167 0.7085 0.6307
vn 0.3419 -0.0000 0.9397
vn 0.1627 0.7085 0.6867
vn 0.1159 -0.0000 0.9933
vn -0.0000 0.8011 0.5985
vn -0.1162 -0.0000 0.9932
vn -0.1628 0.7085 0.6867
vn -0.3422 -0.0000 0.9396
vn -0.3170 0.7085 0.6305
vn -0.5497 -0.0000 0.8354
vn -0.4537 0.7085 0.5406
vn -0.7274 -0.0000 0.6862
vn -0.6667 0.5560 0.4963
vn -0.8661 -0.0000 0.4999
vn -0.6480 0.7085 0.2795
vn -0.9580 -0.0000 0.2867
vn -0.5894 0.8011 0.1039
vn -0.9983 -0.0000 0.0579
vn -0.5974 0.8012 -0.0349
vn -0.9848 -0.0000 -0.1737
vn -0.5733 0.8011 -0.1717
vn -0.9182 -0.0000 -0.3962
vn -0.6112 0.7085 -0.3528
vn -0.8224 -0.0000 -0.5689
vn -0.5230 0.8141 -0.2525
vn 0.5172 0.6087 0.6017
vn -0.6086 0.3581 0.7081
vn -0.1715 0.5550 -0.8140
vn -0.2401 0.5551 -0.7964
vn -0.2608 0.7074 -0.6569
vn -0.3157 0.7074 -0.6324
vn -0.4335 0.5552 -0.7099
vn -0.4183 0.7074 -0.5697
vn -0.5476 0.5551 -0.6262
vn -0.4317 0.8002 -0.4162
vn -0.6457 0.5550 -0.5244
vn -0.5846 0.7074 -0.3973
vn 0.1483 0.5551 -0.8184
vn 0.2174 0.5551 -0.8029
vn 0.2421 0.7074 -0.6641
vn 0.2977 0.7074 -0.6411
vn 0.4132 0.5550 -0.7220
vn 0.4641 0.6004 -0.6513
vn 0.4577 0.7074 -0.5386
vn 0.4198 0.8002 -0.4283
vn 0.5358 0.7074 -0.4609
vn 0.6745 0.5550 -0.4869
vn 0.6647 0.7214 -0.1942
vn -0.1483 0.5551 0.8184
vn -0.2174 0.5551 0.8029
vn -0.2421 0.7074 0.6641
vn -0.2977 0.7074 0.6411
vn -0.4132 0.5550 0.7220
vn -0.4020 0.7074 0.5814
vn -0.5296 0.5550 0.6415
vn -0.4197 0.8002 0.4283
vn -0.6306 0.5550 0.5425
vn -0.5731 0.7074 0.4137
vn -0.7564 0.6157 0.2210
vn -0.2408 0.9631 -0.1205
vn 0.4317 0.8002 0.4163
vn 0.5487 0.7074 0.4455
vn 0.6880 0.5551 0.4675
vn 0.4154 0.9015 0.1213
vn -0.1078 0.9705 0.2157
vn -0.7066 0.7073 -0.0183
vn -0.6429 0.3224 -0.6948
vn 0.1362 0.9525 -0.2722
vn 0.2157 0.9705 0.1078
vn -0.8307 0.5551 0.0431
vn -0.5613 0.5630 0.6066
vn 0.5790 0.4477 0.6814
vn 0.3217 0.8322 0.4515
vn 0.4335 0.5552 0.7099
vn 0.3157 0.7074 0.6324
vn 0.2608 0.7074 0.6569
vn 0.2401 0.5551 0.7964
vn 0.1715 0.5550 0.8140
vn 0.6429 0.3224 0.6948
vn 0.7063 0.7074 0.0274
vn 0.7992 0.6003 -0.0310
vn 0.5613 0.5630 -0.6066
vn -0.6892 -0.7096 0.1464
vn -0.7437 -0.5575 0.3690
vn -0.6286 -0.5574 0.5424
vn -0.4740 -0.5574 0.6817
vn -0.2457 -0.7096 0.6604
vn -0.0626 -0.8019 0.5941
vn 0.0747 -0.8590 0.5064
vn 0.3216 -0.5575 0.7654
vn 0.5018 -0.5574 0.6614
vn 0.6506 -0.5574 0.5158
vn 0.6436 -0.7096 0.2867
vn 0.8186 -0.5574 0.1386
vn 0.7022 -0.7096 -0.0588
vn 0.6655 -0.7096 -0.2316
vn 0.5870 -0.7096 -0.3898
vn 0.4716 -0.7096 -0.5235
vn 0.2768 -0.8020 -0.5293
vn 0.1610 -0.7096 -0.6860
vn -0.0172 -0.5574 -0.8301
vn -0.1894 -0.7096 -0.6787
vn -0.2985 -0.8020 -0.5173
vn -0.4929 -0.7096 -0.5035
vn -0.6026 -0.7096 -0.3651
vn -0.5718 -0.8020 -0.1728
vn -0.8294 -0.5575 -0.0349
vn -0.4350 -0.8957 0.0924
vn -0.6312 -0.7096 0.3132
vn -0.5335 -0.7096 0.4603
vn -0.4740 -0.5575 0.6816
vn -0.0626 -0.8020 0.5940
vn 0.1028 -0.7096 0.6971
vn 0.3216 -0.5575 0.7653
vn 0.4259 -0.7096 0.5613
vn 0.5521 -0.7096 0.4378
vn 0.4675 -0.8591 0.2083
vn 0.6947 -0.7096 0.1176
vn 0.8273 -0.5575 -0.0693
vn 0.6916 -0.5574 -0.4593
vn 0.5556 -0.5574 -0.6169
vn 0.3847 -0.5575 -0.7357
vn 0.1170 -0.8591 -0.4983
vn 0.1211 -0.5575 -0.8213
vn -0.0124 -0.8020 -0.5972
vn -0.4150 -0.5574 -0.7191
vn -0.5808 -0.5574 -0.5933
vn -0.7101 -0.5574 -0.4302
vn -0.6745 -0.7096 -0.2038
vn -0.0172 -0.5574 -0.8300
vn 0.1170 -0.8590 -0.4984
vn -0.5808 -0.5574 -0.5932
vn -0.7437 -0.5574 0.3690
vn -0.0626 -0.8020 0.5941
vn 0.3847 -0.5574 -0.7357
vn 0.5018 -0.5575 0.6614
vn 0.1170 -0.8590 -0.4983
vn 0.3936 -0.8579 0.3303
vn 0.8661 -0.0000 0.5000
vn 0.8624 -0.4504 0.2311
vn 0.9659 -0.0000 0.2589
vn 0.7364 -0.5576 0.3831
vn 0.5527 -0.8326 0.0362
vn 0.3652 -0.8326 0.4164
vn -0.2871 -0.8947 0.3421
vn -0.5000 -0.0000 0.8660
vn -0.1795 -0.5576 0.8105
vn -0.2588 -0.0000 0.9659
vn -0.3251 -0.7098 0.6249
vn -0.0000 -0.0000 1.0000
vn 0.0309 -0.7098 0.7037
vn 0.2588 -0.0000 0.9659
vn 0.2498 -0.5577 0.7916
vn 0.5000 -0.0000 0.8660
vn 0.3521 -0.7101 0.6097
vn -0.4691 -0.7815 0.4114
vn -0.5119 -0.8579 0.0448
vn -0.9659 -0.0000 0.2590
vn -0.6100 -0.7101 0.3516
vn -0.8661 -0.0000 0.5000
vn -0.9040 -0.3184 0.2853
vn -0.7048 -0.7079 -0.0462
vn -0.3936 -0.8579 -0.3302
vn -0.8661 -0.0000 -0.5000
vn -0.8624 -0.4504 -0.2311
vn -0.9659 -0.0000 -0.2590
vn -0.7364 -0.5576 -0.3831
vn -0.3652 -0.8326 -0.4165
vn 0.2870 -0.8947 -0.3421
vn 0.5001 -0.0000 -0.8660
vn 0.1795 -0.5576 -0.8105
vn 0.2588 -0.0000 -0.9659
vn 0.3831 -0.5576 -0.7364
vn -0.0001 -0.0000 -1.0000
vn -0.0309 -0.7098 -0.7037
vn -0.2588 -0.0000 -0.9659
vn -0.2498 -0.5576 -0.7916
vn -0.4998 -0.0000 -0.8661
vn -0.2754 -0.8342 -0.4778
vn 0.4691 -0.7815 -0.4114
vn 0.5119 -0.8579 -0.0448
vn 0.9659 -0.0000 -0.2589
vn 0.6100 -0.7101 -0.3516
vn 0.8661 -0.0000 -0.5000
vn 0.9040 -0.3184 -0.2853
vn 0.8661 -0.0000 0.4998
vn 0.8624 -0.4503 0.2311
vn 0.9659 -0.0000 0.2588
vn -0.9659 -0.0000 0.2589
vn -0.6097 -0.7101 0.3521
vn -0.8660 -0.0000 0.5000
vn -0.3937 -0.8579 -0.3302
vn -0.8660 -0.0000 -0.5000
vn -0.9659 -0.0000 -0.2589
vn -0.7364 -0.5577 -0.3831
vn 0.5000 -0.0000 -0.8660
vn -0.0000 -0.0000 -1.0000
vn -0.5000 -0.0000 -0.8661
vn 0.5118 -0.8579 -0.0448
vn 0.3936 -0.8579 0.3302
vn 0.8660 -0.0000 0.5000
vn 0.7364 -0.5577 0.3831
vn -0.2870 -0.8947 0.3421
vn -0.8661 -0.0000 0.4998
vn -0.3936 -0.8579 -0.3303
vn -0.8661 -0.0000 -0.4998
vn -0.8624 -0.4503 -0.2311
vn -0.9659 -0.0000 -0.2588
vn -0.3652 -0.8326 -0.4164
vn 0.2870 -0.8948 -0.3421
vn 0.4998 -0.0000 -0.8661
vn -0.5000 -0.0000 -0.8660
vn -0.2782 -0.8342 -0.4762
vn 0.6097 -0.7101 -0.3521
vn 0.8660 -0.0000 -0.5000
vn -0.2498 -0.5577 -0.7916
vn -0.2765 -0.8342 -0.4772
vn -0.3653 -0.8326 -0.4164
vn 0.9659 -0.0000 -0.2590
vn 0.9659 -0.0000 0.2590
vn -0.2870 -0.8947 0.3422
s 1
f 58//1 1//2 6//3
f 6//3 1//2 2//4
f 44//5 2//4 3//6
f 45//7 3//6 61//8
f 47//9 61//8 4//10
f 50//11 4//10 60//12
f 5//13 60//12 90//14
f 5//13 50//11 60//12
f 6//3 2//4 44//5
f 44//5 3//6 45//7
f 45//7 61//8 47//9
f 47//9 4//10 50//11
f 90//14 9//15 5//13
f 5//13 9//15 7//16
f 7//16 9//15 8//17
f 8//17 9//15 84//18
f 10//19 84//18 83//20
f 11//21 83//20 16//22
f 12//23 16//22 81//24
f 13//25 81//24 14//26
f 15//27 14//26 79//28
f 15//27 13//25 14//26
f 8//17 84//18 10//19
f 10//19 83//20 11//21
f 11//21 16//22 12//23
f 12//23 81//24 13//25
f 79//28 78//29 15//27
f 15//27 78//29 42//30
f 42//30 78//29 17//31
f 17//31 78//29 77//32
f 40//33 77//32 88//34
f 18//35 88//34 86//36
f 20//37 86//36 76//38
f 36//39 76//38 19//40
f 54//41 19//40 72//42
f 54//41 36//39 19//40
f 17//31 77//32 40//33
f 40//33 88//34 18//35
f 18//35 86//36 20//37
f 20//37 76//38 36//39
f 72//42 71//43 54//41
f 54//41 71//43 32//44
f 32//44 71//43 55//45
f 55//45 71//43 68//46
f 25//47 68//46 26//48
f 21//49 26//48 70//50
f 22//51 70//50 65//52
f 24//53 65//52 64//54
f 23//55 64//54 62//56
f 23//55 24//53 64//54
f 55//45 68//46 25//47
f 25//47 26//48 21//49
f 21//49 70//50 22//51
f 22//51 65//52 24//53
f 62//56 1//2 23//55
f 23//55 1//2 58//1
f 23//55 58//1 162//57
f 27//58 23//55 162//57
f 27//58 24//53 23//55
f 27//58 28//59 24//53
f 24//53 28//59 22//51
f 22//51 28//59 29//60
f 21//49 29//60 56//61
f 25//47 56//61 140//62
f 55//45 140//62 30//63
f 31//64 55//45 30//63
f 31//64 32//44 55//45
f 31//64 33//65 32//44
f 32//44 33//65 34//66
f 54//41 34//66 35//67
f 36//39 35//67 37//68
f 38//69 36//39 37//68
f 38//69 20//37 36//39
f 38//69 39//70 20//37
f 20//37 39//70 18//35
f 18//35 39//70 98//71
f 40//33 98//71 41//72
f 17//31 41//72 43//73
f 42//30 43//73 15//27
f 42//30 17//31 43//73
f 44//5 57//74 6//3
f 44//5 46//75 57//74
f 44//5 45//7 46//75
f 46//75 45//7 153//76
f 153//76 45//7 47//9
f 48//77 47//9 50//11
f 156//78 50//11 49//79
f 156//78 48//77 50//11
f 153//76 47//9 48//77
f 50//11 5//13 49//79
f 49//79 5//13 51//80
f 51//80 5//13 7//16
f 146//81 7//16 112//82
f 146//81 51//80 7//16
f 7//16 8//17 112//82
f 112//82 8//17 113//83
f 113//83 8//17 115//84
f 115//84 8//17 10//19
f 116//85 10//19 11//21
f 52//86 11//21 12//23
f 53//87 12//23 13//25
f 92//88 13//25 15//27
f 43//73 92//88 15//27
f 115//84 10//19 116//85
f 116//85 11//21 52//86
f 52//86 12//23 53//87
f 53//87 13//25 92//88
f 17//31 40//33 41//72
f 40//33 18//35 98//71
f 36//39 54//41 35//67
f 54//41 32//44 34//66
f 55//45 25//47 140//62
f 25//47 21//49 56//61
f 21//49 22//51 29//60
f 57//74 162//57 6//3
f 6//3 162//57 58//1
f 60//12 59//89 90//14
f 60//12 898//90 59//89
f 60//12 899//91 898//90
f 60//12 4//10 899//91
f 899//91 4//10 893//92
f 893//92 4//10 61//8
f 69//93 61//8 3//6
f 895//94 3//6 2//4
f 1028//95 2//4 1//2
f 63//96 1//2 62//56
f 64//54 63//96 62//56
f 64//54 66//97 63//96
f 64//54 65//52 66//97
f 66//97 65//52 67//98
f 67//98 65//52 70//50
f 791//99 70//50 26//48
f 793//100 26//48 68//46
f 795//101 68//46 786//102
f 795//101 793//100 68//46
f 893//92 61//8 69//93
f 69//93 3//6 895//94
f 895//94 2//4 1028//95
f 1028//95 1//2 63//96
f 67//98 70//50 791//99
f 791//99 26//48 793//100
f 68//46 71//43 786//102
f 786//102 71//43 799//103
f 799//103 71//43 72//42
f 771//104 72//42 73//105
f 771//104 799//103 72//42
f 72//42 19//40 73//105
f 73//105 19//40 74//106
f 74//106 19//40 75//107
f 75//107 19//40 76//38
f 85//108 76//38 86//36
f 87//109 86//36 88//34
f 779//110 88//34 77//32
f 93//111 77//32 78//29
f 89//112 78//29 79//28
f 14//26 89//112 79//28
f 14//26 80//113 89//112
f 14//26 81//24 80//113
f 80//113 81//24 82//114
f 82//114 81//24 16//22
f 127//115 16//22 83//20
f 129//116 83//20 84//18
f 131//117 84//18 122//118
f 131//117 129//116 84//18
f 75//107 76//38 85//108
f 85//108 86//36 87//109
f 87//109 88//34 779//110
f 779//110 77//32 93//111
f 93//111 78//29 89//112
f 82//114 16//22 127//115
f 127//115 83//20 129//116
f 84//18 9//15 122//118
f 122//118 9//15 148//119
f 148//119 9//15 90//14
f 91//120 90//14 59//89
f 91//120 148//119 90//14
f 43//73 666//121 92//88
f 92//88 666//121 110//122
f 89//112 841//123 93//111
f 93//111 841//123 511//124
f 666//121 43//73 94//125
f 95//126 94//125 105//127
f 104//128 105//127 99//129
f 669//130 99//129 103//131
f 101//132 103//131 102//133
f 683//134 102//133 96//135
f 100//136 96//135 97//137
f 737//138 97//137 34//66
f 737//138 100//136 97//137
f 98//71 105//127 41//72
f 98//71 99//129 105//127
f 98//71 39//70 99//129
f 99//129 39//70 103//131
f 103//131 39//70 38//69
f 102//133 38//69 37//68
f 96//135 37//68 35//67
f 97//137 35//67 34//66
f 97//137 96//135 35//67
f 103//131 38//69 102//133
f 102//133 37//68 96//135
f 100//136 683//134 96//135
f 683//134 101//132 102//133
f 101//132 669//130 103//131
f 669//130 104//128 99//129
f 104//128 95//126 105//127
f 95//126 666//121 94//125
f 41//72 105//127 94//125
f 43//73 41//72 94//125
f 33//65 727//139 34//66
f 34//66 727//139 737//138
f 147//140 146//81 106//141
f 535//142 106//141 114//143
f 534//144 114//143 107//145
f 119//146 107//145 117//147
f 567//148 117//147 108//149
f 531//150 108//149 109//151
f 118//152 109//151 111//153
f 110//122 111//153 92//88
f 110//122 118//152 111//153
f 113//83 114//143 112//82
f 113//83 107//145 114//143
f 113//83 115//84 107//145
f 107//145 115//84 117//147
f 117//147 115//84 116//85
f 108//149 116//85 52//86
f 109//151 52//86 53//87
f 111//153 53//87 92//88
f 111//153 109//151 53//87
f 117//147 116//85 108//149
f 108//149 52//86 109//151
f 118//152 531//150 109//151
f 531//150 567//148 108//149
f 567//148 119//146 117//147
f 119//146 534//144 107//145
f 534//144 535//142 114//143
f 535//142 147//140 106//141
f 112//82 114//143 106//141
f 146//81 112//82 106//141
f 841//123 89//112 120//154
f 126//155 120//154 80//113
f 125//156 80//113 82//114
f 373//157 82//114 121//158
f 374//159 121//158 127//115
f 128//160 127//115 129//116
f 134//161 129//116 130//162
f 133//163 130//162 131//117
f 132//164 131//117 122//118
f 123//165 122//118 124//166
f 939//167 124//166 148//119
f 939//167 123//165 124//166
f 126//155 80//113 125//156
f 373//157 125//156 82//114
f 373//157 126//155 125//156
f 82//114 127//115 121//158
f 374//159 127//115 128//160
f 134//161 128//160 129//116
f 134//161 374//159 128//160
f 129//116 131//117 130//162
f 133//163 131//117 132//164
f 123//165 132//164 122//118
f 123//165 133//163 132//164
f 122//118 148//119 124//166
f 133//163 134//161 130//162
f 374//159 373//157 121//158
f 126//155 841//123 120//154
f 89//112 80//113 120//154
f 727//139 33//65 145//168
f 144//169 145//168 139//170
f 620//171 139//170 135//172
f 143//173 135//172 141//174
f 651//175 141//174 136//176
f 653//177 136//176 142//178
f 654//179 142//178 137//180
f 138//181 137//180 27//58
f 138//181 654//179 137//180
f 30//63 139//170 31//64
f 30//63 135//172 139//170
f 30//63 140//62 135//172
f 135//172 140//62 141//174
f 141//174 140//62 56//61
f 136//176 56//61 29//60
f 142//178 29//60 28//59
f 137//180 28//59 27//58
f 137//180 142//178 28//59
f 141//174 56//61 136//176
f 136//176 29//60 142//178
f 654//179 653//177 142//178
f 653//177 651//175 136//176
f 651//175 143//173 141//174
f 143//173 620//171 135//172
f 620//171 144//169 139//170
f 144//169 727//139 145//168
f 31//64 139//170 145//168
f 33//65 31//64 145//168
f 146//81 147//140 51//80
f 51//80 147//140 604//182
f 91//120 889//183 148//119
f 148//119 889//183 939//167
f 162//57 149//184 27//58
f 27//58 149//184 138//181
f 149//184 162//57 163//185
f 161//186 163//185 150//187
f 159//188 150//187 160//189
f 442//190 160//189 152//191
f 441//192 152//191 154//193
f 158//194 154//193 155//195
f 151//196 155//195 157//197
f 604//182 157//197 51//80
f 604//182 151//196 157//197
f 46//75 150//187 57//74
f 46//75 160//189 150//187
f 46//75 153//76 160//189
f 160//189 153//76 152//191
f 152//191 153//76 48//77
f 154//193 48//77 156//78
f 155//195 156//78 49//79
f 157//197 49//79 51//80
f 157//197 155//195 49//79
f 152//191 48//77 154//193
f 154//193 156//78 155//195
f 151//196 158//194 155//195
f 158//194 441//192 154//193
f 441//192 442//190 152//191
f 442//190 159//188 160//189
f 159//188 161//186 150//187
f 161//186 149//184 163//185
f 57//74 150//187 163//185
f 162//57 57//74 163//185
f 164//198 197//199 198//200
f 164//198 207//201 197//199
f 197//199 207//201 165//202
f 165//202 207//201 209//203
f 967//204 209//203 210//205
f 966//206 210//205 180//207
f 181//208 180//207 211//209
f 166//210 211//209 168//211
f 167//212 168//211 206//213
f 169//214 206//213 170//215
f 182//216 170//215 205//217
f 968//218 205//217 171//219
f 183//220 171//219 208//221
f 184//222 208//221 172//223
f 969//224 172//223 204//225
f 173//226 204//225 174//227
f 185//228 174//227 186//229
f 187//230 186//229 199//231
f 188//232 199//231 175//233
f 176//234 175//233 200//235
f 970//236 200//235 203//237
f 971//238 203//237 177//239
f 189//240 177//239 190//241
f 191//242 190//241 202//243
f 192//244 202//243 201//245
f 973//246 201//245 193//247
f 194//248 193//247 195//249
f 179//250 195//249 196//251
f 178//252 196//251 974//253
f 178//252 179//250 196//251
f 165//202 209//203 967//204
f 967//204 210//205 966//206
f 966//206 180//207 181//208
f 181//208 211//209 166//210
f 166//210 168//211 167//212
f 167//212 206//213 169//214
f 169//214 170//215 182//216
f 182//216 205//217 968//218
f 968//218 171//219 183//220
f 183//220 208//221 184//222
f 184//222 172//223 969//224
f 969//224 204//225 173//226
f 173//226 174//227 185//228
f 185//228 186//229 187//230
f 187//230 199//231 188//232
f 188//232 175//233 176//234
f 176//234 200//235 970//236
f 970//236 203//237 971//238
f 971//238 177//239 189//240
f 189//240 190//241 191//242
f 191//242 202//243 192//244
f 192//244 201//245 973//246
f 973//246 193//247 194//248
f 194//248 195//249 179//250
f 196//251 198//200 974//253
f 974//253 198//200 197//199
f 196//251 174//227 198//200
f 196//251 186//229 174//227
f 196//251 195//249 186//229
f 186//229 195//249 199//231
f 199//231 195//249 193//247
f 175//233 193//247 201//245
f 200//235 201//245 202//243
f 203//237 202//243 190//241
f 177//239 203//237 190//241
f 199//231 193//247 175//233
f 175//233 201//245 200//235
f 200//235 202//243 203//237
f 174//227 204//225 198//200
f 198//200 204//225 164//198
f 164//198 204//225 172//223
f 207//201 172//223 208//221
f 209//203 208//221 171//219
f 210//205 171//219 205//217
f 180//207 205//217 170//215
f 211//209 170//215 206//213
f 168//211 211//209 206//213
f 164//198 172//223 207//201
f 207//201 208//221 209//203
f 209//203 171//219 210//205
f 210//205 205//217 180//207
f 180//207 170//215 211//209
f 251//254 243//255 244//200
f 251//254 212//201 243//255
f 243//255 212//201 227//256
f 227//256 212//201 253//203
f 989//257 253//203 257//205
f 990//258 257//205 259//207
f 228//259 259//207 213//209
f 229//260 213//209 230//211
f 231//212 230//211 256//213
f 993//261 256//213 260//215
f 994//262 260//215 258//217
f 995//218 258//217 255//219
f 214//220 255//219 254//221
f 232//263 254//221 216//223
f 215//264 216//223 252//225
f 217//226 252//225 245//227
f 999//265 245//227 247//229
f 233//230 247//229 218//231
f 234//266 218//231 219//233
f 998//267 219//233 235//235
f 236//268 235//235 237//237
f 220//269 237//237 221//239
f 238//240 221//239 239//241
f 240//242 239//241 250//243
f 222//270 250//243 249//245
f 223//246 249//245 248//247
f 241//271 248//247 224//249
f 226//250 224//249 246//251
f 225//272 246//251 242//253
f 225//272 226//250 246//251
f 227//256 253//203 989//257
f 989//257 257//205 990//258
f 990//258 259//207 228//259
f 228//259 213//209 229//260
f 229//260 230//211 231//212
f 231//212 256//213 993//261
f 993//261 260//215 994//262
f 994//262 258//217 995//218
f 995//218 255//219 214//220
f 214//220 254//221 232//263
f 232//263 216//223 215//264
f 215//264 252//225 217//226
f 217//226 245//227 999//265
f 999//265 247//229 233//230
f 233//230 218//231 234//266
f 234//266 219//233 998//267
f 998//267 235//235 236//268
f 236//268 237//237 220//269
f 220//269 221//239 238//240
f 238//240 239//241 240//242
f 240//242 250//243 222//270
f 222//270 249//245 223//246
f 223//246 248//247 241//271
f 241//271 224//249 226//250
f 246//251 244//200 242//253
f 242//253 244//200 243//255
f 246//251 245//227 244//200
f 246//251 247//229 245//227
f 246//251 224//249 247//229
f 247//229 224//249 218//231
f 218//231 224//249 248//247
f 219//233 248//247 249//245
f 235//235 249//245 250//243
f 237//237 250//243 239//241
f 221//239 237//237 239//241
f 218//231 248//247 219//233
f 219//233 249//245 235//235
f 235//235 250//243 237//237
f 245//227 252//225 244//200
f 244//200 252//225 251//254
f 251//254 252//225 216//223
f 212//201 216//223 254//221
f 253//203 254//221 255//219
f 257//205 255//219 258//217
f 259//207 258//217 260//215
f 213//209 260//215 256//213
f 230//211 213//209 256//213
f 251//254 216//223 212//201
f 212//201 254//221 253//203
f 253//203 255//219 257//205
f 257//205 258//217 259//207
f 259//207 260//215 213//209
f 261//273 1751//274 1746//275
f 261//273 262//276 1751//274
f 261//273 263//277 262//276
f 262//276 263//277 1744//278
f 1744//278 263//277 1758//279
f 267//280 1758//279 265//281
f 264//282 265//281 266//283
f 1754//284 266//283 1755//285
f 1754//284 264//282 266//283
f 1744//278 1758//279 267//280
f 267//280 265//281 264//282
f 1751//274 268//286 1746//275
f 1746//275 268//286 273//287
f 273//287 268//286 269//288
f 1738//289 269//288 1750//290
f 1739//291 1750//290 1741//292
f 1747//293 1741//292 1740//294
f 271//295 1740//294 272//296
f 270//297 271//295 272//296
f 273//287 269//288 1738//289
f 1738//289 1750//290 1739//291
f 1739//291 1741//292 1747//293
f 1747//293 1740//294 271//295
f 1821//273 274//274 1805//275
f 1821//273 1816//276 274//274
f 1821//273 1804//277 1816//276
f 1816//276 1804//277 1800//278
f 1800//278 1804//277 1803//279
f 275//280 1803//279 277//281
f 1819//282 277//281 276//283
f 1801//298 276//283 1802//285
f 1801//298 1819//282 276//283
f 1800//278 1803//279 275//280
f 275//280 277//281 1819//282
f 274//274 1798//286 1805//275
f 1805//275 1798//286 1794//287
f 1794//287 1798//286 278//288
f 281//289 278//288 279//290
f 1808//291 279//290 282//292
f 280//293 282//292 1814//294
f 1811//295 1814//294 1796//296
f 1812//297 1811//295 1796//296
f 1794//287 278//288 281//289
f 281//289 279//290 1808//291
f 1808//291 282//292 280//293
f 280//293 1814//294 1811//295
f 1879//273 1882//274 1859//275
f 1879//273 1870//276 1882//274
f 1879//273 1878//277 1870//276
f 1870//276 1878//277 284//278
f 284//278 1878//277 1876//279
f 1871//280 1876//279 1875//281
f 283//282 1875//281 1874//283
f 1872//298 1874//283 1873//285
f 1872//298 283//282 1874//283
f 284//278 1876//279 1871//280
f 1871//280 1875//281 283//282
f 1882//274 285//286 1859//275
f 1859//275 285//286 1860//287
f 1860//287 285//286 290//288
f 1863//289 290//288 1869//290
f 291//291 1869//290 286//292
f 1865//293 286//292 1868//294
f 288//295 1868//294 289//296
f 287//297 288//295 289//296
f 1860//287 290//288 1863//289
f 1863//289 1869//290 291//291
f 291//291 286//292 1865//293
f 1865//293 1868//294 288//295
f 292//273 293//274 1924//275
f 292//273 1932//276 293//274
f 292//273 294//277 1932//276
f 1932//276 294//277 297//278
f 297//278 294//277 1938//279
f 1933//280 1938//279 295//281
f 1947//282 295//281 1936//283
f 1935//298 1936//283 296//285
f 1935//298 1947//282 1936//283
f 297//278 1938//279 1933//280
f 1933//280 295//281 1947//282
f 293//274 1931//286 1924//275
f 1924//275 1931//286 298//287
f 298//287 1931//286 1943//288
f 304//289 1943//288 299//290
f 300//291 299//290 305//292
f 1927//293 305//292 1930//294
f 301//295 1930//294 303//296
f 302//297 301//295 303//296
f 298//287 1943//288 304//289
f 304//289 299//290 300//291
f 300//291 305//292 1927//293
f 1927//293 1930//294 301//295
f 948//299 950//300 335//301
f 948//299 335//301 306//302
f 948//299 306//302 307//303
f 948//299 307//303 334//304
f 948//299 334//304 345//305
f 948//299 345//305 332//306
f 948//299 332//306 904//307
f 308//308 336//309 949//310
f 308//308 319//311 336//309
f 308//308 944//312 319//311
f 319//311 944//312 309//313
f 310//314 309//313 339//315
f 338//316 339//315 311//317
f 341//318 311//317 312//319
f 344//320 312//319 348//321
f 314//322 348//321 347//323
f 313//324 347//323 913//325
f 313//324 314//322 347//323
f 313//324 315//326 314//322
f 314//322 315//326 349//327
f 344//320 349//327 316//328
f 341//318 316//328 333//329
f 338//316 333//329 317//330
f 310//314 317//330 318//331
f 319//311 318//331 336//309
f 319//311 310//314 318//331
f 319//311 309//313 310//314
f 944//312 320//332 309//313
f 309//313 320//332 321//333
f 339//315 321//333 325//334
f 311//317 325//334 322//335
f 312//319 322//335 343//336
f 348//321 343//336 342//337
f 347//323 342//337 323//338
f 913//325 323//338 915//339
f 913//325 347//323 323//338
f 320//332 324//340 321//333
f 321//333 324//340 337//341
f 325//334 337//341 329//342
f 322//335 329//342 340//343
f 343//336 340//343 330//344
f 342//337 330//344 346//345
f 323//338 346//345 326//346
f 915//339 326//346 920//347
f 915//339 323//338 326//346
f 324//340 889//183 337//341
f 337//341 889//183 903//348
f 329//342 903//348 327//349
f 340//343 327//349 892//350
f 330//344 892//350 331//351
f 346//345 331//351 894//352
f 326//346 894//352 328//353
f 920//347 328//353 921//354
f 920//347 326//346 328//353
f 337//341 903//348 329//342
f 329//342 327//349 340//343
f 340//343 892//350 330//344
f 330//344 331//351 346//345
f 346//345 894//352 326//346
f 315//326 904//307 349//327
f 349//327 904//307 332//306
f 316//328 332//306 345//305
f 333//329 345//305 334//304
f 317//330 334//304 307//303
f 318//331 307//303 306//302
f 336//309 306//302 335//301
f 949//310 335//301 950//300
f 949//310 336//309 335//301
f 325//334 321//333 337//341
f 339//315 309//313 321//333
f 306//302 336//309 318//331
f 322//335 325//334 329//342
f 311//317 339//315 325//334
f 317//330 310//314 338//316
f 338//316 310//314 339//315
f 307//303 318//331 317//330
f 343//336 322//335 340//343
f 312//319 311//317 322//335
f 333//329 338//316 341//318
f 341//318 338//316 311//317
f 334//304 317//330 333//329
f 342//337 343//336 330//344
f 348//321 312//319 343//336
f 316//328 341//318 344//320
f 344//320 341//318 312//319
f 345//305 333//329 316//328
f 323//338 342//337 346//345
f 347//323 348//321 342//337
f 349//327 344//320 314//322
f 314//322 344//320 348//321
f 332//306 316//328 349//327
f 1046//355 842//356 350//357
f 1046//355 350//357 351//358
f 1046//355 351//358 380//359
f 1046//355 380//359 379//360
f 1046//355 379//360 352//361
f 1046//355 352//361 353//362
f 1046//355 353//362 354//363
f 357//364 355//365 356//366
f 357//364 360//367 355//365
f 357//364 831//368 360//367
f 360//367 831//368 361//369
f 362//370 361//369 381//371
f 385//372 381//371 382//373
f 387//374 382//373 389//375
f 388//376 389//375 393//377
f 394//378 393//377 366//379
f 933//380 366//379 358//381
f 933//380 394//378 366//379
f 933//380 377//382 394//378
f 394//378 377//382 378//383
f 388//376 378//383 391//384
f 387//374 391//384 390//385
f 385//372 390//385 384//386
f 362//370 384//386 359//387
f 360//367 359//387 355//365
f 360//367 362//370 359//387
f 360//367 361//369 362//370
f 831//368 834//388 361//369
f 361//369 834//388 363//389
f 381//371 363//389 383//390
f 382//373 383//390 364//391
f 389//375 364//391 386//392
f 393//377 386//392 392//393
f 366//379 392//393 365//394
f 358//381 365//394 369//395
f 358//381 366//379 365//394
f 834//388 833//396 363//389
f 363//389 833//396 375//397
f 383//390 375//397 372//398
f 364//391 372//398 367//399
f 386//392 367//399 368//400
f 392//393 368//400 376//401
f 365//394 376//401 370//402
f 369//395 370//402 371//403
f 369//395 365//394 370//402
f 833//396 841//123 375//397
f 375//397 841//123 126//155
f 372//398 126//155 373//157
f 367//399 373//157 374//159
f 368//400 374//159 134//161
f 376//401 134//161 133//163
f 370//402 133//163 123//165
f 371//403 123//165 939//167
f 371//403 370//402 123//165
f 375//397 126//155 372//398
f 372//398 373//157 367//399
f 367//399 374//159 368//400
f 368//400 134//161 376//401
f 376//401 133//163 370//402
f 377//382 354//363 378//383
f 378//383 354//363 353//362
f 391//384 353//362 352//361
f 390//385 352//361 379//360
f 384//386 379//360 380//359
f 359//387 380//359 351//358
f 355//365 351//358 350//357
f 356//366 350//357 842//356
f 356//366 355//365 350//357
f 383//390 363//389 375//397
f 381//371 361//369 363//389
f 351//358 355//365 359//387
f 364//391 383//390 372//398
f 382//373 381//371 383//390
f 384//386 362//370 385//372
f 385//372 362//370 381//371
f 380//359 359//387 384//386
f 386//392 364//391 367//399
f 389//375 382//373 364//391
f 390//385 385//372 387//374
f 387//374 385//372 382//373
f 379//360 384//386 390//385
f 392//393 386//392 368//400
f 393//377 389//375 386//392
f 391//384 387//374 388//376
f 388//376 387//374 389//375
f 352//361 390//385 391//384
f 365//394 392//393 376//401
f 366//379 393//377 392//393
f 378//383 388//376 394//378
f 394//378 388//376 393//377
f 353//362 391//384 378//383
f 875//404 922//405 395//406
f 875//404 395//406 428//407
f 875//404 428//407 433//408
f 875//404 433//408 396//409
f 875//404 396//409 427//410
f 875//404 427//410 426//411
f 875//404 426//411 397//412
f 398//413 431//414 429//415
f 398//413 408//416 431//414
f 398//413 410//417 408//416
f 408//416 410//417 409//418
f 405//419 409//418 399//420
f 432//421 399//420 434//422
f 436//423 434//422 400//424
f 435//425 400//424 401//426
f 403//427 401//426 412//428
f 402//429 412//428 411//430
f 402//429 403//427 412//428
f 402//429 848//431 403//427
f 403//427 848//431 425//432
f 435//425 425//432 439//433
f 436//423 439//433 404//434
f 432//421 404//434 406//435
f 405//419 406//435 407//436
f 408//416 407//436 431//414
f 408//416 405//419 407//436
f 408//416 409//418 405//419
f 410//417 414//437 409//418
f 409//418 414//437 415//438
f 399//420 415//438 430//439
f 434//422 430//439 418//440
f 400//424 418//440 419//441
f 401//426 419//441 438//442
f 412//428 438//442 413//443
f 411//430 413//443 422//444
f 411//430 412//428 413//443
f 414//437 917//445 415//438
f 415//438 917//445 416//446
f 430//439 416//446 417//447
f 418//440 417//447 420//448
f 419//441 420//448 421//449
f 438//442 421//449 437//450
f 413//443 437//450 423//451
f 422//444 423//451 863//452
f 422//444 413//443 423//451
f 917//445 801//453 416//446
f 416//446 801//453 790//454
f 417//447 790//454 424//455
f 420//448 424//455 800//456
f 421//449 800//456 792//457
f 437//450 792//457 796//458
f 423//451 796//458 797//459
f 863//452 797//459 788//460
f 863//452 423//451 797//459
f 416//446 790//454 417//447
f 417//447 424//455 420//448
f 420//448 800//456 421//449
f 421//449 792//457 437//450
f 437//450 796//458 423//451
f 848//431 397//412 425//432
f 425//432 397//412 426//411
f 439//433 426//411 427//410
f 404//434 427//410 396//409
f 406//435 396//409 433//408
f 407//436 433//408 428//407
f 431//414 428//407 395//406
f 429//415 395//406 922//405
f 429//415 431//414 395//406
f 430//439 415//438 416//446
f 399//420 409//418 415//438
f 428//407 431//414 407//436
f 418//440 430//439 417//447
f 434//422 399//420 430//439
f 406//435 405//419 432//421
f 432//421 405//419 399//420
f 433//408 407//436 406//435
f 419//441 418//440 420//448
f 400//424 434//422 418//440
f 404//434 432//421 436//423
f 436//423 432//421 434//422
f 396//409 406//435 404//434
f 438//442 419//441 421//449
f 401//426 400//424 419//441
f 439//433 436//423 435//425
f 435//425 436//423 400//424
f 427//410 404//434 439//433
f 413//443 438//442 437//450
f 412//428 401//426 438//442
f 425//432 435//425 403//427
f 403//427 435//425 401//426
f 426//411 439//433 425//432
f 604//182 445//461 151//196
f 151//196 445//461 440//462
f 158//194 440//462 468//463
f 441//192 468//463 480//464
f 442//190 480//464 479//465
f 159//188 479//465 443//466
f 161//186 443//466 444//467
f 149//184 444//467 449//468
f 149//184 161//186 444//467
f 445//461 446//469 440//462
f 440//462 446//469 447//470
f 468//463 447//470 448//471
f 480//464 448//471 484//472
f 479//465 484//472 476//473
f 443//466 476//473 473//474
f 444//467 473//474 450//475
f 449//468 450//475 451//476
f 449//468 444//467 450//475
f 446//469 452//477 447//470
f 447//470 452//477 472//478
f 448//471 472//478 453//479
f 484//472 453//479 481//480
f 476//473 481//480 483//481
f 473//474 483//481 477//482
f 450//475 477//482 454//483
f 451//476 454//483 810//484
f 451//476 450//475 454//483
f 452//477 598//485 472//478
f 472//478 598//485 455//486
f 453//479 455//486 471//487
f 481//480 471//487 482//488
f 483//481 482//488 456//489
f 477//482 456//489 475//490
f 454//483 475//490 474//491
f 810//484 474//491 459//492
f 810//484 454//483 474//491
f 598//485 461//493 455//486
f 455//486 461//493 469//494
f 471//487 469//494 485//495
f 482//488 485//495 457//496
f 456//489 457//496 478//497
f 475//490 478//497 458//498
f 474//491 458//498 460//499
f 459//492 460//499 815//500
f 459//492 474//491 460//499
f 461//493 580//501 469//494
f 469//494 580//501 470//502
f 485//495 470//502 462//503
f 457//496 462//503 463//504
f 478//497 463//504 464//505
f 458//498 464//505 465//506
f 460//499 465//506 466//507
f 815//500 466//507 467//508
f 815//500 460//499 466//507
f 580//501 1011//509 470//502
f 1011//509 467//508 466//507
f 1011//509 466//507 465//506
f 1011//509 465//506 464//505
f 1011//509 464//505 463//504
f 1011//509 463//504 462//503
f 1011//509 462//503 470//502
f 161//186 159//188 443//466
f 159//188 442//190 479//465
f 442//190 441//192 480//464
f 441//192 158//194 468//463
f 158//194 151//196 440//462
f 485//495 469//494 470//502
f 471//487 455//486 469//494
f 453//479 472//478 455//486
f 448//471 447//470 472//478
f 468//463 440//462 447//470
f 473//474 444//467 443//466
f 477//482 450//475 473//474
f 475//490 454//483 477//482
f 458//498 474//491 475//490
f 465//506 460//499 458//498
f 476//473 443//466 479//465
f 483//481 473//474 476//473
f 456//489 477//482 483//481
f 478//497 475//490 456//489
f 464//505 458//498 478//497
f 484//472 479//465 480//464
f 481//480 476//473 484//472
f 482//488 483//481 481//480
f 457//496 456//489 482//488
f 463//504 478//497 457//496
f 448//471 480//464 468//463
f 453//479 484//472 448//471
f 471//487 481//480 453//479
f 485//495 482//488 471//487
f 462//503 457//496 485//495
f 877//510 880//511 486//512
f 877//510 486//512 487//513
f 877//510 487//513 521//514
f 877//510 521//514 525//515
f 877//510 525//515 488//516
f 877//510 488//516 515//517
f 877//510 515//517 514//518
f 489//519 517//520 876//521
f 489//519 493//522 517//520
f 489//519 497//523 493//522
f 493//522 497//523 495//524
f 496//525 495//524 520//526
f 523//527 520//526 490//528
f 524//529 490//528 526//530
f 491//531 526//530 529//532
f 528//533 529//532 500//534
f 829//535 500//534 836//536
f 829//535 528//533 500//534
f 829//535 824//537 528//533
f 528//533 824//537 530//538
f 491//531 530//538 516//539
f 524//529 516//539 492//540
f 523//527 492//540 519//541
f 496//525 519//541 494//542
f 493//522 494//542 517//520
f 493//522 496//525 494//542
f 493//522 495//524 496//525
f 497//523 501//543 495//524
f 495//524 501//543 502//544
f 520//526 502//544 498//545
f 490//528 498//545 499//546
f 526//530 499//546 503//547
f 529//532 503//547 527//548
f 500//534 527//548 505//549
f 836//536 505//549 504//550
f 836//536 500//534 505//549
f 501//543 851//551 502//544
f 502//544 851//551 518//552
f 498//545 518//552 507//553
f 499//546 507//553 522//554
f 503//547 522//554 512//555
f 527//548 512//555 509//556
f 505//549 509//556 513//557
f 504//550 513//557 838//558
f 504//550 505//549 513//557
f 851//551 506//559 518//552
f 518//552 506//559 778//560
f 507//553 778//560 782//561
f 522//554 782//561 508//562
f 512//555 508//562 510//563
f 509//556 510//563 780//564
f 513//557 780//564 777//565
f 838//558 777//565 511//124
f 838//558 513//557 777//565
f 518//552 778//560 507//553
f 507//553 782//561 522//554
f 522//554 508//562 512//555
f 512//555 510//563 509//556
f 509//556 780//564 513//557
f 824//537 514//518 530//538
f 530//538 514//518 515//517
f 516//539 515//517 488//516
f 492//540 488//516 525//515
f 519//541 525//515 521//514
f 494//542 521//514 487//513
f 517//520 487//513 486//512
f 876//521 486//512 880//511
f 876//521 517//520 486//512
f 498//545 502//544 518//552
f 520//526 495//524 502//544
f 487//513 517//520 494//542
f 499//546 498//545 507//553
f 490//528 520//526 498//545
f 519//541 496//525 523//527
f 523//527 496//525 520//526
f 521//514 494//542 519//541
f 503//547 499//546 522//554
f 526//530 490//528 499//546
f 492//540 523//527 524//529
f 524//529 523//527 490//528
f 525//515 519//541 492//540
f 527//548 503//547 512//555
f 529//532 526//530 503//547
f 516//539 524//529 491//531
f 491//531 524//529 526//530
f 488//516 492//540 516//539
f 505//549 527//548 509//556
f 500//534 529//532 527//548
f 530//538 491//531 528//533
f 528//533 491//531 529//532
f 515//517 516//539 530//538
f 110//122 538//566 118//152
f 118//152 538//566 540//567
f 531//150 540//567 532//568
f 567//148 532//568 541//569
f 119//146 541//569 533//570
f 534//144 533//570 570//571
f 535//142 570//571 536//572
f 147//140 536//572 537//573
f 147//140 535//142 536//572
f 538//566 539//574 540//567
f 540//567 539//574 544//575
f 532//568 544//575 575//576
f 541//569 575//576 571//577
f 533//570 571//577 542//578
f 570//571 542//578 543//579
f 536//572 543//579 548//580
f 537//573 548//580 585//581
f 537//573 536//572 548//580
f 539//574 754//582 544//575
f 544//575 754//582 545//583
f 575//576 545//583 546//584
f 571//577 546//584 547//585
f 542//578 547//585 573//586
f 543//579 573//586 549//587
f 548//580 549//587 553//588
f 585//581 553//588 586//589
f 585//581 548//580 553//588
f 754//582 550//590 545//583
f 545//583 550//590 551//591
f 546//584 551//591 576//592
f 547//585 576//592 572//593
f 573//586 572//593 556//594
f 549//587 556//594 569//595
f 553//588 569//595 554//596
f 586//589 554//596 552//597
f 586//589 553//588 554//596
f 550//590 760//598 551//591
f 551//591 760//598 561//599
f 576//592 561//599 555//600
f 572//593 555//600 557//601
f 556//594 557//601 558//602
f 569//595 558//602 563//603
f 554//596 563//603 559//604
f 552//597 559//604 593//605
f 552//597 554//596 559//604
f 760//598 560//606 561//599
f 561//599 560//606 568//607
f 555//600 568//607 562//608
f 557//601 562//608 574//609
f 558//602 574//609 564//610
f 563//603 564//610 566//611
f 559//604 566//611 565//612
f 593//605 565//612 594//613
f 593//605 559//604 565//612
f 560//606 991//614 568//607
f 991//614 594//613 565//612
f 991//614 565//612 566//611
f 991//614 566//611 564//610
f 991//614 564//610 574//609
f 991//614 574//609 562//608
f 991//614 562//608 568//607
f 535//142 534//144 570//571
f 534//144 119//146 533//570
f 119//146 567//148 541//569
f 567//148 531//150 532//568
f 531//150 118//152 540//567
f 555//600 561//599 568//607
f 576//592 551//591 561//599
f 546//584 545//583 551//591
f 575//576 544//575 545//583
f 532//568 540//567 544//575
f 543//579 536//572 570//571
f 549//587 548//580 543//579
f 569//595 553//588 549//587
f 563//603 554//596 569//595
f 566//611 559//604 563//603
f 542//578 570//571 533//570
f 573//586 543//579 542//578
f 556//594 549//587 573//586
f 558//602 569//595 556//594
f 564//610 563//603 558//602
f 571//577 533//570 541//569
f 547//585 542//578 571//577
f 572//593 573//586 547//585
f 557//601 556//594 572//593
f 574//609 558//602 557//601
f 575//576 541//569 532//568
f 546//584 571//577 575//576
f 576//592 547//585 546//584
f 555//600 572//593 576//592
f 562//608 557//601 555//600
f 537//573 599//615 147//140
f 537//573 577//616 599//615
f 537//573 585//581 577//616
f 577//616 585//581 578//617
f 583//618 578//617 610//619
f 612//620 610//619 588//621
f 582//621 588//621 617//622
f 581//623 617//622 579//624
f 580//501 579//624 1011//509
f 580//501 581//623 579//624
f 580//501 461//493 581//623
f 581//623 461//493 613//625
f 582//621 613//625 615//619
f 612//620 615//619 609//618
f 583//618 609//618 584//626
f 577//616 584//626 599//615
f 577//616 583//618 584//626
f 577//616 578//617 583//618
f 585//581 586//589 578//617
f 578//617 586//589 587//627
f 610//619 587//627 591//621
f 588//621 591//621 592//622
f 617//622 592//622 589//628
f 579//624 589//628 1011//509
f 579//624 617//622 589//628
f 586//589 552//597 587//627
f 587//627 552//597 590//629
f 591//621 590//629 616//622
f 592//622 616//622 618//630
f 589//628 618//630 1011//509
f 589//628 592//622 618//630
f 552//597 593//605 590//629
f 590//629 593//605 595//631
f 616//622 595//631 597//628
f 618//630 597//628 991//614
f 1011//509 618//630 991//614
f 593//605 594//613 595//631
f 595//631 594//613 596//632
f 597//628 596//632 991//614
f 597//628 595//631 596//632
f 594//613 991//614 596//632
f 461//493 598//485 613//625
f 613//625 598//485 614//633
f 615//619 614//633 611//634
f 609//618 611//634 602//626
f 584//626 602//626 601//635
f 599//615 601//635 147//140
f 599//615 584//626 601//635
f 598//485 452//477 614//633
f 614//633 452//477 603//636
f 611//634 603//636 608//626
f 602//626 608//626 600//637
f 601//635 600//637 147//140
f 601//635 602//626 600//637
f 452//477 446//469 603//636
f 603//636 446//469 605//638
f 608//626 605//638 606//635
f 600//637 606//635 604//182
f 147//140 600//637 604//182
f 446//469 445//461 605//638
f 605//638 445//461 607//639
f 606//635 607//639 604//182
f 606//635 605//638 607//639
f 445//461 604//182 607//639
f 608//626 606//635 600//637
f 609//618 602//626 584//626
f 611//634 608//626 602//626
f 603//636 605//638 608//626
f 612//620 609//618 583//618
f 610//619 612//620 583//618
f 587//627 610//619 578//617
f 615//619 611//634 609//618
f 614//633 603//636 611//634
f 590//629 591//621 587//627
f 582//621 615//619 612//620
f 588//621 582//621 612//620
f 591//621 588//621 610//619
f 613//625 614//633 615//619
f 595//631 616//622 590//629
f 616//622 592//622 591//621
f 581//623 613//625 582//621
f 617//622 581//623 582//621
f 592//622 617//622 588//621
f 618//630 616//622 597//628
f 138//181 820//640 654//179
f 654//179 820//640 622//641
f 653//177 622//641 619//642
f 651//175 619//642 652//643
f 143//173 652//643 650//644
f 620//171 650//644 623//645
f 144//169 623//645 624//646
f 727//139 624//646 627//647
f 727//139 144//169 624//646
f 820//640 621//648 622//641
f 622//641 621//648 628//649
f 619//642 628//649 629//650
f 652//643 629//650 663//651
f 650//644 663//651 658//652
f 623//645 658//652 625//653
f 624//646 625//653 626//654
f 627//647 626//654 633//655
f 627//647 624//646 626//654
f 621//648 805//656 628//649
f 628//649 805//656 636//657
f 629//650 636//657 630//658
f 663//651 630//658 660//659
f 658//652 660//659 631//660
f 625//653 631//660 632//661
f 626//654 632//661 634//662
f 633//655 634//662 635//663
f 633//655 626//654 634//662
f 805//656 811//664 636//657
f 636//657 811//664 637//665
f 630//658 637//665 638//666
f 660//659 638//666 659//667
f 631//660 659//667 661//668
f 632//661 661//668 639//669
f 634//662 639//669 641//670
f 635//663 641//670 725//671
f 635//663 634//662 641//670
f 811//664 813//672 637//665
f 637//665 813//672 655//673
f 638//666 655//673 665//674
f 659//667 665//674 640//675
f 661//668 640//675 644//676
f 639//669 644//676 656//677
f 641//670 656//677 657//678
f 725//671 657//678 647//679
f 725//671 641//670 657//678
f 813//672 642//680 655//673
f 655//673 642//680 643//681
f 665//674 643//681 664//682
f 640//675 664//682 662//683
f 644//676 662//683 649//684
f 656//677 649//684 648//685
f 657//678 648//685 645//686
f 647//679 645//686 646//687
f 647//679 657//678 645//686
f 642//680 816//688 643//681
f 816//688 646//687 645//686
f 816//688 645//686 648//685
f 816//688 648//685 649//684
f 816//688 649//684 662//683
f 816//688 662//683 664//682
f 816//688 664//682 643//681
f 144//169 620//171 623//645
f 620//171 143//173 650//644
f 143//173 651//175 652//643
f 651//175 653//177 619//642
f 653//177 654//179 622//641
f 665//674 655//673 643//681
f 638//666 637//665 655//673
f 630//658 636//657 637//665
f 629//650 628//649 636//657
f 619//642 622//641 628//649
f 625//653 624//646 623//645
f 632//661 626//654 625//653
f 639//669 634//662 632//661
f 656//677 641//670 639//669
f 648//685 657//678 656//677
f 658//652 623//645 650//644
f 631//660 625//653 658//652
f 661//668 632//661 631//660
f 644//676 639//669 661//668
f 649//684 656//677 644//676
f 663//651 650//644 652//643
f 660//659 658//652 663//651
f 659//667 631//660 660//659
f 640//675 661//668 659//667
f 662//683 644//676 640//675
f 629//650 652//643 619//642
f 630//658 663//651 629//650
f 638//666 660//659 630//658
f 665//674 659//667 638//666
f 664//682 640//675 665//674
f 753//689 666//121 695//690
f 692//691 695//690 694//692
f 693//693 694//692 667//694
f 668//695 667//694 678//696
f 707//697 678//696 677//698
f 685//699 677//698 686//700
f 104//128 702//701 95//126
f 104//128 703//702 702//701
f 104//128 669//130 703//702
f 703//702 669//130 670//703
f 671//704 670//703 708//705
f 680//706 708//705 672//707
f 674//708 672//707 673//709
f 675//710 674//708 673//709
f 675//710 710//711 674//708
f 675//710 676//712 710//711
f 710//711 676//712 686//700
f 677//698 710//711 686//700
f 677//698 679//713 710//711
f 677//698 678//696 679//713
f 679//713 678//696 697//714
f 680//706 697//714 671//704
f 708//705 680//706 671//704
f 669//130 101//132 670//703
f 670//703 101//132 709//715
f 708//705 709//715 711//716
f 672//707 711//716 681//717
f 673//709 672//707 681//717
f 101//132 683//134 709//715
f 709//715 683//134 682//718
f 711//716 682//718 734//719
f 681//717 711//716 734//719
f 683//134 100//136 682//718
f 682//718 100//136 739//720
f 734//719 682//718 739//720
f 100//136 737//138 739//720
f 676//712 985//721 686//700
f 985//721 701//722 700//723
f 985//721 700//723 699//724
f 985//721 699//724 684//725
f 985//721 684//725 706//726
f 985//721 706//726 685//699
f 985//721 685//699 686//700
f 761//727 687//728 765//729
f 761//727 698//730 687//728
f 761//727 689//731 698//730
f 698//730 689//731 690//732
f 704//733 690//732 693//693
f 668//695 693//693 667//694
f 668//695 704//733 693//693
f 668//695 688//734 704//733
f 668//695 707//697 688//734
f 668//695 678//696 707//697
f 689//731 691//735 690//732
f 690//732 691//735 692//691
f 693//693 692//691 694//692
f 693//693 690//732 692//691
f 691//735 753//689 692//691
f 692//691 753//689 695//690
f 666//121 95//126 695//690
f 695//690 95//126 702//701
f 694//692 702//701 696//736
f 667//694 696//736 697//714
f 678//696 667//694 697//714
f 694//692 695//690 702//701
f 690//732 704//733 698//730
f 698//730 704//733 705//737
f 687//728 705//737 699//724
f 700//723 687//728 699//724
f 700//723 765//729 687//728
f 700//723 701//722 765//729
f 687//728 698//730 705//737
f 696//736 702//701 703//702
f 671//704 703//702 670//703
f 671//704 696//736 703//702
f 671//704 697//714 696//736
f 667//694 694//692 696//736
f 684//725 699//724 705//737
f 688//734 705//737 704//733
f 688//734 684//725 705//737
f 688//734 706//726 684//725
f 688//734 707//697 706//726
f 706//726 707//697 685//699
f 685//699 707//697 677//698
f 708//705 670//703 709//715
f 679//713 697//714 680//706
f 674//708 680//706 672//707
f 674//708 679//713 680//706
f 674//708 710//711 679//713
f 711//716 709//715 682//718
f 672//707 708//705 711//716
f 627//647 728//738 727//139
f 627//647 712//739 728//738
f 627//647 633//655 712//739
f 712//739 633//655 719//740
f 720//741 719//740 713//742
f 742//743 713//742 721//744
f 716//744 721//744 714//745
f 715//746 714//745 723//747
f 676//712 723//747 985//721
f 676//712 715//746 723//747
f 676//712 675//710 715//746
f 715//746 675//710 717//748
f 716//744 717//748 747//742
f 742//743 747//742 740//741
f 720//741 740//741 718//749
f 712//739 718//749 728//738
f 712//739 720//741 718//749
f 712//739 719//740 720//741
f 633//655 635//663 719//740
f 719//740 635//663 745//750
f 713//742 745//750 746//744
f 721//744 746//744 722//745
f 714//745 722//745 724//751
f 723//747 724//751 985//721
f 723//747 714//745 724//751
f 635//663 725//671 745//750
f 745//750 725//671 744//752
f 746//744 744//752 749//745
f 722//745 749//745 750//753
f 724//751 750//753 985//721
f 724//751 722//745 750//753
f 725//671 647//679 744//752
f 744//752 647//679 748//754
f 749//745 748//754 751//751
f 750//753 751//751 816//688
f 985//721 750//753 816//688
f 647//679 646//687 748//754
f 748//754 646//687 726//755
f 751//751 726//755 816//688
f 751//751 748//754 726//755
f 646//687 816//688 726//755
f 675//710 673//709 717//748
f 717//748 673//709 743//756
f 747//742 743//756 741//757
f 740//741 741//757 732//749
f 718//749 732//749 729//758
f 728//738 729//758 727//139
f 728//738 718//749 729//758
f 673//709 681//717 743//756
f 743//756 681//717 730//759
f 741//757 730//759 731//749
f 732//749 731//749 733//760
f 729//758 733//760 727//139
f 729//758 732//749 733//760
f 681//717 734//719 730//759
f 730//759 734//719 735//761
f 731//749 735//761 736//758
f 733//760 736//758 737//138
f 727//139 733//760 737//138
f 734//719 739//720 735//761
f 735//761 739//720 738//762
f 736//758 738//762 737//138
f 736//758 735//761 738//762
f 739//720 737//138 738//762
f 731//749 736//758 733//760
f 740//741 732//749 718//749
f 741//757 731//749 732//749
f 730//759 735//761 731//749
f 742//743 740//741 720//741
f 713//742 742//743 720//741
f 745//750 713//742 719//740
f 747//742 741//757 740//741
f 743//756 730//759 741//757
f 744//752 746//744 745//750
f 716//744 747//742 742//743
f 721//744 716//744 742//743
f 746//744 721//744 713//742
f 717//748 743//756 747//742
f 748//754 749//745 744//752
f 749//745 722//745 746//744
f 715//746 717//748 716//744
f 714//745 715//746 716//744
f 722//745 714//745 721//744
f 750//753 749//745 751//751
f 753//689 752//763 666//121
f 753//689 755//764 752//763
f 753//689 691//735 755//764
f 755//764 691//735 768//765
f 757//766 768//765 758//767
f 754//582 758//767 550//590
f 754//582 757//766 758//767
f 754//582 539//574 757//766
f 757//766 539//574 756//768
f 755//764 756//768 752//763
f 755//764 757//766 756//768
f 755//764 768//765 757//766
f 691//735 689//731 768//765
f 768//765 689//731 759//769
f 758//767 759//769 762//770
f 550//590 762//770 760//598
f 550//590 758//767 762//770
f 689//731 761//727 759//769
f 759//769 761//727 763//771
f 762//770 763//771 770//772
f 760//598 770//772 560//606
f 760//598 762//770 770//772
f 761//727 765//729 763//771
f 763//771 765//729 769//773
f 770//772 769//773 764//774
f 560//606 764//774 991//614
f 560//606 770//772 764//774
f 765//729 701//722 769//773
f 769//773 701//722 766//775
f 764//774 766//775 991//614
f 764//774 769//773 766//775
f 701//722 985//721 766//775
f 766//775 985//721 991//614
f 539//574 538//566 756//768
f 756//768 538//566 767//776
f 752//763 767//776 666//121
f 752//763 756//768 767//776
f 538//566 110//122 767//776
f 767//776 110//122 666//121
f 759//769 758//767 768//765
f 763//771 762//770 759//769
f 769//773 770//772 763//771
f 506//559 771//104 783//777
f 778//560 783//777 73//105
f 772//778 73//105 74//106
f 782//561 74//106 773//779
f 508//562 773//779 75//107
f 774//780 75//107 85//108
f 510//563 85//108 781//781
f 780//564 781//781 87//109
f 775//782 87//109 779//110
f 777//565 779//110 776//783
f 511//124 776//783 93//111
f 511//124 777//565 776//783
f 778//560 73//105 772//778
f 782//561 772//778 74//106
f 782//561 778//560 772//778
f 74//106 75//107 773//779
f 508//562 75//107 774//780
f 510//563 774//780 85//108
f 510//563 508//562 774//780
f 85//108 87//109 781//781
f 780//564 87//109 775//782
f 777//565 775//782 779//110
f 777//565 780//564 775//782
f 779//110 93//111 776//783
f 780//564 510//563 781//781
f 508//562 782//561 773//779
f 778//560 506//559 783//777
f 771//104 73//105 783//777
f 801//453 63//96 802//784
f 790//454 802//784 66//97
f 789//785 66//97 67//98
f 424//455 67//98 784//786
f 800//456 784//786 791//99
f 794//787 791//99 793//100
f 792//457 793//100 785//788
f 796//458 785//788 795//101
f 798//789 795//101 786//102
f 797//459 786//102 787//790
f 788//460 787//790 799//103
f 788//460 797//459 787//790
f 790//454 66//97 789//785
f 424//455 789//785 67//98
f 424//455 790//454 789//785
f 67//98 791//99 784//786
f 800//456 791//99 794//787
f 792//457 794//787 793//100
f 792//457 800//456 794//787
f 793//100 795//101 785//788
f 796//458 795//101 798//789
f 797//459 798//789 786//102
f 797//459 796//458 798//789
f 786//102 799//103 787//790
f 796//458 792//457 785//788
f 800//456 424//455 784//786
f 790//454 801//453 802//784
f 63//96 66//97 802//784
f 449//468 809//791 149//184
f 449//468 807//792 809//791
f 449//468 451//476 807//792
f 807//792 451//476 804//793
f 803//794 804//793 806//795
f 805//656 806//795 811//664
f 805//656 803//794 806//795
f 805//656 621//648 803//794
f 803//794 621//648 808//796
f 807//792 808//796 809//791
f 807//792 803//794 808//796
f 807//792 804//793 803//794
f 451//476 810//484 804//793
f 804//793 810//484 823//797
f 806//795 823//797 812//798
f 811//664 812//798 813//672
f 811//664 806//795 812//798
f 810//484 459//492 823//797
f 823//797 459//492 822//799
f 812//798 822//799 814//800
f 813//672 814//800 642//680
f 813//672 812//798 814//800
f 459//492 815//500 822//799
f 822//799 815//500 818//801
f 814//800 818//801 817//802
f 642//680 817//802 816//688
f 642//680 814//800 817//802
f 815//500 467//508 818//801
f 818//801 467//508 819//803
f 817//802 819//803 816//688
f 817//802 818//801 819//803
f 467//508 1011//509 819//803
f 819//803 1011//509 816//688
f 621//648 820//640 808//796
f 808//796 820//640 821//804
f 809//791 821//804 149//184
f 809//791 808//796 821//804
f 820//640 138//181 821//804
f 821//804 138//181 149//184
f 823//797 806//795 804//793
f 822//799 812//798 823//797
f 818//801 814//800 822//799
f 514//518 843//805 877//510
f 514//518 825//806 843//805
f 514//518 824//537 825//806
f 825//806 824//537 826//807
f 827//808 826//807 832//809
f 357//364 832//809 831//368
f 357//364 827//808 832//809
f 357//364 356//366 827//808
f 827//808 356//366 828//810
f 825//806 828//810 843//805
f 825//806 827//808 828//810
f 825//806 826//807 827//808
f 824//537 829//535 826//807
f 826//807 829//535 845//811
f 832//809 845//811 830//812
f 831//368 830//812 834//388
f 831//368 832//809 830//812
f 829//535 836//536 845//811
f 845//811 836//536 837//813
f 830//812 837//813 835//814
f 834//388 835//814 833//396
f 834//388 830//812 835//814
f 836//536 504//550 837//813
f 837//813 504//550 846//815
f 835//814 846//815 839//816
f 833//396 839//816 841//123
f 833//396 835//814 839//816
f 504//550 838//558 846//815
f 846//815 838//558 840//817
f 839//816 840//817 841//123
f 839//816 846//815 840//817
f 838//558 511//124 840//817
f 840//817 511//124 841//123
f 356//366 842//356 828//810
f 828//810 842//356 844//818
f 843//805 844//818 877//510
f 843//805 828//810 844//818
f 842//356 1046//355 844//818
f 844//818 1046//355 877//510
f 845//811 832//809 826//807
f 837//813 830//812 845//811
f 846//815 835//814 837//813
f 397//412 868//819 875//404
f 397//412 847//820 868//819
f 397//412 848//431 847//820
f 847//820 848//431 850//821
f 849//822 850//821 885//823
f 883//823 885//823 884//824
f 887//824 884//824 855//825
f 852//826 855//825 857//827
f 851//551 857//827 506//559
f 851//551 852//826 857//827
f 851//551 501//543 852//826
f 852//826 501//543 853//828
f 887//824 853//828 866//823
f 883//823 866//823 882//822
f 849//822 882//822 869//829
f 847//820 869//829 868//819
f 847//820 849//822 869//829
f 847//820 850//821 849//822
f 848//431 402//429 850//821
f 850//821 402//429 854//830
f 885//823 854//830 886//824
f 884//824 886//824 861//831
f 855//825 861//831 856//832
f 857//827 856//832 506//559
f 857//827 855//825 856//832
f 402//429 411//430 854//830
f 854//830 411//430 858//833
f 886//824 858//833 859//825
f 861//831 859//825 860//834
f 856//832 860//834 506//559
f 856//832 861//831 860//834
f 411//430 422//444 858//833
f 858//833 422//444 862//835
f 859//825 862//835 888//832
f 860//834 888//832 788//460
f 506//559 860//834 788//460
f 422//444 863//452 862//835
f 862//835 863//452 864//836
f 888//832 864//836 788//460
f 888//832 862//835 864//836
f 863//452 788//460 864//836
f 501//543 497//523 853//828
f 853//828 497//523 865//837
f 866//823 865//837 871//822
f 882//822 871//822 867//829
f 869//829 867//829 870//838
f 868//819 870//838 875//404
f 868//819 869//829 870//838
f 497//523 489//519 865//837
f 865//837 489//519 873//839
f 871//822 873//839 874//829
f 867//829 874//829 872//840
f 870//838 872//840 875//404
f 870//838 867//829 872//840
f 489//519 876//521 873//839
f 873//839 876//521 878//841
f 874//829 878//841 881//838
f 872//840 881//838 877//510
f 875//404 872//840 877//510
f 876//521 880//511 878//841
f 878//841 880//511 879//842
f 881//838 879//842 877//510
f 881//838 878//841 879//842
f 880//511 877//510 879//842
f 874//829 881//838 872//840
f 882//822 867//829 869//829
f 871//822 874//829 867//829
f 873//839 878//841 874//829
f 883//823 882//822 849//822
f 885//823 883//823 849//822
f 854//830 885//823 850//821
f 866//823 871//822 882//822
f 865//837 873//839 871//822
f 858//833 886//824 854//830
f 887//824 866//823 883//823
f 884//824 887//824 883//823
f 886//824 884//824 885//823
f 853//828 865//837 866//823
f 862//835 859//825 858//833
f 859//825 861//831 886//824
f 852//826 853//828 887//824
f 855//825 852//826 887//824
f 861//831 855//825 884//824
f 860//834 859//825 888//832
f 889//183 91//120 890//843
f 903//348 890//843 59//89
f 897//844 59//89 898//90
f 327//349 898//90 891//845
f 892//350 891//845 899//91
f 900//846 899//91 893//92
f 331//351 893//92 902//847
f 894//352 902//847 69//93
f 901//848 69//93 895//94
f 328//353 895//94 896//849
f 921//354 896//849 1028//95
f 921//354 328//353 896//849
f 903//348 59//89 897//844
f 327//349 897//844 898//90
f 327//349 903//348 897//844
f 898//90 899//91 891//845
f 892//350 899//91 900//846
f 331//351 900//846 893//92
f 331//351 892//350 900//846
f 893//92 69//93 902//847
f 894//352 69//93 901//848
f 328//353 901//848 895//94
f 328//353 894//352 901//848
f 895//94 1028//95 896//849
f 894//352 331//351 902//847
f 892//350 327//349 891//845
f 903//348 889//183 890//843
f 91//120 59//89 890//843
f 904//307 905//850 948//299
f 904//307 906//851 905//850
f 904//307 315//326 906//851
f 906//851 315//326 909//852
f 908//853 909//852 907//854
f 398//413 907//854 410//417
f 398//413 908//853 907//854
f 398//413 429//415 908//853
f 908//853 429//415 923//855
f 906//851 923//855 905//850
f 906//851 908//853 923//855
f 906//851 909//852 908//853
f 315//326 313//324 909//852
f 909//852 313//324 911//856
f 907//854 911//856 910//857
f 410//417 910//857 414//437
f 410//417 907//854 910//857
f 313//324 913//325 911//856
f 911//856 913//325 914//858
f 910//857 914//858 912//859
f 414//437 912//859 917//445
f 414//437 910//857 912//859
f 913//325 915//339 914//858
f 914//858 915//339 916//860
f 912//859 916//860 918//861
f 917//445 918//861 801//453
f 917//445 912//859 918//861
f 915//339 920//347 916//860
f 916//860 920//347 919//862
f 918//861 919//862 801//453
f 918//861 916//860 919//862
f 920//347 921//354 919//862
f 919//862 921//354 801//453
f 429//415 922//405 923//855
f 923//855 922//405 924//863
f 905//850 924//863 948//299
f 905//850 923//855 924//863
f 922//405 875//404 924//863
f 924//863 875//404 948//299
f 911//856 907//854 909//852
f 914//858 910//857 911//856
f 916//860 912//859 914//858
f 354//363 925//864 1046//355
f 354//363 932//865 925//864
f 354//363 377//382 932//865
f 932//865 377//382 926//866
f 927//867 926//866 956//868
f 928//868 956//868 929//869
f 960//869 929//869 930//870
f 964//871 930//870 931//872
f 324//340 931//872 889//183
f 324//340 964//871 931//872
f 324//340 320//332 964//871
f 964//871 320//332 961//873
f 960//869 961//873 957//868
f 928//868 957//868 953//867
f 927//867 953//867 954//874
f 932//865 954//874 925//864
f 932//865 927//867 954//874
f 932//865 926//866 927//867
f 377//382 933//380 926//866
f 926//866 933//380 959//875
f 956//868 959//875 958//869
f 929//869 958//869 965//876
f 930//870 965//876 934//877
f 931//872 934//877 889//183
f 931//872 930//870 934//877
f 933//380 358//381 959//875
f 959//875 358//381 963//878
f 958//869 963//878 935//870
f 965//876 935//870 936//879
f 934//877 936//879 889//183
f 934//877 965//876 936//879
f 358//381 369//395 963//878
f 963//878 369//395 937//880
f 935//870 937//880 938//877
f 936//879 938//877 939//167
f 889//183 936//879 939//167
f 369//395 371//403 937//880
f 937//880 371//403 940//881
f 938//877 940//881 939//167
f 938//877 937//880 940//881
f 371//403 939//167 940//881
f 320//332 944//312 961//873
f 961//873 944//312 962//882
f 957//868 962//882 941//867
f 953//867 941//867 942//874
f 954//874 942//874 943//883
f 925//864 943//883 1046//355
f 925//864 954//874 943//883
f 944//312 308//308 962//882
f 962//882 308//308 945//884
f 941//867 945//884 946//874
f 942//874 946//874 947//885
f 943//883 947//885 1046//355
f 943//883 942//874 947//885
f 308//308 949//310 945//884
f 945//884 949//310 955//886
f 946//874 955//886 952//883
f 947//885 952//883 948//299
f 1046//355 947//885 948//299
f 949//310 950//300 955//886
f 955//886 950//300 951//887
f 952//883 951//887 948//299
f 952//883 955//886 951//887
f 950//300 948//299 951//887
f 946//874 952//883 947//885
f 953//867 942//874 954//874
f 941//867 946//874 942//874
f 945//884 955//886 946//874
f 928//868 953//867 927//867
f 956//868 928//868 927//867
f 959//875 956//868 926//866
f 957//868 941//867 953//867
f 962//882 945//884 941//867
f 963//878 958//869 959//875
f 960//869 957//868 928//868
f 929//869 960//869 928//868
f 958//869 929//869 956//868
f 961//873 962//882 957//868
f 937//880 935//870 963//878
f 935//870 965//876 958//869
f 964//871 961//873 960//869
f 930//870 964//871 960//869
f 965//876 930//870 929//869
f 936//879 935//870 938//877
f 771//104 506//559 799//103
f 799//103 506//559 788//460
f 197//199 975//888 974//253
f 197//199 1716//889 975//888
f 197//199 165//202 1716//889
f 1716//889 165//202 967//204
f 966//206 1716//889 967//204
f 966//206 181//208 1716//889
f 1716//889 181//208 976//890
f 1717//891 1716//889 976//890
f 181//208 166//210 976//890
f 976//890 166//210 167//212
f 1011//509 167//212 169//214
f 182//216 1011//509 169//214
f 182//216 968//218 1011//509
f 1011//509 968//218 183//220
f 184//222 1011//509 183//220
f 184//222 969//224 1011//509
f 1011//509 969//224 173//226
f 816//688 173//226 185//228
f 187//230 816//688 185//228
f 187//230 188//232 816//688
f 816//688 188//232 176//234
f 970//236 816//688 176//234
f 970//236 971//238 816//688
f 816//688 971//238 189//240
f 972//892 189//240 191//242
f 192//244 972//892 191//242
f 192//244 1735//893 972//892
f 192//244 973//246 1735//893
f 1735//893 973//246 194//248
f 179//250 1735//893 194//248
f 179//250 178//252 1735//893
f 1735//893 178//252 1733//894
f 1733//894 178//252 974//253
f 975//888 1733//894 974//253
f 976//890 167//212 1011//509
f 1623//895 1011//509 1622//896
f 1623//895 976//890 1011//509
f 1011//509 173//226 816//688
f 816//688 189//240 972//892
f 977//897 816//688 972//892
f 977//897 1729//898 816//688
f 816//688 1729//898 1728//899
f 978//900 816//688 1728//899
f 978//900 979//901 816//688
f 816//688 979//901 1727//902
f 1723//903 816//688 1727//902
f 1723//903 980//904 816//688
f 816//688 980//904 981//905
f 982//906 816//688 981//905
f 982//906 983//907 816//688
f 816//688 983//907 1625//908
f 985//721 1625//908 1633//909
f 984//910 985//721 1633//909
f 984//910 1634//911 985//721
f 985//721 1634//911 1635//912
f 1636//913 985//721 1635//912
f 1636//913 1638//914 985//721
f 985//721 1638//914 987//915
f 986//916 985//721 987//915
f 986//916 1630//917 985//721
f 985//721 1630//917 1631//918
f 988//919 985//721 1631//918
f 988//919 238//240 985//721
f 988//919 220//269 238//240
f 988//919 236//268 220//269
f 988//919 1000//920 236//268
f 988//919 1720//921 1000//920
f 243//255 991//614 242//253
f 243//255 227//256 991//614
f 991//614 227//256 989//257
f 990//258 991//614 989//257
f 990//258 228//259 991//614
f 991//614 228//259 229//260
f 231//212 991//614 229//260
f 231//212 992//922 991//614
f 231//212 993//261 992//922
f 992//922 993//261 994//262
f 996//923 994//262 995//218
f 214//220 996//923 995//218
f 214//220 232//263 996//923
f 996//923 232//263 215//264
f 1730//924 215//264 217//226
f 997//925 217//226 999//265
f 1000//920 999//265 233//230
f 234//266 1000//920 233//230
f 234//266 998//267 1000//920
f 1000//920 998//267 236//268
f 992//922 994//262 996//923
f 1718//926 992//922 996//923
f 996//923 215//264 1730//924
f 1730//924 217//226 997//925
f 997//925 999//265 1000//920
f 238//240 240//242 985//721
f 985//721 240//242 222//270
f 223//246 985//721 222//270
f 223//246 241//271 985//721
f 985//721 241//271 226//250
f 225//272 985//721 226//250
f 225//272 242//253 985//721
f 985//721 242//253 991//614
f 1735//893 1721//927 972//892
f 1625//908 983//907 1594//928
f 1594//928 983//907 1007//929
f 1008//930 1007//929 1578//931
f 1009//932 1578//931 1583//933
f 1568//934 1583//933 1001//935
f 1569//936 1001//935 1577//937
f 1570//938 1577//937 1582//939
f 1571//940 1582//939 1576//941
f 1002//942 1576//941 1003//943
f 1572//944 1003//943 1004//945
f 1005//946 1004//945 1006//947
f 1573//948 1005//946 1006//947
f 1594//928 1007//929 1008//930
f 1008//930 1578//931 1009//932
f 1009//932 1583//933 1568//934
f 1568//934 1001//935 1569//936
f 1569//936 1577//937 1570//938
f 1570//938 1582//939 1571//940
f 1571//940 1576//941 1002//942
f 1002//942 1003//943 1572//944
f 1572//944 1004//945 1005//946
f 816//688 1625//908 985//721
f 992//922 1605//949 991//614
f 991//614 1605//949 1604//950
f 1611//951 991//614 1604//950
f 1611//951 1610//952 991//614
f 991//614 1610//952 1609//953
f 1608//954 991//614 1609//953
f 1608//954 1606//955 991//614
f 991//614 1606//955 1599//956
f 1598//957 991//614 1599//956
f 1598//957 1596//958 991//614
f 991//614 1596//958 1010//959
f 1614//960 1010//959 1551//961
f 1614//960 991//614 1010//959
f 1614//960 1011//509 991//614
f 1614//960 1616//962 1011//509
f 1011//509 1616//962 1618//963
f 1012//964 1011//509 1618//963
f 1012//964 1619//965 1011//509
f 1011//509 1619//965 1013//966
f 1014//967 1011//509 1013//966
f 1014//967 1615//968 1011//509
f 1011//509 1615//968 1621//969
f 1622//896 1011//509 1621//969
f 1010//959 1514//970 1551//961
f 1551//961 1514//970 1015//971
f 1015//971 1514//970 1016//972
f 1020//973 1016//972 1532//974
f 1021//975 1532//974 1531//976
f 1017//977 1531//976 1018//978
f 1022//979 1018//978 1541//980
f 1023//981 1541//980 1024//982
f 1025//983 1024//982 1026//984
f 1019//985 1026//984 1027//986
f 1538//987 1027//986 1530//988
f 1529//989 1538//987 1530//988
f 1015//971 1016//972 1020//973
f 1020//973 1532//974 1021//975
f 1021//975 1531//976 1017//977
f 1017//977 1018//978 1022//979
f 1022//979 1541//980 1023//981
f 1023//981 1024//982 1025//983
f 1025//983 1026//984 1019//985
f 1019//985 1027//986 1538//987
f 63//96 801//453 1028//95
f 1028//95 801//453 921//354
f 1030//990 1031//991 877//510
f 1029//992 877//510 2275//993
f 1029//992 1030//990 877//510
f 1031//991 2263//994 877//510
f 877//510 2263//994 1032//995
f 1033//996 877//510 1032//995
f 1033//996 2208//997 877//510
f 1033//996 2210//998 2208//997
f 1033//996 1034//999 2210//998
f 2210//998 1034//999 2203//1000
f 2203//1000 1034//999 1035//19
f 2204//1001 1035//19 2272//1002
f 1036//1003 2272//1002 1037//1004
f 2221//5 1037//1004 2306//1005
f 2219//1006 2306//1005 1049//25
f 2218//1007 1049//25 2309//1008
f 1038//1009 2309//1008 1039//1010
f 1040//53 1039//1010 2302//1011
f 1050//1012 2302//1011 2301//33
f 2177//1013 2301//33 1041//1014
f 2188//1015 1041//1014 2288//1016
f 2185//47 2288//1016 1043//1017
f 1042//1018 1043//1017 1045//1019
f 1044//1020 1045//1019 2295//1021
f 1046//355 2295//1021 2293//1022
f 2296//1023 1046//355 2293//1022
f 2296//1023 2287//1024 1046//355
f 1046//355 2287//1024 1047//1025
f 1048//1026 1046//355 1047//1025
f 1048//1026 2284//1027 1046//355
f 1046//355 2284//1027 2281//1028
f 2280//1007 1046//355 2281//1028
f 2280//1007 877//510 1046//355
f 2280//1007 2275//993 877//510
f 2203//1000 1035//19 2204//1001
f 2204//1001 2272//1002 1036//1003
f 1036//1003 1037//1004 2221//5
f 2221//5 2306//1005 2219//1006
f 2219//1006 1049//25 2218//1007
f 2218//1007 2309//1008 1038//1009
f 1038//1009 1039//1010 1040//53
f 1040//53 2302//1011 1050//1012
f 1050//1012 2301//33 2177//1013
f 2177//1013 1041//1014 2188//1015
f 2188//1015 2288//1016 2185//47
f 2185//47 1043//1017 1042//1018
f 1042//1018 1045//1019 1044//1020
f 1044//1020 2295//1021 1046//355
f 948//299 1044//1020 1046//355
f 948//299 1051//1029 1044//1020
f 948//299 1052//1030 1051//1029
f 948//299 2000//1031 1052//1030
f 948//299 1994//1032 2000//1031
f 948//299 1053//1033 1994//1032
f 948//299 2007//1034 1053//1033
f 948//299 1055//1035 2007//1034
f 948//299 1054//1036 1055//1035
f 948//299 1057//1037 1054//1036
f 948//299 1056//1008 1057//1037
f 948//299 875//404 1056//1008
f 1056//1008 875//404 2014//1038
f 2014//1038 875//404 2012//1039
f 2012//1039 875//404 2017//1040
f 2017//1040 875//404 2018//1041
f 2018//1041 875//404 2024//1042
f 2024//1042 875//404 1058//1043
f 1058//1043 875//404 1059//1044
f 1059//1044 875//404 2117//1045
f 2023//998 2117//1045 2116//999
f 1078//1000 2116//999 1060//19
f 2019//1001 1060//19 2112//1002
f 2031//1046 2112//1002 2105//1004
f 2032//5 2105//1004 1079//1005
f 1061//1047 1079//1005 1080//25
f 2034//1007 1080//25 2109//1008
f 1989//1009 2109//1008 2104//1010
f 1081//53 2104//1010 1082//1048
f 1062//1012 1082//1048 1063//33
f 1991//1013 1063//33 1083//1049
f 1992//1015 1083//1049 2100//1016
f 2002//47 2100//1016 1064//1017
f 1998//1018 1064//1017 1065//1019
f 1052//1030 1065//1019 1051//1029
f 1052//1030 1998//1018 1065//1019
f 1066//999 2114//998 2208//997
f 1066//999 1067//1000 2114//998
f 1066//999 2206//19 1067//1000
f 1067//1000 2206//19 1068//1001
f 1068//1001 2206//19 1069//1002
f 2127//1046 1069//1002 2196//1004
f 1074//5 2196//1004 2197//1005
f 2125//1047 2197//1005 1070//25
f 1075//1007 1070//25 1071//1008
f 2085//1009 1071//1008 1076//1010
f 2086//53 1076//1010 2190//1011
f 2082//1012 2190//1011 2193//33
f 2089//1013 2193//33 1077//1014
f 2099//1015 1077//1014 2189//1016
f 2092//47 2189//1016 1072//1017
f 1073//1018 1072//1017 2182//1019
f 1051//1029 2182//1019 1044//1020
f 1051//1029 1073//1018 2182//1019
f 1068//1001 1069//1002 2127//1046
f 2127//1046 2196//1004 1074//5
f 1074//5 2197//1005 2125//1047
f 2125//1047 1070//25 1075//1007
f 1075//1007 1071//1008 2085//1009
f 2085//1009 1076//1010 2086//53
f 2086//53 2190//1011 2082//1012
f 2082//1012 2193//33 2089//1013
f 2089//1013 1077//1014 2099//1015
f 2099//1015 2189//1016 2092//47
f 2092//47 1072//1017 1073//1018
f 2114//998 2117//1045 2208//997
f 2208//997 2117//1045 877//510
f 877//510 2117//1045 875//404
f 1059//1044 2117//1045 2023//998
f 2023//998 2116//999 1078//1000
f 1078//1000 1060//19 2019//1001
f 2019//1001 2112//1002 2031//1046
f 2031//1046 2105//1004 2032//5
f 2032//5 1079//1005 1061//1047
f 1061//1047 1080//25 2034//1007
f 2034//1007 2109//1008 1989//1009
f 1989//1009 2104//1010 1081//53
f 1081//53 1082//1048 1062//1012
f 1062//1012 1063//33 1991//1013
f 1991//1013 1083//1049 1992//1015
f 1992//1015 2100//1016 2002//47
f 2002//47 1064//1017 1998//1018
f 1085//1050 1160//1051 1084//1052
f 1085//1050 1086//1053 1160//1051
f 1085//1050 1250//1054 1086//1053
f 1086//1053 1250//1054 1090//1055
f 1175//1056 1090//1055 1087//1057
f 1186//1058 1087//1057 1091//1059
f 1088//1060 1091//1059 1188//1061
f 1172//1062 1188//1061 1194//1063
f 1171//1064 1194//1063 1095//1065
f 1250//1054 1089//1066 1090//1055
f 1090//1055 1089//1066 1096//1067
f 1087//1057 1096//1067 1092//1068
f 1091//1059 1092//1068 1093//1069
f 1188//1061 1093//1069 1094//1070
f 1194//1063 1094//1070 1098//1071
f 1095//1065 1098//1071 1163//1072
f 1089//1066 1249//1073 1096//1067
f 1096//1067 1249//1073 1187//1074
f 1092//1068 1187//1074 1097//1075
f 1093//1069 1097//1075 1192//1076
f 1094//1070 1192//1076 1199//1077
f 1098//1071 1199//1077 1198//1078
f 1163//1072 1198//1078 1170//1079
f 1249//1073 1099//1080 1187//1074
f 1187//1074 1099//1080 1189//1081
f 1097//1075 1189//1081 1190//1082
f 1192//1076 1190//1082 1193//1083
f 1199//1077 1193//1083 1196//1084
f 1198//1078 1196//1084 1205//1085
f 1170//1079 1205//1085 1100//1086
f 1099//1080 1265//1087 1189//1081
f 1189//1081 1265//1087 1103//1088
f 1190//1082 1103//1088 1101//1089
f 1193//1083 1101//1089 1197//1090
f 1196//1084 1197//1090 1201//1091
f 1205//1085 1201//1091 1102//1092
f 1100//1086 1102//1092 1206//1093
f 1265//1087 1106//1094 1103//1088
f 1103//1088 1106//1094 1195//1095
f 1101//1089 1195//1095 1104//1096
f 1197//1090 1104//1096 1108//1097
f 1201//1091 1108//1097 1204//1098
f 1102//1092 1204//1098 1105//1099
f 1206//1093 1105//1099 1168//1100
f 1106//1094 1273//1101 1195//1095
f 1195//1095 1273//1101 1107//1102
f 1104//1096 1107//1102 1200//1103
f 1108//1097 1200//1103 1202//1104
f 1204//1098 1202//1104 1210//1105
f 1105//1099 1210//1105 1109//1106
f 1168//1100 1109//1106 1167//1107
f 1273//1101 1263//1108 1107//1102
f 1107//1102 1263//1108 1110//1109
f 1200//1103 1110//1109 1203//1110
f 1202//1104 1203//1110 1209//1111
f 1210//1105 1209//1111 1112//1112
f 1109//1106 1112//1112 1212//1113
f 1167//1107 1212//1113 1218//1114
f 1263//1108 1262//1115 1110//1109
f 1110//1109 1262//1115 1111//1116
f 1203//1110 1111//1116 1113//1117
f 1209//1111 1113//1117 1208//1118
f 1112//1112 1208//1118 1115//1119
f 1212//1113 1115//1119 1219//1120
f 1218//1114 1219//1120 1162//1121
f 1262//1115 1261//1122 1111//1116
f 1111//1116 1261//1122 1207//1123
f 1113//1117 1207//1123 1114//1124
f 1208//1118 1114//1124 1216//1125
f 1115//1119 1216//1125 1217//1126
f 1219//1120 1217//1126 1225//1127
f 1162//1121 1225//1127 1117//1128
f 1261//1122 1259//1129 1207//1123
f 1207//1123 1259//1129 1116//1130
f 1114//1124 1116//1130 1215//1131
f 1216//1125 1215//1131 1214//1132
f 1217//1126 1214//1132 1220//1133
f 1225//1127 1220//1133 1226//1134
f 1117//1128 1226//1134 1118//1135
f 1259//1129 1120//1136 1116//1130
f 1116//1130 1120//1136 1211//1137
f 1215//1131 1211//1137 1119//1138
f 1214//1132 1119//1138 1122//1139
f 1220//1133 1122//1139 1224//1140
f 1226//1134 1224//1140 1123//1141
f 1118//1135 1123//1141 1229//1142
f 1120//1136 1121//1143 1211//1137
f 1211//1137 1121//1143 1213//1144
f 1119//1138 1213//1144 1223//1145
f 1122//1139 1223//1145 1222//1146
f 1224//1140 1222//1146 1228//1147
f 1123//1141 1228//1147 1230//1148
f 1229//1142 1230//1148 1166//1149
f 1121//1143 1257//1150 1213//1144
f 1213//1144 1257//1150 1221//1151
f 1223//1145 1221//1151 1124//1152
f 1222//1146 1124//1152 1227//1153
f 1228//1147 1227//1153 1127//1154
f 1230//1148 1127//1154 1236//1155
f 1166//1149 1236//1155 1235//1156
f 1257//1150 1255//1157 1221//1151
f 1221//1151 1255//1157 1129//1158
f 1124//1152 1129//1158 1125//1159
f 1227//1153 1125//1159 1126//1160
f 1127//1154 1126//1160 1128//1161
f 1236//1155 1128//1161 1132//1162
f 1235//1156 1132//1162 1165//1163
f 1255//1157 1286//1164 1129//1158
f 1129//1158 1286//1164 1130//1165
f 1125//1159 1130//1165 1232//1166
f 1126//1160 1232//1166 1233//1167
f 1128//1161 1233//1167 1131//1168
f 1132//1162 1131//1168 1238//1169
f 1165//1163 1238//1169 1164//1170
f 1286//1164 1254//1171 1130//1165
f 1130//1165 1254//1171 1231//1172
f 1232//1166 1231//1172 1133//1173
f 1233//1167 1133//1173 1234//1174
f 1131//1168 1234//1174 1241//1175
f 1238//1169 1241//1175 1136//1176
f 1164//1170 1136//1176 1244//1177
f 1254//1171 1134//1178 1231//1172
f 1231//1172 1134//1178 1135//1179
f 1133//1173 1135//1179 1237//1180
f 1234//1174 1237//1180 1141//1181
f 1241//1175 1141//1181 1240//1182
f 1136//1176 1240//1182 1137//1183
f 1244//1177 1137//1183 1138//1184
f 1134//1178 1253//1185 1135//1179
f 1135//1179 1253//1185 1139//1186
f 1237//1180 1139//1186 1140//1187
f 1141//1181 1140//1187 1143//1188
f 1240//1182 1143//1188 1243//1189
f 1137//1183 1243//1189 1181//1190
f 1138//1184 1181//1190 1142//1191
f 1253//1185 1252//1192 1139//1186
f 1139//1186 1252//1192 1239//1193
f 1140//1187 1239//1193 1144//1194
f 1143//1188 1144//1194 1242//1195
f 1243//1189 1242//1195 1180//1196
f 1181//1190 1180//1196 1182//1197
f 1142//1191 1182//1197 1178//1198
f 1252//1192 1145//1199 1239//1193
f 1239//1193 1145//1199 1147//1200
f 1144//1194 1147//1200 1148//1201
f 1242//1195 1148//1201 1150//1202
f 1180//1196 1150//1202 1179//1203
f 1182//1197 1179//1203 1151//1204
f 1178//1198 1151//1204 1146//1205
f 1145//1199 1251//1206 1147//1200
f 1147//1200 1251//1206 1152//1207
f 1148//1201 1152//1207 1149//1208
f 1150//1202 1149//1208 1155//1209
f 1179//1203 1155//1209 1183//1210
f 1151//1204 1183//1210 1185//1211
f 1146//1205 1185//1211 1159//1212
f 1251//1206 1153//1213 1152//1207
f 1152//1207 1153//1213 1154//1214
f 1149//1208 1154//1214 1161//1215
f 1155//1209 1161//1215 1156//1216
f 1183//1210 1156//1216 1157//1217
f 1185//1211 1157//1217 1158//1218
f 1159//1212 1158//1218 1177//1219
f 1153//1213 1084//1052 1154//1214
f 1154//1214 1084//1052 1160//1051
f 1161//1215 1160//1051 1176//1220
f 1156//1216 1176//1220 1184//1221
f 1157//1217 1184//1221 1174//1222
f 1158//1218 1174//1222 1173//1223
f 1177//1219 1173//1223 1191//1224
f 1142//1191 1169//1225 1138//1184
f 1138//1184 1169//1225 1244//1177
f 1117//1128 1169//1225 1162//1121
f 1163//1072 1169//1225 1095//1065
f 1244//1177 1169//1225 1164//1170
f 1164//1170 1169//1225 1165//1163
f 1165//1163 1169//1225 1235//1156
f 1235//1156 1169//1225 1166//1149
f 1166//1149 1169//1225 1229//1142
f 1229//1142 1169//1225 1118//1135
f 1118//1135 1169//1225 1117//1128
f 1162//1121 1169//1225 1218//1114
f 1218//1114 1169//1225 1167//1107
f 1167//1107 1169//1225 1168//1100
f 1168//1100 1169//1225 1206//1093
f 1206//1093 1169//1225 1100//1086
f 1100//1086 1169//1225 1170//1079
f 1170//1079 1169//1225 1163//1072
f 1095//1065 1169//1225 1171//1064
f 1171//1064 1169//1225 1191//1224
f 1172//1062 1191//1224 1173//1223
f 1088//1060 1173//1223 1174//1222
f 1186//1058 1174//1222 1184//1221
f 1175//1056 1184//1221 1176//1220
f 1086//1053 1176//1220 1160//1051
f 1086//1053 1175//1056 1176//1220
f 1086//1053 1090//1055 1175//1056
f 1191//1224 1169//1225 1177//1219
f 1177//1219 1169//1225 1159//1212
f 1159//1212 1169//1225 1146//1205
f 1146//1205 1169//1225 1178//1198
f 1178//1198 1169//1225 1142//1191
f 1154//1214 1149//1208 1152//1207
f 1161//1215 1154//1214 1160//1051
f 1149//1208 1150//1202 1148//1201
f 1155//1209 1149//1208 1161//1215
f 1150//1202 1180//1196 1242//1195
f 1179//1203 1150//1202 1155//1209
f 1180//1196 1181//1190 1243//1189
f 1182//1197 1180//1196 1179//1203
f 1181//1190 1138//1184 1137//1183
f 1142//1191 1181//1190 1182//1197
f 1156//1216 1161//1215 1176//1220
f 1183//1210 1155//1209 1156//1216
f 1151//1204 1179//1203 1183//1210
f 1178//1198 1182//1197 1151//1204
f 1157//1217 1156//1216 1184//1221
f 1185//1211 1183//1210 1157//1217
f 1146//1205 1151//1204 1185//1211
f 1087//1057 1090//1055 1096//1067
f 1186//1058 1184//1221 1175//1056
f 1087//1057 1186//1058 1175//1056
f 1158//1218 1157//1217 1174//1222
f 1159//1212 1185//1211 1158//1218
f 1092//1068 1096//1067 1187//1074
f 1091//1059 1087//1057 1092//1068
f 1088//1060 1174//1222 1186//1058
f 1091//1059 1088//1060 1186//1058
f 1177//1219 1158//1218 1173//1223
f 1097//1075 1187//1074 1189//1081
f 1093//1069 1092//1068 1097//1075
f 1188//1061 1091//1059 1093//1069
f 1172//1062 1173//1223 1088//1060
f 1188//1061 1172//1062 1088//1060
f 1190//1082 1189//1081 1103//1088
f 1192//1076 1097//1075 1190//1082
f 1094//1070 1093//1069 1192//1076
f 1194//1063 1188//1061 1094//1070
f 1171//1064 1191//1224 1172//1062
f 1194//1063 1171//1064 1172//1062
f 1101//1089 1103//1088 1195//1095
f 1193//1083 1190//1082 1101//1089
f 1199//1077 1192//1076 1193//1083
f 1098//1071 1094//1070 1199//1077
f 1095//1065 1194//1063 1098//1071
f 1104//1096 1195//1095 1107//1102
f 1197//1090 1101//1089 1104//1096
f 1196//1084 1193//1083 1197//1090
f 1198//1078 1199//1077 1196//1084
f 1163//1072 1098//1071 1198//1078
f 1200//1103 1107//1102 1110//1109
f 1108//1097 1104//1096 1200//1103
f 1201//1091 1197//1090 1108//1097
f 1205//1085 1196//1084 1201//1091
f 1170//1079 1198//1078 1205//1085
f 1203//1110 1110//1109 1111//1116
f 1202//1104 1200//1103 1203//1110
f 1204//1098 1108//1097 1202//1104
f 1102//1092 1201//1091 1204//1098
f 1100//1086 1205//1085 1102//1092
f 1113//1117 1111//1116 1207//1123
f 1209//1111 1203//1110 1113//1117
f 1210//1105 1202//1104 1209//1111
f 1105//1099 1204//1098 1210//1105
f 1206//1093 1102//1092 1105//1099
f 1114//1124 1207//1123 1116//1130
f 1208//1118 1113//1117 1114//1124
f 1112//1112 1209//1111 1208//1118
f 1109//1106 1210//1105 1112//1112
f 1168//1100 1105//1099 1109//1106
f 1215//1131 1116//1130 1211//1137
f 1216//1125 1114//1124 1215//1131
f 1115//1119 1208//1118 1216//1125
f 1212//1113 1112//1112 1115//1119
f 1167//1107 1109//1106 1212//1113
f 1119//1138 1211//1137 1213//1144
f 1214//1132 1215//1131 1119//1138
f 1217//1126 1216//1125 1214//1132
f 1219//1120 1115//1119 1217//1126
f 1218//1114 1212//1113 1219//1120
f 1223//1145 1213//1144 1221//1151
f 1122//1139 1119//1138 1223//1145
f 1220//1133 1214//1132 1122//1139
f 1225//1127 1217//1126 1220//1133
f 1162//1121 1219//1120 1225//1127
f 1124//1152 1221//1151 1129//1158
f 1222//1146 1223//1145 1124//1152
f 1224//1140 1122//1139 1222//1146
f 1226//1134 1220//1133 1224//1140
f 1117//1128 1225//1127 1226//1134
f 1125//1159 1129//1158 1130//1165
f 1227//1153 1124//1152 1125//1159
f 1228//1147 1222//1146 1227//1153
f 1123//1141 1224//1140 1228//1147
f 1118//1135 1226//1134 1123//1141
f 1232//1166 1130//1165 1231//1172
f 1126//1160 1125//1159 1232//1166
f 1127//1154 1227//1153 1126//1160
f 1230//1148 1228//1147 1127//1154
f 1229//1142 1123//1141 1230//1148
f 1133//1173 1231//1172 1135//1179
f 1233//1167 1232//1166 1133//1173
f 1128//1161 1126//1160 1233//1167
f 1236//1155 1127//1154 1128//1161
f 1166//1149 1230//1148 1236//1155
f 1237//1180 1135//1179 1139//1186
f 1234//1174 1133//1173 1237//1180
f 1131//1168 1233//1167 1234//1174
f 1132//1162 1128//1161 1131//1168
f 1235//1156 1236//1155 1132//1162
f 1140//1187 1139//1186 1239//1193
f 1141//1181 1237//1180 1140//1187
f 1241//1175 1234//1174 1141//1181
f 1238//1169 1131//1168 1241//1175
f 1165//1163 1132//1162 1238//1169
f 1144//1194 1239//1193 1147//1200
f 1143//1188 1140//1187 1144//1194
f 1240//1182 1141//1181 1143//1188
f 1136//1176 1241//1175 1240//1182
f 1164//1170 1238//1169 1136//1176
f 1148//1201 1147//1200 1152//1207
f 1242//1195 1144//1194 1148//1201
f 1243//1189 1143//1188 1242//1195
f 1137//1183 1240//1182 1243//1189
f 1244//1177 1136//1176 1137//1183
f 1245//1226 1301//1227 1246//1228
f 1245//1226 1247//1229 1301//1227
f 1245//1226 1248//1230 1247//1229
f 1247//1229 1248//1230 1266//1231
f 1089//1066 1266//1231 1249//1073
f 1089//1066 1247//1229 1266//1231
f 1089//1066 1250//1054 1247//1229
f 1247//1229 1250//1054 1301//1227
f 1301//1227 1250//1054 1085//1050
f 1300//1232 1085//1050 1084//1052
f 1298//1233 1084//1052 1153//1213
f 1296//1234 1153//1213 1251//1206
f 1295//1235 1251//1206 1145//1199
f 1293//1236 1145//1199 1252//1192
f 1291//1237 1252//1192 1253//1185
f 1290//1238 1253//1185 1134//1178
f 1288//1239 1134//1178 1254//1171
f 1287//1240 1254//1171 1286//1164
f 1284//1241 1286//1164 1255//1157
f 1283//1242 1255//1157 1257//1150
f 1256//1243 1257//1150 1121//1143
f 1281//1244 1121//1143 1120//1136
f 1258//1245 1120//1136 1259//1129
f 1260//1246 1259//1129 1261//1122
f 1279//1247 1261//1122 1262//1115
f 1278//1248 1262//1115 1263//1108
f 1275//1249 1263//1108 1273//1101
f 1264//1250 1273//1101 1106//1094
f 1272//1251 1106//1094 1265//1087
f 1270//1252 1265//1087 1099//1080
f 1267//1253 1099//1080 1249//1073
f 1266//1231 1267//1253 1249//1073
f 1266//1231 1268//1254 1267//1253
f 1266//1231 1248//1230 1268//1254
f 1268//1254 1269//1255 1267//1253
f 1267//1253 1269//1255 1270//1252
f 1099//1080 1267//1253 1270//1252
f 1269//1255 1271//1256 1270//1252
f 1270//1252 1271//1256 1272//1251
f 1265//1087 1270//1252 1272//1251
f 1271//1256 1676//1257 1272//1251
f 1272//1251 1676//1257 1264//1250
f 1106//1094 1272//1251 1264//1250
f 1676//1257 1274//1258 1264//1250
f 1264//1250 1274//1258 1275//1249
f 1273//1101 1264//1250 1275//1249
f 1274//1258 1276//1259 1275//1249
f 1275//1249 1276//1259 1278//1248
f 1263//1108 1275//1249 1278//1248
f 1276//1259 1277//1260 1278//1248
f 1278//1248 1277//1260 1279//1247
f 1262//1115 1278//1248 1279//1247
f 1277//1260 1674//1261 1279//1247
f 1279//1247 1674//1261 1260//1246
f 1261//1122 1279//1247 1260//1246
f 1674//1261 1280//1262 1260//1246
f 1260//1246 1280//1262 1258//1245
f 1259//1129 1260//1246 1258//1245
f 1280//1262 1653//1263 1258//1245
f 1258//1245 1653//1263 1281//1244
f 1120//1136 1258//1245 1281//1244
f 1653//1263 1646//1264 1281//1244
f 1281//1244 1646//1264 1256//1243
f 1121//1143 1281//1244 1256//1243
f 1646//1264 1282//1265 1256//1243
f 1256//1243 1282//1265 1283//1242
f 1257//1150 1256//1243 1283//1242
f 1282//1265 1645//1266 1283//1242
f 1283//1242 1645//1266 1284//1241
f 1255//1157 1283//1242 1284//1241
f 1645//1266 1285//1267 1284//1241
f 1284//1241 1285//1267 1287//1240
f 1286//1164 1284//1241 1287//1240
f 1285//1267 1289//1268 1287//1240
f 1287//1240 1289//1268 1288//1239
f 1254//1171 1287//1240 1288//1239
f 1289//1268 1704//1269 1288//1239
f 1288//1239 1704//1269 1290//1238
f 1134//1178 1288//1239 1290//1238
f 1704//1269 1292//1270 1290//1238
f 1290//1238 1292//1270 1291//1237
f 1253//1185 1290//1238 1291//1237
f 1292//1270 1641//1271 1291//1237
f 1291//1237 1641//1271 1293//1236
f 1252//1192 1291//1237 1293//1236
f 1641//1271 1640//1272 1293//1236
f 1293//1236 1640//1272 1295//1235
f 1145//1199 1293//1236 1295//1235
f 1640//1272 1294//1273 1295//1235
f 1295//1235 1294//1273 1296//1234
f 1251//1206 1295//1235 1296//1234
f 1294//1273 1297//1274 1296//1234
f 1296//1234 1297//1274 1298//1233
f 1153//1213 1296//1234 1298//1233
f 1297//1274 1299//1275 1298//1233
f 1298//1233 1299//1275 1300//1232
f 1084//1052 1298//1233 1300//1232
f 1299//1275 1246//1228 1300//1232
f 1300//1232 1246//1228 1301//1227
f 1085//1050 1300//1232 1301//1227
f 1302//1050 1401//1051 1467//1052
f 1302//1050 1403//1276 1401//1051
f 1302//1050 1308//1054 1403//1276
f 1403//1276 1308//1054 1303//1055
f 1412//1056 1303//1055 1304//1057
f 1415//1058 1304//1057 1305//1277
f 1400//1060 1305//1277 1306//1061
f 1419//1062 1306//1061 1310//1063
f 1307//1064 1310//1063 1311//1065
f 1308//1054 1309//1066 1303//1055
f 1303//1055 1309//1066 1313//1067
f 1304//1057 1313//1067 1414//1068
f 1305//1277 1414//1068 1416//1069
f 1306//1061 1416//1069 1425//1070
f 1310//1063 1425//1070 1426//1071
f 1311//1065 1426//1071 1312//1072
f 1309//1066 1316//1073 1313//1067
f 1313//1067 1316//1073 1314//1278
f 1414//1068 1314//1278 1418//1279
f 1416//1069 1418//1279 1424//1280
f 1425//1070 1424//1280 1315//1077
f 1426//1071 1315//1077 1318//1078
f 1312//1072 1318//1078 1320//1079
f 1316//1073 1317//1080 1314//1278
f 1314//1278 1317//1080 1322//1081
f 1418//1279 1322//1081 1423//1082
f 1424//1280 1423//1082 1422//1083
f 1315//1077 1422//1083 1319//1084
f 1318//1078 1319//1084 1325//1085
f 1320//1079 1325//1085 1321//1086
f 1317//1080 1323//1087 1322//1081
f 1322//1081 1323//1087 1417//1088
f 1423//1082 1417//1088 1420//1089
f 1422//1083 1420//1089 1324//1090
f 1319//1084 1324//1090 1326//1091
f 1325//1085 1326//1091 1329//1092
f 1321//1086 1329//1092 1327//1093
f 1323//1087 1484//1094 1417//1088
f 1417//1088 1484//1094 1421//1095
f 1420//1089 1421//1095 1328//1281
f 1324//1090 1328//1281 1427//1097
f 1326//1091 1427//1097 1429//1098
f 1329//1092 1429//1098 1330//1099
f 1327//1093 1330//1099 1331//1100
f 1484//1094 1477//1101 1421//1095
f 1421//1095 1477//1101 1332//1102
f 1328//1281 1332//1102 1333//1103
f 1427//1097 1333//1103 1334//1282
f 1429//1098 1334//1282 1431//1105
f 1330//1099 1431//1105 1434//1106
f 1331//1100 1434//1106 1335//1107
f 1477//1101 1475//1108 1332//1102
f 1332//1102 1475//1108 1337//1109
f 1333//1103 1337//1109 1428//1110
f 1334//1282 1428//1110 1433//1283
f 1431//1105 1433//1283 1432//1112
f 1434//1106 1432//1112 1336//1113
f 1335//1107 1336//1113 1397//1114
f 1475//1108 1474//1115 1337//1109
f 1337//1109 1474//1115 1430//1284
f 1428//1110 1430//1284 1338//1117
f 1433//1283 1338//1117 1339//1285
f 1432//1112 1339//1285 1440//1119
f 1336//1113 1440//1119 1340//1120
f 1397//1114 1340//1120 1396//1121
f 1474//1115 1473//1122 1430//1284
f 1430//1284 1473//1122 1341//1123
f 1338//1117 1341//1123 1437//1124
f 1339//1285 1437//1124 1436//1125
f 1440//1119 1436//1125 1443//1126
f 1340//1120 1443//1126 1442//1127
f 1396//1121 1442//1127 1343//1128
f 1473//1122 1342//1129 1341//1123
f 1341//1123 1342//1129 1345//1130
f 1437//1124 1345//1130 1435//1131
f 1436//1125 1435//1131 1439//1132
f 1443//1126 1439//1132 1347//1133
f 1442//1127 1347//1133 1348//1134
f 1343//1128 1348//1134 1447//1135
f 1342//1129 1344//1136 1345//1130
f 1345//1130 1344//1136 1438//1137
f 1435//1131 1438//1137 1346//1138
f 1439//1132 1346//1138 1441//1139
f 1347//1133 1441//1139 1446//1140
f 1348//1134 1446//1140 1350//1141
f 1447//1135 1350//1141 1452//1142
f 1344//1136 1495//1143 1438//1137
f 1438//1137 1495//1143 1351//1144
f 1346//1138 1351//1144 1445//1286
f 1441//1139 1445//1286 1349//1146
f 1446//1140 1349//1146 1450//1287
f 1350//1141 1450//1287 1453//1288
f 1452//1142 1453//1288 1395//1149
f 1495//1143 1472//1150 1351//1144
f 1351//1144 1472//1150 1352//1151
f 1445//1286 1352//1151 1353//1289
f 1349//1146 1353//1289 1449//1153
f 1450//1287 1449//1153 1451//1290
f 1453//1288 1451//1290 1455//1155
f 1395//1149 1455//1155 1354//1156
f 1472//1150 1471//1157 1352//1151
f 1352//1151 1471//1157 1444//1158
f 1353//1289 1444//1158 1355//1159
f 1449//1153 1355//1159 1448//1160
f 1451//1290 1448//1160 1454//1161
f 1455//1155 1454//1161 1457//1162
f 1354//1156 1457//1162 1394//1163
f 1471//1157 1502//1164 1444//1158
f 1444//1158 1502//1164 1359//1165
f 1355//1159 1359//1165 1356//1291
f 1448//1160 1356//1291 1357//1167
f 1454//1161 1357//1167 1361//1292
f 1457//1162 1361//1292 1460//1169
f 1394//1163 1460//1169 1393//1170
f 1502//1164 1358//1171 1359//1165
f 1359//1165 1358//1171 1363//1293
f 1356//1291 1363//1293 1360//1173
f 1357//1167 1360//1173 1456//1294
f 1361//1292 1456//1294 1366//1175
f 1460//1169 1366//1175 1461//1176
f 1393//1170 1461//1176 1362//1177
f 1358//1171 1364//1178 1363//1293
f 1363//1293 1364//1178 1369//1179
f 1360//1173 1369//1179 1365//1180
f 1456//1294 1365//1180 1459//1181
f 1366//1175 1459//1181 1367//1182
f 1461//1176 1367//1182 1464//1183
f 1362//1177 1464//1183 1368//1184
f 1364//1178 1470//1185 1369//1179
f 1369//1179 1470//1185 1372//1186
f 1365//1180 1372//1186 1370//1295
f 1459//1181 1370//1295 1463//1296
f 1367//1182 1463//1296 1406//1189
f 1464//1183 1406//1189 1371//1190
f 1368//1184 1371//1190 1392//1191
f 1470//1185 1507//1297 1372//1186
f 1372//1186 1507//1297 1458//1193
f 1370//1295 1458//1193 1373//1194
f 1463//1296 1373//1194 1462//1298
f 1406//1189 1462//1298 1374//1196
f 1371//1190 1374//1196 1409//1197
f 1392//1191 1409//1197 1379//1198
f 1507//1297 1375//1199 1458//1193
f 1458//1193 1375//1199 1380//1200
f 1373//1194 1380//1200 1376//1299
f 1462//1298 1376//1299 1377//1202
f 1374//1196 1377//1202 1378//1203
f 1409//1197 1378//1203 1382//1204
f 1379//1198 1382//1204 1384//1205
f 1375//1199 1385//1206 1380//1200
f 1380//1200 1385//1206 1386//1300
f 1376//1299 1386//1300 1381//1208
f 1377//1202 1381//1208 1405//1209
f 1378//1203 1405//1209 1408//1210
f 1382//1204 1408//1210 1383//1211
f 1384//1205 1383//1211 1387//1212
f 1385//1206 1469//1213 1386//1300
f 1386//1300 1469//1213 1388//1214
f 1381//1208 1388//1214 1407//1215
f 1405//1209 1407//1215 1410//1216
f 1408//1210 1410//1216 1411//1217
f 1383//1211 1411//1217 1390//1218
f 1387//1212 1390//1218 1404//1219
f 1469//1213 1467//1052 1388//1214
f 1388//1214 1467//1052 1401//1051
f 1407//1215 1401//1051 1402//1220
f 1410//1216 1402//1220 1389//1221
f 1411//1217 1389//1221 1413//1222
f 1390//1218 1413//1222 1391//1223
f 1404//1219 1391//1223 1399//1224
f 1392//1191 1398//1301 1368//1184
f 1368//1184 1398//1301 1362//1177
f 1343//1128 1398//1301 1396//1121
f 1312//1072 1398//1301 1311//1065
f 1362//1177 1398//1301 1393//1170
f 1393//1170 1398//1301 1394//1163
f 1394//1163 1398//1301 1354//1156
f 1354//1156 1398//1301 1395//1149
f 1395//1149 1398//1301 1452//1142
f 1452//1142 1398//1301 1447//1135
f 1447//1135 1398//1301 1343//1128
f 1396//1121 1398//1301 1397//1114
f 1397//1114 1398//1301 1335//1107
f 1335//1107 1398//1301 1331//1100
f 1331//1100 1398//1301 1327//1093
f 1327//1093 1398//1301 1321//1086
f 1321//1086 1398//1301 1320//1079
f 1320//1079 1398//1301 1312//1072
f 1311//1065 1398//1301 1307//1064
f 1307//1064 1398//1301 1399//1224
f 1419//1062 1399//1224 1391//1223
f 1400//1060 1391//1223 1413//1222
f 1415//1058 1413//1222 1389//1221
f 1412//1056 1389//1221 1402//1220
f 1403//1276 1402//1220 1401//1051
f 1403//1276 1412//1056 1402//1220
f 1403//1276 1303//1055 1412//1056
f 1399//1224 1398//1301 1404//1219
f 1404//1219 1398//1301 1387//1212
f 1387//1212 1398//1301 1384//1205
f 1384//1205 1398//1301 1379//1198
f 1379//1198 1398//1301 1392//1191
f 1388//1214 1381//1208 1386//1300
f 1407//1215 1388//1214 1401//1051
f 1381//1208 1377//1202 1376//1299
f 1405//1209 1381//1208 1407//1215
f 1377//1202 1374//1196 1462//1298
f 1378//1203 1377//1202 1405//1209
f 1374//1196 1371//1190 1406//1189
f 1409//1197 1374//1196 1378//1203
f 1371//1190 1368//1184 1464//1183
f 1392//1191 1371//1190 1409//1197
f 1410//1216 1407//1215 1402//1220
f 1408//1210 1405//1209 1410//1216
f 1382//1204 1378//1203 1408//1210
f 1379//1198 1409//1197 1382//1204
f 1411//1217 1410//1216 1389//1221
f 1383//1211 1408//1210 1411//1217
f 1384//1205 1382//1204 1383//1211
f 1304//1057 1303//1055 1313//1067
f 1415//1058 1389//1221 1412//1056
f 1304//1057 1415//1058 1412//1056
f 1390//1218 1411//1217 1413//1222
f 1387//1212 1383//1211 1390//1218
f 1414//1068 1313//1067 1314//1278
f 1305//1277 1304//1057 1414//1068
f 1400//1060 1413//1222 1415//1058
f 1305//1277 1400//1060 1415//1058
f 1404//1219 1390//1218 1391//1223
f 1418//1279 1314//1278 1322//1081
f 1416//1069 1414//1068 1418//1279
f 1306//1061 1305//1277 1416//1069
f 1419//1062 1391//1223 1400//1060
f 1306//1061 1419//1062 1400//1060
f 1423//1082 1322//1081 1417//1088
f 1424//1280 1418//1279 1423//1082
f 1425//1070 1416//1069 1424//1280
f 1310//1063 1306//1061 1425//1070
f 1307//1064 1399//1224 1419//1062
f 1310//1063 1307//1064 1419//1062
f 1420//1089 1417//1088 1421//1095
f 1422//1083 1423//1082 1420//1089
f 1315//1077 1424//1280 1422//1083
f 1426//1071 1425//1070 1315//1077
f 1311//1065 1310//1063 1426//1071
f 1328//1281 1421//1095 1332//1102
f 1324//1090 1420//1089 1328//1281
f 1319//1084 1422//1083 1324//1090
f 1318//1078 1315//1077 1319//1084
f 1312//1072 1426//1071 1318//1078
f 1333//1103 1332//1102 1337//1109
f 1427//1097 1328//1281 1333//1103
f 1326//1091 1324//1090 1427//1097
f 1325//1085 1319//1084 1326//1091
f 1320//1079 1318//1078 1325//1085
f 1428//1110 1337//1109 1430//1284
f 1334//1282 1333//1103 1428//1110
f 1429//1098 1427//1097 1334//1282
f 1329//1092 1326//1091 1429//1098
f 1321//1086 1325//1085 1329//1092
f 1338//1117 1430//1284 1341//1123
f 1433//1283 1428//1110 1338//1117
f 1431//1105 1334//1282 1433//1283
f 1330//1099 1429//1098 1431//1105
f 1327//1093 1329//1092 1330//1099
f 1437//1124 1341//1123 1345//1130
f 1339//1285 1338//1117 1437//1124
f 1432//1112 1433//1283 1339//1285
f 1434//1106 1431//1105 1432//1112
f 1331//1100 1330//1099 1434//1106
f 1435//1131 1345//1130 1438//1137
f 1436//1125 1437//1124 1435//1131
f 1440//1119 1339//1285 1436//1125
f 1336//1113 1432//1112 1440//1119
f 1335//1107 1434//1106 1336//1113
f 1346//1138 1438//1137 1351//1144
f 1439//1132 1435//1131 1346//1138
f 1443//1126 1436//1125 1439//1132
f 1340//1120 1440//1119 1443//1126
f 1397//1114 1336//1113 1340//1120
f 1445//1286 1351//1144 1352//1151
f 1441//1139 1346//1138 1445//1286
f 1347//1133 1439//1132 1441//1139
f 1442//1127 1443//1126 1347//1133
f 1396//1121 1340//1120 1442//1127
f 1353//1289 1352//1151 1444//1158
f 1349//1146 1445//1286 1353//1289
f 1446//1140 1441//1139 1349//1146
f 1348//1134 1347//1133 1446//1140
f 1343//1128 1442//1127 1348//1134
f 1355//1159 1444//1158 1359//1165
f 1449//1153 1353//1289 1355//1159
f 1450//1287 1349//1146 1449//1153
f 1350//1141 1446//1140 1450//1287
f 1447//1135 1348//1134 1350//1141
f 1356//1291 1359//1165 1363//1293
f 1448//1160 1355//1159 1356//1291
f 1451//1290 1449//1153 1448//1160
f 1453//1288 1450//1287 1451//1290
f 1452//1142 1350//1141 1453//1288
f 1360//1173 1363//1293 1369//1179
f 1357//1167 1356//1291 1360//1173
f 1454//1161 1448//1160 1357//1167
f 1455//1155 1451//1290 1454//1161
f 1395//1149 1453//1288 1455//1155
f 1365//1180 1369//1179 1372//1186
f 1456//1294 1360//1173 1365//1180
f 1361//1292 1357//1167 1456//1294
f 1457//1162 1454//1161 1361//1292
f 1354//1156 1455//1155 1457//1162
f 1370//1295 1372//1186 1458//1193
f 1459//1181 1365//1180 1370//1295
f 1366//1175 1456//1294 1459//1181
f 1460//1169 1361//1292 1366//1175
f 1394//1163 1457//1162 1460//1169
f 1373//1194 1458//1193 1380//1200
f 1463//1296 1370//1295 1373//1194
f 1367//1182 1459//1181 1463//1296
f 1461//1176 1366//1175 1367//1182
f 1393//1170 1460//1169 1461//1176
f 1376//1299 1380//1200 1386//1300
f 1462//1298 1373//1194 1376//1299
f 1406//1189 1463//1296 1462//1298
f 1464//1183 1367//1182 1406//1189
f 1362//1177 1461//1176 1464//1183
f 1702//1302 1513//1303 1647//1304
f 1702//1302 1465//1229 1513//1303
f 1702//1302 1654//1305 1465//1229
f 1465//1229 1654//1305 1479//1231
f 1309//1066 1479//1231 1316//1073
f 1309//1066 1465//1229 1479//1231
f 1309//1066 1308//1054 1465//1229
f 1465//1229 1308//1054 1513//1303
f 1513//1303 1308//1054 1302//1050
f 1466//1232 1302//1050 1467//1052
f 1512//1233 1467//1052 1469//1213
f 1468//1234 1469//1213 1385//1206
f 1510//1235 1385//1206 1375//1199
f 1508//1306 1375//1199 1507//1297
f 1506//1237 1507//1297 1470//1185
f 1505//1238 1470//1185 1364//1178
f 1503//1239 1364//1178 1358//1171
f 1501//1240 1358//1171 1502//1164
f 1500//1241 1502//1164 1471//1157
f 1499//1242 1471//1157 1472//1150
f 1497//1307 1472//1150 1495//1143
f 1494//1308 1495//1143 1344//1136
f 1492//1309 1344//1136 1342//1129
f 1490//1310 1342//1129 1473//1122
f 1487//1247 1473//1122 1474//1115
f 1486//1248 1474//1115 1475//1108
f 1476//1249 1475//1108 1477//1101
f 1485//1250 1477//1101 1484//1094
f 1482//1251 1484//1094 1323//1087
f 1481//1252 1323//1087 1317//1080
f 1478//1253 1317//1080 1316//1073
f 1479//1231 1478//1253 1316//1073
f 1479//1231 1480//1311 1478//1253
f 1479//1231 1654//1305 1480//1311
f 1480//1311 1655//1312 1478//1253
f 1478//1253 1655//1312 1481//1252
f 1317//1080 1478//1253 1481//1252
f 1655//1312 1657//1256 1481//1252
f 1481//1252 1657//1256 1482//1251
f 1323//1087 1481//1252 1482//1251
f 1657//1256 1483//1313 1482//1251
f 1482//1251 1483//1313 1485//1250
f 1484//1094 1482//1251 1485//1250
f 1483//1313 1661//1314 1485//1250
f 1485//1250 1661//1314 1476//1249
f 1477//1101 1485//1250 1476//1249
f 1661//1314 1664//1315 1476//1249
f 1476//1249 1664//1315 1486//1248
f 1475//1108 1476//1249 1486//1248
f 1664//1315 1488//1260 1486//1248
f 1486//1248 1488//1260 1487//1247
f 1474//1115 1486//1248 1487//1247
f 1488//1260 1489//1316 1487//1247
f 1487//1247 1489//1316 1490//1310
f 1473//1122 1487//1247 1490//1310
f 1489//1316 1491//1317 1490//1310
f 1490//1310 1491//1317 1492//1309
f 1342//1129 1490//1310 1492//1309
f 1491//1317 1493//1318 1492//1309
f 1492//1309 1493//1318 1494//1308
f 1344//1136 1492//1309 1494//1308
f 1493//1318 1698//1319 1494//1308
f 1494//1308 1698//1319 1497//1307
f 1495//1143 1494//1308 1497//1307
f 1698//1319 1496//1320 1497//1307
f 1497//1307 1496//1320 1499//1242
f 1472//1150 1497//1307 1499//1242
f 1496//1320 1498//1321 1499//1242
f 1499//1242 1498//1321 1500//1241
f 1471//1157 1499//1242 1500//1241
f 1498//1321 1695//1267 1500//1241
f 1500//1241 1695//1267 1501//1240
f 1502//1164 1500//1241 1501//1240
f 1695//1267 1504//1322 1501//1240
f 1501//1240 1504//1322 1503//1239
f 1358//1171 1501//1240 1503//1239
f 1504//1322 1694//1323 1503//1239
f 1503//1239 1694//1323 1505//1238
f 1364//1178 1503//1239 1505//1238
f 1694//1323 1683//1324 1505//1238
f 1505//1238 1683//1324 1506//1237
f 1470//1185 1505//1238 1506//1237
f 1683//1324 1681//1271 1506//1237
f 1506//1237 1681//1271 1508//1306
f 1507//1297 1506//1237 1508//1306
f 1681//1271 1509//1325 1508//1306
f 1508//1306 1509//1325 1510//1235
f 1375//1199 1508//1306 1510//1235
f 1509//1325 1511//1326 1510//1235
f 1510//1235 1511//1326 1468//1234
f 1385//1206 1510//1235 1468//1234
f 1511//1326 1649//1327 1468//1234
f 1468//1234 1649//1327 1512//1233
f 1469//1213 1468//1234 1512//1233
f 1649//1327 1648//1328 1512//1233
f 1512//1233 1648//1328 1466//1232
f 1467//1052 1512//1233 1466//1232
f 1648//1328 1647//1304 1466//1232
f 1466//1232 1647//1304 1513//1303
f 1302//1050 1466//1232 1513//1303
f 1010//959 1515//1329 1514//970
f 1514//970 1515//1329 1526//1330
f 1553//1331 1551//961 1516//1332
f 1691//1333 1516//1332 1552//1334
f 1687//1335 1552//1334 1527//1336
f 1685//1337 1527//1336 1534//1338
f 1682//1339 1534//1338 1535//1340
f 1652//1341 1535//1340 1517//1342
f 1550//1343 1517//1342 1528//1344
f 1651//1345 1528//1344 1536//1346
f 1650//1347 1536//1346 1537//1348
f 1518//1349 1537//1348 1549//1350
f 1548//1351 1549//1350 1519//1352
f 1703//1353 1519//1352 1547//1354
f 1520//1355 1547//1354 1521//1356
f 1546//1357 1521//1356 1539//1358
f 1545//1359 1539//1358 1540//1360
f 1644//1361 1540//1360 1522//1362
f 1705//1363 1522//1362 1542//1364
f 1523//1365 1542//1364 1524//1366
f 1544//1367 1524//1366 1525//1368
f 1543//1369 1525//1368 1533//1370
f 1526//1330 1533//1370 1514//970
f 1526//1330 1543//1369 1533//1370
f 1020//973 1552//1334 1015//971
f 1020//973 1527//1336 1552//1334
f 1020//973 1021//975 1527//1336
f 1527//1336 1021//975 1534//1338
f 1534//1338 1021//975 1017//977
f 1535//1340 1017//977 1022//979
f 1517//1342 1022//979 1023//981
f 1528//1344 1023//981 1025//983
f 1536//1346 1025//983 1019//985
f 1537//1348 1019//985 1538//987
f 1549//1350 1538//987 1529//989
f 1519//1352 1529//989 1530//988
f 1547//1354 1530//988 1027//986
f 1521//1356 1027//986 1026//984
f 1539//1358 1026//984 1024//982
f 1540//1360 1024//982 1541//980
f 1522//1362 1541//980 1018//978
f 1542//1364 1018//978 1531//976
f 1524//1366 1531//976 1532//974
f 1525//1368 1532//974 1016//972
f 1533//1370 1016//972 1514//970
f 1533//1370 1525//1368 1016//972
f 1534//1338 1017//977 1535//1340
f 1535//1340 1022//979 1517//1342
f 1517//1342 1023//981 1528//1344
f 1528//1344 1025//983 1536//1346
f 1536//1346 1019//985 1537//1348
f 1537//1348 1538//987 1549//1350
f 1549//1350 1529//989 1519//1352
f 1519//1352 1530//988 1547//1354
f 1547//1354 1027//986 1521//1356
f 1521//1356 1026//984 1539//1358
f 1539//1358 1024//982 1540//1360
f 1540//1360 1541//980 1522//1362
f 1522//1362 1018//978 1542//1364
f 1542//1364 1531//976 1524//1366
f 1524//1366 1532//974 1525//1368
f 1543//1369 1544//1367 1525//1368
f 1544//1367 1523//1365 1524//1366
f 1523//1365 1705//1363 1542//1364
f 1705//1363 1644//1361 1522//1362
f 1644//1361 1545//1359 1540//1360
f 1545//1359 1546//1357 1539//1358
f 1546//1357 1520//1355 1521//1356
f 1520//1355 1703//1353 1547//1354
f 1703//1353 1548//1351 1519//1352
f 1548//1351 1518//1349 1549//1350
f 1518//1349 1650//1347 1537//1348
f 1650//1347 1651//1345 1536//1346
f 1651//1345 1550//1343 1528//1344
f 1550//1343 1652//1341 1517//1342
f 1652//1341 1682//1339 1535//1340
f 1682//1339 1685//1337 1534//1338
f 1685//1337 1687//1335 1527//1336
f 1687//1335 1691//1333 1552//1334
f 1691//1333 1553//1331 1516//1332
f 1551//961 1015//971 1516//1332
f 1516//1332 1015//971 1552//1334
f 1551//961 1553//1331 1614//960
f 1614//960 1553//1331 1554//1371
f 1670//1372 1594//928 1555//1373
f 1669//1374 1555//1373 1595//1375
f 1556//1376 1595//1375 1567//1377
f 1709//1378 1567//1377 1557//1379
f 1675//1380 1557//1379 1558//1381
f 1593//1382 1558//1381 1559//1383
f 1665//1384 1559//1383 1592//1385
f 1591//1386 1592//1385 1590//1387
f 1673//1388 1590//1387 1579//1389
f 1672//1390 1579//1389 1589//1391
f 1588//1392 1589//1391 1580//1393
f 1701//1394 1580//1393 1560//1395
f 1700//1396 1560//1395 1574//1397
f 1561//1398 1574//1397 1575//1399
f 1587//1400 1575//1399 1581//1401
f 1656//1402 1581//1401 1586//1403
f 1658//1404 1586//1403 1562//1405
f 1563//1406 1562//1405 1564//1407
f 1585//1408 1564//1407 1565//1409
f 1584//1410 1565//1409 1566//1411
f 1713//1412 1566//1411 1007//929
f 1713//1412 1584//1410 1566//1411
f 1009//932 1595//1375 1008//930
f 1009//932 1567//1377 1595//1375
f 1009//932 1568//934 1567//1377
f 1567//1377 1568//934 1557//1379
f 1557//1379 1568//934 1569//936
f 1558//1381 1569//936 1570//938
f 1559//1383 1570//938 1571//940
f 1592//1385 1571//940 1002//942
f 1590//1387 1002//942 1572//944
f 1579//1389 1572//944 1005//946
f 1589//1391 1005//946 1573//948
f 1580//1393 1573//948 1006//947
f 1560//1395 1006//947 1004//945
f 1574//1397 1004//945 1003//943
f 1575//1399 1003//943 1576//941
f 1581//1401 1576//941 1582//939
f 1586//1403 1582//939 1577//937
f 1562//1405 1577//937 1001//935
f 1564//1407 1001//935 1583//933
f 1565//1409 1583//933 1578//931
f 1566//1411 1578//931 1007//929
f 1566//1411 1565//1409 1578//931
f 1557//1379 1569//936 1558//1381
f 1558//1381 1570//938 1559//1383
f 1559//1383 1571//940 1592//1385
f 1592//1385 1002//942 1590//1387
f 1590//1387 1572//944 1579//1389
f 1579//1389 1005//946 1589//1391
f 1589//1391 1573//948 1580//1393
f 1580//1393 1006//947 1560//1395
f 1560//1395 1004//945 1574//1397
f 1574//1397 1003//943 1575//1399
f 1575//1399 1576//941 1581//1401
f 1581//1401 1582//939 1586//1403
f 1586//1403 1577//937 1562//1405
f 1562//1405 1001//935 1564//1407
f 1564//1407 1583//933 1565//1409
f 1584//1410 1585//1408 1565//1409
f 1585//1408 1563//1406 1564//1407
f 1563//1406 1658//1404 1562//1405
f 1658//1404 1656//1402 1586//1403
f 1656//1402 1587//1400 1581//1401
f 1587//1400 1561//1398 1575//1399
f 1561//1398 1700//1396 1574//1397
f 1700//1396 1701//1394 1560//1395
f 1701//1394 1588//1392 1580//1393
f 1588//1392 1672//1390 1589//1391
f 1672//1390 1673//1388 1579//1389
f 1673//1388 1591//1386 1590//1387
f 1591//1386 1665//1384 1592//1385
f 1665//1384 1593//1382 1559//1383
f 1593//1382 1675//1380 1558//1381
f 1675//1380 1709//1378 1557//1379
f 1709//1378 1556//1376 1567//1377
f 1556//1376 1669//1374 1595//1375
f 1669//1374 1670//1372 1555//1373
f 1594//928 1008//930 1555//1373
f 1555//1373 1008//930 1595//1375
f 1594//928 1670//1372 1625//908
f 1625//908 1670//1372 1624//1413
f 983//907 1722//1414 1007//929
f 1007//929 1722//1414 1713//1412
f 1010//959 1596//958 1515//1329
f 1515//1329 1596//958 1706//1415
f 1706//1415 1596//958 1598//957
f 1597//1416 1598//957 1599//956
f 1600//1417 1599//956 1606//955
f 1607//1418 1606//955 1608//954
f 1601//1419 1608//954 1609//953
f 1602//1420 1609//953 1610//952
f 1643//1421 1610//952 1611//951
f 1603//1422 1611//951 1604//950
f 1612//1423 1604//950 1605//949
f 1642//1424 1605//949 992//922
f 1719//922 1642//1424 992//922
f 1706//1415 1598//957 1597//1416
f 1597//1416 1599//956 1600//1417
f 1600//1417 1606//955 1607//1418
f 1607//1418 1608//954 1601//1419
f 1601//1419 1609//953 1602//1420
f 1602//1420 1610//952 1643//1421
f 1643//1421 1611//951 1603//1422
f 1603//1422 1604//950 1612//1423
f 1612//1423 1605//949 1642//1424
f 1554//1371 1613//1425 1614//960
f 1614//960 1613//1425 1616//962
f 1616//962 1613//1425 1617//1426
f 1618//963 1617//1426 1692//1427
f 1012//964 1692//1427 1690//1428
f 1619//965 1690//1428 1689//1429
f 1013//966 1689//1429 1688//1430
f 1014//967 1688//1430 1615//968
f 1014//967 1013//966 1688//1430
f 1616//962 1617//1426 1618//963
f 1618//963 1692//1427 1012//964
f 1012//964 1690//1428 1619//965
f 1619//965 1689//1429 1013//966
f 1688//1430 1686//1431 1615//968
f 1615//968 1686//1431 1684//1432
f 1621//969 1684//1432 1693//1433
f 1622//896 1693//1433 1620//1434
f 1623//895 1620//1434 1697//1435
f 976//890 1623//895 1697//1435
f 1615//968 1684//1432 1621//969
f 1621//969 1693//1433 1622//896
f 1622//896 1620//1434 1623//895
f 1624//1413 1626//1436 1625//908
f 1625//908 1626//1436 1633//909
f 1633//909 1626//1436 1671//1437
f 984//910 1671//1437 1627//1438
f 1634//911 1627//1438 1668//1439
f 1635//912 1668//1439 1628//1440
f 1636//913 1628//1440 1637//1441
f 1638//914 1637//1441 1629//1442
f 987//915 1629//1442 1667//1443
f 986//916 1667//1443 1666//1444
f 1630//917 1666//1444 1677//1445
f 1631//918 1677//1445 1632//1446
f 988//919 1631//918 1632//1446
f 1633//909 1671//1437 984//910
f 984//910 1627//1438 1634//911
f 1634//911 1668//1439 1635//912
f 1635//912 1628//1440 1636//913
f 1636//913 1637//1441 1638//914
f 1638//914 1629//1442 987//915
f 987//915 1667//1443 986//916
f 986//916 1666//1444 1630//917
f 1630//917 1677//1445 1631//918
f 1299//1275 1639//1447 1246//1228
f 1299//1275 1297//1274 1639//1447
f 1639//1447 1297//1274 1294//1273
f 1640//1272 1639//1447 1294//1273
f 1640//1272 1719//922 1639//1447
f 1640//1272 1641//1271 1719//922
f 1719//922 1641//1271 1642//1424
f 1642//1424 1641//1271 1292//1270
f 1612//1423 1292//1270 1603//1422
f 1612//1423 1642//1424 1292//1270
f 1603//1422 1292//1270 1705//1363
f 1523//1365 1603//1422 1705//1363
f 1523//1365 1643//1421 1603//1422
f 1523//1365 1602//1420 1643//1421
f 1523//1365 1544//1367 1602//1420
f 1602//1420 1544//1367 1601//1419
f 1601//1419 1544//1367 1607//1418
f 1607//1418 1544//1367 1543//1369
f 1600//1417 1543//1369 1526//1330
f 1597//1416 1526//1330 1706//1415
f 1597//1416 1600//1417 1526//1330
f 1289//1268 1644//1361 1704//1269
f 1289//1268 1545//1359 1644//1361
f 1289//1268 1285//1267 1545//1359
f 1545//1359 1285//1267 1546//1357
f 1546//1357 1285//1267 1645//1266
f 1520//1355 1645//1266 1282//1265
f 1703//1353 1282//1265 1646//1264
f 1548//1351 1646//1264 1647//1304
f 1648//1328 1548//1351 1647//1304
f 1648//1328 1518//1349 1548//1351
f 1648//1328 1649//1327 1518//1349
f 1518//1349 1649//1327 1650//1347
f 1650//1347 1649//1327 1511//1326
f 1651//1345 1511//1326 1509//1325
f 1550//1343 1509//1325 1652//1341
f 1550//1343 1651//1345 1509//1325
f 1546//1357 1645//1266 1520//1355
f 1520//1355 1282//1265 1703//1353
f 1646//1264 1653//1263 1647//1304
f 1647//1304 1653//1263 1588//1392
f 1702//1302 1588//1392 1701//1394
f 1654//1305 1701//1394 1700//1396
f 1480//1311 1700//1396 1561//1398
f 1655//1312 1561//1398 1587//1400
f 1656//1402 1655//1312 1587//1400
f 1656//1402 1657//1256 1655//1312
f 1656//1402 1658//1404 1657//1256
f 1657//1256 1658//1404 1483//1313
f 1483//1313 1658//1404 1659//1448
f 1660//1449 1483//1313 1659//1448
f 1660//1449 1661//1314 1483//1313
f 1660//1449 1662//1450 1661//1314
f 1661//1314 1662//1450 1663//1451
f 1664//1315 1663//1451 1488//1260
f 1664//1315 1661//1314 1663//1451
f 1588//1392 1653//1263 1672//1390
f 1672//1390 1653//1263 1280//1262
f 1673//1388 1280//1262 1674//1261
f 1591//1386 1674//1261 1277//1260
f 1665//1384 1277//1260 1276//1259
f 1593//1382 1276//1259 1274//1258
f 1675//1380 1274//1258 1676//1257
f 1667//1443 1676//1257 1666//1444
f 1667//1443 1675//1380 1676//1257
f 1667//1443 1709//1378 1675//1380
f 1667//1443 1629//1442 1709//1378
f 1709//1378 1629//1442 1637//1441
f 1556//1376 1637//1441 1628//1440
f 1668//1439 1556//1376 1628//1440
f 1668//1439 1669//1374 1556//1376
f 1668//1439 1627//1438 1669//1374
f 1669//1374 1627//1438 1670//1372
f 1670//1372 1627//1438 1671//1437
f 1626//1436 1670//1372 1671//1437
f 1626//1436 1624//1413 1670//1372
f 1672//1390 1280//1262 1673//1388
f 1673//1388 1674//1261 1591//1386
f 1591//1386 1277//1260 1665//1384
f 1665//1384 1276//1259 1593//1382
f 1593//1382 1274//1258 1675//1380
f 1666//1444 1676//1257 1677//1445
f 1677//1445 1676//1257 1271//1256
f 1632//1446 1271//1256 1269//1255
f 1678//1452 1269//1255 1268//1254
f 1248//1230 1678//1452 1268//1254
f 1248//1230 1245//1226 1678//1452
f 1678//1452 1245//1226 1246//1228
f 1639//1447 1678//1452 1246//1228
f 1639//1447 1680//1453 1678//1452
f 1639//1447 1679//1454 1680//1453
f 1677//1445 1271//1256 1632//1446
f 1632//1446 1269//1255 1678//1452
f 1650//1347 1511//1326 1651//1345
f 1509//1325 1681//1271 1652//1341
f 1652//1341 1681//1271 1682//1339
f 1682//1339 1681//1271 1683//1324
f 1684//1432 1683//1324 1693//1433
f 1684//1432 1682//1339 1683//1324
f 1684//1432 1685//1337 1682//1339
f 1684//1432 1686//1431 1685//1337
f 1685//1337 1686//1431 1688//1430
f 1687//1335 1688//1430 1689//1429
f 1690//1428 1687//1335 1689//1429
f 1690//1428 1691//1333 1687//1335
f 1690//1428 1692//1427 1691//1333
f 1691//1333 1692//1427 1553//1331
f 1553//1331 1692//1427 1617//1426
f 1613//1425 1553//1331 1617//1426
f 1613//1425 1554//1371 1553//1331
f 1683//1324 1694//1323 1693//1433
f 1693//1433 1694//1323 1620//1434
f 1620//1434 1694//1323 1697//1435
f 1697//1435 1694//1323 1504//1322
f 1695//1267 1697//1435 1504//1322
f 1695//1267 1696//1455 1697//1435
f 1695//1267 1498//1321 1696//1455
f 1696//1455 1498//1321 1496//1320
f 1698//1319 1696//1455 1496//1320
f 1698//1319 1699//1456 1696//1455
f 1698//1319 1493//1318 1699//1456
f 1699//1456 1493//1318 1491//1317
f 1489//1316 1699//1456 1491//1317
f 1489//1316 1488//1260 1699//1456
f 1699//1456 1488//1260 1663//1451
f 1655//1312 1480//1311 1561//1398
f 1480//1311 1654//1305 1700//1396
f 1654//1305 1702//1302 1701//1394
f 1702//1302 1647//1304 1588//1392
f 1687//1335 1685//1337 1688//1430
f 1548//1351 1703//1353 1646//1264
f 1644//1361 1705//1363 1704//1269
f 1704//1269 1705//1363 1292//1270
f 1607//1418 1543//1369 1600//1417
f 1526//1330 1515//1329 1706//1415
f 1680//1453 1707//1457 1678//1452
f 1678//1452 1707//1457 1708//1458
f 1709//1378 1637//1441 1556//1376
f 1658//1404 1563//1406 1659//1448
f 1659//1448 1563//1406 1724//1459
f 1724//1459 1563//1406 1710//1460
f 1710//1460 1563//1406 1585//1408
f 1725//1461 1585//1408 1711//1462
f 1725//1461 1710//1460 1585//1408
f 1585//1408 1584//1410 1711//1462
f 1711//1462 1584//1410 1712//1463
f 1712//1463 1584//1410 1713//1412
f 1714//1464 1713//1412 1726//1465
f 1714//1464 1712//1463 1713//1412
f 1713//1412 1722//1414 1726//1465
f 1732//1466 1734//1467 1699//1456
f 1699//1456 1734//1467 1731//1468
f 1696//1455 1731//1468 1715//1469
f 1696//1455 1699//1456 1731//1468
f 1715//1469 1716//889 1696//1455
f 1696//1455 1716//889 1717//891
f 976//890 1697//1435 1717//891
f 1717//891 1697//1435 1696//1455
f 996//923 1679//1454 1718//926
f 1718//926 1679//1454 1639//1447
f 1718//926 1639//1447 992//922
f 992//922 1639//1447 1719//922
f 988//919 1632//1446 1720//921
f 1720//921 1632//1446 1678//1452
f 1708//1458 1000//920 1678//1452
f 1678//1452 1000//920 1720//921
f 1735//893 1732//1466 1721//927
f 1721//927 1732//1466 1699//1456
f 1721//927 1699//1456 972//892
f 972//892 1699//1456 1663//1451
f 983//907 982//906 1722//1414
f 1722//1414 982//906 1726//1465
f 1726//1465 982//906 981//905
f 1714//1464 981//905 980//904
f 1712//1463 980//904 1723//903
f 1711//1462 1723//903 1727//902
f 1725//1461 1727//902 979//901
f 1710//1460 979//901 1724//1459
f 1710//1460 1725//1461 979//901
f 1726//1465 981//905 1714//1464
f 1714//1464 980//904 1712//1463
f 1712//1463 1723//903 1711//1462
f 1711//1462 1727//902 1725//1461
f 979//901 978//900 1724//1459
f 1724//1459 978//900 1728//899
f 1659//1448 1728//899 1729//898
f 1660//1449 1729//898 977//897
f 1662//1450 977//897 972//892
f 1663//1451 1662//1450 972//892
f 1724//1459 1728//899 1659//1448
f 1659//1448 1729//898 1660//1449
f 1660//1449 977//897 1662//1450
f 996//923 1730//924 1679//1454
f 1679//1454 1730//924 1680//1453
f 1680//1453 1730//924 997//925
f 1707//1457 997//925 1000//920
f 1708//1458 1707//1457 1000//920
f 1680//1453 997//925 1707//1457
f 1715//1469 1731//1468 1716//889
f 1716//889 1731//1468 975//888
f 975//888 1731//1468 1733//894
f 1733//894 1731//1468 1734//1467
f 1732//1466 1733//894 1734//1467
f 1732//1466 1735//893 1733//894
f 273//287 2038//1470 1746//275
f 273//287 1736//1471 2038//1470
f 273//287 1738//289 1736//1471
f 1736//1471 1738//289 1737//1472
f 1737//1472 1738//289 1739//291
f 2039//1473 1739//291 1747//293
f 2040//1474 1747//293 271//295
f 1748//1475 271//295 270//297
f 2042//1476 270//297 272//296
f 2043//1477 272//296 1740//294
f 2044//1478 1740//294 1741//292
f 1749//1479 1741//292 1750//290
f 1742//1480 1750//290 269//288
f 2045//1481 269//288 268//286
f 2046//1482 268//286 1751//274
f 2047//1483 1751//274 262//276
f 1752//1484 262//276 1744//278
f 1743//1485 1744//278 267//280
f 2063//1486 267//280 264//282
f 1753//1487 264//282 1754//284
f 2064//1488 1754//284 1755//285
f 1756//1489 1755//285 266//283
f 1757//1490 266//283 265//281
f 2069//1491 265//281 1758//279
f 1745//1492 1758//279 263//277
f 1759//1493 263//277 261//273
f 2035//1494 261//273 1746//275
f 2038//1470 2035//1494 1746//275
f 1737//1472 1739//291 2039//1473
f 2039//1473 1747//293 2040//1474
f 2040//1474 271//295 1748//1475
f 1748//1475 270//297 2042//1476
f 2042//1476 272//296 2043//1477
f 2043//1477 1740//294 2044//1478
f 2044//1478 1741//292 1749//1479
f 1749//1479 1750//290 1742//1480
f 1742//1480 269//288 2045//1481
f 2045//1481 268//286 2046//1482
f 2046//1482 1751//274 2047//1483
f 2047//1483 262//276 1752//1484
f 1752//1484 1744//278 1743//1485
f 1743//1485 267//280 2063//1486
f 2063//1486 264//282 1753//1487
f 1753//1487 1754//284 2064//1488
f 2064//1488 1755//285 1756//1489
f 1756//1489 266//283 1757//1490
f 1757//1490 265//281 2069//1491
f 2069//1491 1758//279 1745//1492
f 1745//1492 263//277 1759//1493
f 1759//1493 261//273 2035//1494
f 1760//287 2070//1495 1788//275
f 1760//287 1761//1496 2070//1495
f 1760//287 1789//289 1761//1496
f 1761//1496 1789//289 2068//1497
f 2068//1497 1789//289 1790//291
f 2067//1498 1790//291 1773//293
f 2066//1474 1773//293 1762//295
f 2065//1499 1762//295 1793//297
f 1774//1500 1793//297 1792//296
f 1775//1501 1792//296 1791//294
f 1763//1502 1791//294 1764//292
f 1776//1503 1764//292 1766//290
f 1765//1504 1766//290 1777//288
f 2049//1505 1777//288 1787//286
f 2050//1506 1787//286 1778//274
f 2052//1483 1778//274 1767//276
f 1779//1507 1767//276 1768//278
f 2055//1508 1768//278 1780//280
f 2054//1509 1780//280 1769//282
f 2058//1510 1769//282 1781//1511
f 1770//1512 1781//1511 1782//285
f 2075//1489 1782//285 1771//283
f 2076//1513 1771//283 1786//281
f 2077//1514 1786//281 1783//279
f 1784//1515 1783//279 1785//277
f 2078//1516 1785//277 1772//273
f 2072//1494 1772//273 1788//275
f 2070//1495 2072//1494 1788//275
f 2068//1497 1790//291 2067//1498
f 2067//1498 1773//293 2066//1474
f 2066//1474 1762//295 2065//1499
f 2065//1499 1793//297 1774//1500
f 1774//1500 1792//296 1775//1501
f 1775//1501 1791//294 1763//1502
f 1763//1502 1764//292 1776//1503
f 1776//1503 1766//290 1765//1504
f 1765//1504 1777//288 2049//1505
f 2049//1505 1787//286 2050//1506
f 2050//1506 1778//274 2052//1483
f 2052//1483 1767//276 1779//1507
f 1779//1507 1768//278 2055//1508
f 2055//1508 1780//280 2054//1509
f 2054//1509 1769//282 2058//1510
f 2058//1510 1781//1511 1770//1512
f 1770//1512 1782//285 2075//1489
f 2075//1489 1771//283 2076//1513
f 2076//1513 1786//281 2077//1514
f 2077//1514 1783//279 1784//1515
f 1784//1515 1785//277 2078//1516
f 2078//1516 1772//273 2072//1494
f 1772//273 1778//274 1788//275
f 1772//273 1767//276 1778//274
f 1772//273 1785//277 1767//276
f 1767//276 1785//277 1768//278
f 1768//278 1785//277 1783//279
f 1780//280 1783//279 1786//281
f 1769//282 1786//281 1771//283
f 1781//1511 1771//283 1782//285
f 1781//1511 1769//282 1771//283
f 1768//278 1783//279 1780//280
f 1780//280 1786//281 1769//282
f 1778//274 1787//286 1788//275
f 1788//275 1787//286 1760//287
f 1760//287 1787//286 1777//288
f 1789//289 1777//288 1766//290
f 1790//291 1766//290 1764//292
f 1773//293 1764//292 1791//294
f 1762//295 1791//294 1792//296
f 1793//297 1762//295 1792//296
f 1760//287 1777//288 1789//289
f 1789//289 1766//290 1790//291
f 1790//291 1764//292 1773//293
f 1773//293 1791//294 1762//295
f 1794//287 1806//1470 1805//275
f 1794//287 2134//1471 1806//1470
f 1794//287 281//289 2134//1471
f 2134//1471 281//289 1807//1472
f 1807//1472 281//289 1808//291
f 1809//1473 1808//291 280//293
f 1810//1474 280//293 1811//295
f 2138//1475 1811//295 1812//297
f 1813//1476 1812//297 1796//296
f 1795//1501 1796//296 1814//294
f 2139//1478 1814//294 282//292
f 1797//1479 282//292 279//290
f 2152//1480 279//290 278//288
f 1815//1481 278//288 1798//286
f 2140//1482 1798//286 274//274
f 1799//1483 274//274 1816//276
f 1817//1484 1816//276 1800//278
f 2154//1485 1800//278 275//280
f 1818//1486 275//280 1819//282
f 2155//1487 1819//282 1801//298
f 1820//1517 1801//298 1802//285
f 2157//1489 1802//285 276//283
f 2159//1490 276//283 277//281
f 2164//1491 277//281 1803//279
f 2161//1492 1803//279 1804//277
f 2162//1493 1804//277 1821//273
f 1822//1494 1821//273 1805//275
f 1806//1470 1822//1494 1805//275
f 1807//1472 1808//291 1809//1473
f 1809//1473 280//293 1810//1474
f 1810//1474 1811//295 2138//1475
f 2138//1475 1812//297 1813//1476
f 1813//1476 1796//296 1795//1501
f 1795//1501 1814//294 2139//1478
f 2139//1478 282//292 1797//1479
f 1797//1479 279//290 2152//1480
f 2152//1480 278//288 1815//1481
f 1815//1481 1798//286 2140//1482
f 2140//1482 274//274 1799//1483
f 1799//1483 1816//276 1817//1484
f 1817//1484 1800//278 2154//1485
f 2154//1485 275//280 1818//1486
f 1818//1486 1819//282 2155//1487
f 2155//1487 1801//298 1820//1517
f 1820//1517 1802//285 2157//1489
f 2157//1489 276//283 2159//1490
f 2159//1490 277//281 2164//1491
f 2164//1491 1803//279 2161//1492
f 2161//1492 1804//277 2162//1493
f 2162//1493 1821//273 1822//1494
f 1851//287 1836//1495 1835//275
f 1851//287 2160//1496 1836//1495
f 1851//287 1824//289 2160//1496
f 2160//1496 1824//289 1823//1497
f 1823//1497 1824//289 1857//291
f 1825//1498 1857//291 1852//293
f 1826//1474 1852//293 1858//295
f 2158//1499 1858//295 1837//297
f 2156//1500 1837//297 1855//296
f 1827//1501 1855//296 1854//294
f 1828//1502 1854//294 1853//292
f 2153//1503 1853//292 1856//290
f 2141//1504 1856//290 1838//288
f 1829//1505 1838//288 1830//286
f 2142//1506 1830//286 1850//274
f 2143//1483 1850//274 1846//276
f 2144//1507 1846//276 1831//278
f 2145//1508 1831//278 1839//280
f 1840//1509 1839//280 1832//282
f 2148//1518 1832//282 1848//1511
f 2150//1512 1848//1511 1833//285
f 1841//1489 1833//285 1849//283
f 2166//1513 1849//283 1847//281
f 2167//1519 1847//281 1834//279
f 1842//1515 1834//279 1845//277
f 1843//1516 1845//277 1844//273
f 2163//1494 1844//273 1835//275
f 1836//1495 2163//1494 1835//275
f 1823//1497 1857//291 1825//1498
f 1825//1498 1852//293 1826//1474
f 1826//1474 1858//295 2158//1499
f 2158//1499 1837//297 2156//1500
f 2156//1500 1855//296 1827//1501
f 1827//1501 1854//294 1828//1502
f 1828//1502 1853//292 2153//1503
f 2153//1503 1856//290 2141//1504
f 2141//1504 1838//288 1829//1505
f 1829//1505 1830//286 2142//1506
f 2142//1506 1850//274 2143//1483
f 2143//1483 1846//276 2144//1507
f 2144//1507 1831//278 2145//1508
f 2145//1508 1839//280 1840//1509
f 1840//1509 1832//282 2148//1518
f 2148//1518 1848//1511 2150//1512
f 2150//1512 1833//285 1841//1489
f 1841//1489 1849//283 2166//1513
f 2166//1513 1847//281 2167//1519
f 2167//1519 1834//279 1842//1515
f 1842//1515 1845//277 1843//1516
f 1843//1516 1844//273 2163//1494
f 1844//273 1850//274 1835//275
f 1844//273 1846//276 1850//274
f 1844//273 1845//277 1846//276
f 1846//276 1845//277 1831//278
f 1831//278 1845//277 1834//279
f 1839//280 1834//279 1847//281
f 1832//282 1847//281 1849//283
f 1848//1511 1849//283 1833//285
f 1848//1511 1832//282 1849//283
f 1831//278 1834//279 1839//280
f 1839//280 1847//281 1832//282
f 1850//274 1830//286 1835//275
f 1835//275 1830//286 1851//287
f 1851//287 1830//286 1838//288
f 1824//289 1838//288 1856//290
f 1857//291 1856//290 1853//292
f 1852//293 1853//292 1854//294
f 1858//295 1854//294 1855//296
f 1837//297 1858//295 1855//296
f 1851//287 1838//288 1824//289
f 1824//289 1856//290 1857//291
f 1857//291 1853//292 1852//293
f 1852//293 1854//294 1858//295
f 1860//287 1861//1470 1859//275
f 1860//287 1862//1520 1861//1470
f 1860//287 1863//289 1862//1520
f 1862//1520 1863//289 2229//1472
f 2229//1472 1863//289 291//291
f 1864//1473 291//291 1865//293
f 2230//1474 1865//293 288//295
f 1866//1521 288//295 287//297
f 2233//1476 287//297 289//296
f 1867//1501 289//296 1868//294
f 2234//1478 1868//294 286//292
f 1880//1479 286//292 1869//290
f 1881//1480 1869//290 290//288
f 2235//1481 290//288 285//286
f 2236//1482 285//286 1882//274
f 2237//1483 1882//274 1870//276
f 1883//1484 1870//276 284//278
f 2246//1485 284//278 1871//280
f 1884//1486 1871//280 283//282
f 2248//1487 283//282 1872//298
f 2250//1488 1872//298 1873//285
f 1885//1489 1873//285 1874//283
f 2254//1490 1874//283 1875//281
f 2255//1491 1875//281 1876//279
f 1886//1492 1876//279 1878//277
f 1877//1493 1878//277 1879//273
f 2226//1494 1879//273 1859//275
f 1861//1470 2226//1494 1859//275
f 2229//1472 291//291 1864//1473
f 1864//1473 1865//293 2230//1474
f 2230//1474 288//295 1866//1521
f 1866//1521 287//297 2233//1476
f 2233//1476 289//296 1867//1501
f 1867//1501 1868//294 2234//1478
f 2234//1478 286//292 1880//1479
f 1880//1479 1869//290 1881//1480
f 1881//1480 290//288 2235//1481
f 2235//1481 285//286 2236//1482
f 2236//1482 1882//274 2237//1483
f 2237//1483 1870//276 1883//1484
f 1883//1484 284//278 2246//1485
f 2246//1485 1871//280 1884//1486
f 1884//1486 283//282 2248//1487
f 2248//1487 1872//298 2250//1488
f 2250//1488 1873//285 1885//1489
f 1885//1489 1874//283 2254//1490
f 2254//1490 1875//281 2255//1491
f 2255//1491 1876//279 1886//1492
f 1886//1492 1878//277 1877//1493
f 1877//1493 1879//273 2226//1494
f 1921//287 1887//1495 1916//275
f 1921//287 2259//1496 1887//1495
f 1921//287 1923//289 2259//1496
f 2259//1496 1923//289 1888//1497
f 1888//1497 1923//289 1889//291
f 2253//1498 1889//291 1890//293
f 2252//1474 1890//293 1919//295
f 2251//1499 1919//295 1901//297
f 2249//1500 1901//297 1920//296
f 1891//1501 1920//296 1892//294
f 2247//1502 1892//294 1918//292
f 1902//1503 1918//292 1903//290
f 1904//1504 1903//290 1922//288
f 1905//1505 1922//288 1917//286
f 2239//1506 1917//286 1893//274
f 2238//1483 1893//274 1910//276
f 2240//1507 1910//276 1914//278
f 1906//1508 1914//278 1915//280
f 2241//1522 1915//280 1913//282
f 2242//1510 1913//282 1912//1511
f 1894//1512 1912//1511 1895//285
f 1907//1489 1895//285 1911//283
f 1896//1513 1911//283 1908//281
f 2261//1514 1908//281 1897//279
f 1909//1515 1897//279 1898//277
f 1899//1516 1898//277 1900//273
f 2258//1494 1900//273 1916//275
f 1887//1495 2258//1494 1916//275
f 1888//1497 1889//291 2253//1498
f 2253//1498 1890//293 2252//1474
f 2252//1474 1919//295 2251//1499
f 2251//1499 1901//297 2249//1500
f 2249//1500 1920//296 1891//1501
f 1891//1501 1892//294 2247//1502
f 2247//1502 1918//292 1902//1503
f 1902//1503 1903//290 1904//1504
f 1904//1504 1922//288 1905//1505
f 1905//1505 1917//286 2239//1506
f 2239//1506 1893//274 2238//1483
f 2238//1483 1910//276 2240//1507
f 2240//1507 1914//278 1906//1508
f 1906//1508 1915//280 2241//1522
f 2241//1522 1913//282 2242//1510
f 2242//1510 1912//1511 1894//1512
f 1894//1512 1895//285 1907//1489
f 1907//1489 1911//283 1896//1513
f 1896//1513 1908//281 2261//1514
f 2261//1514 1897//279 1909//1515
f 1909//1515 1898//277 1899//1516
f 1899//1516 1900//273 2258//1494
f 1900//273 1893//274 1916//275
f 1900//273 1910//276 1893//274
f 1900//273 1898//277 1910//276
f 1910//276 1898//277 1914//278
f 1914//278 1898//277 1897//279
f 1915//280 1897//279 1908//281
f 1913//282 1908//281 1911//283
f 1912//1511 1911//283 1895//285
f 1912//1511 1913//282 1911//283
f 1914//278 1897//279 1915//280
f 1915//280 1908//281 1913//282
f 1893//274 1917//286 1916//275
f 1916//275 1917//286 1921//287
f 1921//287 1917//286 1922//288
f 1923//289 1922//288 1903//290
f 1889//291 1903//290 1918//292
f 1890//293 1918//292 1892//294
f 1919//295 1892//294 1920//296
f 1901//297 1919//295 1920//296
f 1921//287 1922//288 1923//289
f 1923//289 1903//290 1889//291
f 1889//291 1918//292 1890//293
f 1890//293 1892//294 1919//295
f 298//287 1939//1470 1924//275
f 298//287 2313//1471 1939//1470
f 298//287 304//289 2313//1471
f 2313//1471 304//289 1925//1472
f 1925//1472 304//289 300//291
f 2314//1473 300//291 1927//293
f 1926//1474 1927//293 301//295
f 2317//1475 301//295 302//297
f 1928//1476 302//297 303//296
f 1940//1501 303//296 1930//294
f 1929//1523 1930//294 305//292
f 1941//1479 305//292 299//290
f 1942//1480 299//290 1943//288
f 1944//1481 1943//288 1931//286
f 2320//1482 1931//286 293//274
f 2321//1483 293//274 1932//276
f 1945//1484 1932//276 297//278
f 1946//1485 297//278 1933//280
f 2330//1486 1933//280 1947//282
f 1934//1487 1947//282 1935//298
f 2332//1488 1935//298 296//285
f 2333//1489 296//285 1936//283
f 2336//1490 1936//283 295//281
f 1937//1491 295//281 1938//279
f 2340//1492 1938//279 294//277
f 1948//1493 294//277 292//273
f 2347//1494 292//273 1924//275
f 1939//1470 2347//1494 1924//275
f 1925//1472 300//291 2314//1473
f 2314//1473 1927//293 1926//1474
f 1926//1474 301//295 2317//1475
f 2317//1475 302//297 1928//1476
f 1928//1476 303//296 1940//1501
f 1940//1501 1930//294 1929//1523
f 1929//1523 305//292 1941//1479
f 1941//1479 299//290 1942//1480
f 1942//1480 1943//288 1944//1481
f 1944//1481 1931//286 2320//1482
f 2320//1482 293//274 2321//1483
f 2321//1483 1932//276 1945//1484
f 1945//1484 297//278 1946//1485
f 1946//1485 1933//280 2330//1486
f 2330//1486 1947//282 1934//1487
f 1934//1487 1935//298 2332//1488
f 2332//1488 296//285 2333//1489
f 2333//1489 1936//283 2336//1490
f 2336//1490 295//281 1937//1491
f 1937//1491 1938//279 2340//1492
f 2340//1492 294//277 1948//1493
f 1948//1493 292//273 2347//1494
f 1984//287 1949//1495 1960//275
f 1984//287 1950//1496 1949//1495
f 1984//287 1951//289 1950//1496
f 1950//1496 1951//289 2335//1497
f 2335//1497 1951//289 1985//291
f 2334//1498 1985//291 1986//293
f 1952//1474 1986//293 1953//295
f 1954//1499 1953//295 1982//297
f 1961//1500 1982//297 1983//296
f 1962//1477 1983//296 1981//294
f 2331//1502 1981//294 1980//292
f 2329//1503 1980//292 1955//290
f 2328//1504 1955//290 1963//288
f 1964//1505 1963//288 1979//286
f 2322//1506 1979//286 1978//274
f 1965//1483 1978//274 1956//276
f 1966//1507 1956//276 1975//278
f 2323//1508 1975//278 1976//280
f 1967//1509 1976//280 1977//282
f 2325//1524 1977//282 1974//1511
f 2343//1512 1974//1511 1968//285
f 2344//1489 1968//285 1957//283
f 1969//1513 1957//283 1958//281
f 1959//1514 1958//281 1973//279
f 1970//1515 1973//279 1971//277
f 2345//1516 1971//277 1972//273
f 2338//1494 1972//273 1960//275
f 1949//1495 2338//1494 1960//275
f 2335//1497 1985//291 2334//1498
f 2334//1498 1986//293 1952//1474
f 1952//1474 1953//295 1954//1499
f 1954//1499 1982//297 1961//1500
f 1961//1500 1983//296 1962//1477
f 1962//1477 1981//294 2331//1502
f 2331//1502 1980//292 2329//1503
f 2329//1503 1955//290 2328//1504
f 2328//1504 1963//288 1964//1505
f 1964//1505 1979//286 2322//1506
f 2322//1506 1978//274 1965//1483
f 1965//1483 1956//276 1966//1507
f 1966//1507 1975//278 2323//1508
f 2323//1508 1976//280 1967//1509
f 1967//1509 1977//282 2325//1524
f 2325//1524 1974//1511 2343//1512
f 2343//1512 1968//285 2344//1489
f 2344//1489 1957//283 1969//1513
f 1969//1513 1958//281 1959//1514
f 1959//1514 1973//279 1970//1515
f 1970//1515 1971//277 2345//1516
f 2345//1516 1972//273 2338//1494
f 1972//273 1978//274 1960//275
f 1972//273 1956//276 1978//274
f 1972//273 1971//277 1956//276
f 1956//276 1971//277 1975//278
f 1975//278 1971//277 1973//279
f 1976//280 1973//279 1958//281
f 1977//282 1958//281 1957//283
f 1974//1511 1957//283 1968//285
f 1974//1511 1977//282 1957//283
f 1975//278 1973//279 1976//280
f 1976//280 1958//281 1977//282
f 1978//274 1979//286 1960//275
f 1960//275 1979//286 1984//287
f 1984//287 1979//286 1963//288
f 1951//289 1963//288 1955//290
f 1985//291 1955//290 1980//292
f 1986//293 1980//292 1981//294
f 1953//295 1981//294 1983//296
f 1982//297 1953//295 1983//296
f 1984//287 1963//288 1951//289
f 1951//289 1955//290 1985//291
f 1985//291 1980//292 1986//293
f 1986//293 1981//294 1953//295
f 1991//1013 2062//1525 1990//1526
f 1062//1012 1990//1526 1081//53
f 1062//1012 1991//1013 1990//1526
f 1987//1527 1988//1528 2079//1529
f 1987//1527 2048//1530 1988//1528
f 1988//1528 2048//1530 1989//1009
f 1081//53 1988//1528 1989//1009
f 1081//53 1990//1526 1988//1528
f 1988//1528 1990//1526 2079//1529
f 2079//1529 1990//1526 2062//1525
f 2062//1525 1991//1013 2061//1531
f 2061//1531 1991//1013 1992//1015
f 1053//1033 2006//1532 1993//1533
f 1994//1032 1993//1533 2000//1031
f 1994//1032 1053//1033 1993//1533
f 1995//1534 1999//1535 2001//1536
f 1995//1534 1997//1537 1999//1535
f 1995//1534 1996//1538 1997//1537
f 1997//1537 1996//1538 2003//1539
f 1998//1018 2003//1539 2002//47
f 1998//1018 1997//1537 2003//1539
f 1998//1018 1052//1030 1997//1537
f 1997//1537 1052//1030 1999//1535
f 1999//1535 1052//1030 2000//1031
f 1993//1533 1999//1535 2000//1031
f 1993//1533 2001//1536 1999//1535
f 1993//1533 2006//1532 2001//1536
f 1996//1538 2041//1540 2003//1539
f 2003//1539 2041//1540 2004//1541
f 2002//47 2004//1541 1992//1015
f 2002//47 2003//1539 2004//1541
f 2041//1540 2005//1542 2004//1541
f 2004//1541 2005//1542 2061//1531
f 1992//1015 2004//1541 2061//1531
f 2006//1532 1053//1033 2080//1543
f 2080//1543 1053//1033 2007//1034
f 1057//1037 2036//1544 2010//1545
f 1054//1036 2010//1545 1055//1035
f 1054//1036 1057//1037 2010//1545
f 2037//1546 2008//1547 2009//1548
f 2037//1546 2080//1543 2008//1547
f 2008//1547 2080//1543 2007//1034
f 1055//1035 2008//1547 2007//1034
f 1055//1035 2010//1545 2008//1547
f 2008//1547 2010//1545 2009//1548
f 2009//1548 2010//1545 2036//1544
f 2036//1544 1057//1037 2071//1549
f 2071//1549 1057//1037 1056//1008
f 2017//1040 2016//1550 2011//1551
f 2012//1039 2011//1551 2014//1038
f 2012//1039 2017//1040 2011//1551
f 2081//1552 2013//1553 2015//1554
f 2081//1552 2071//1549 2013//1553
f 2013//1553 2071//1549 1056//1008
f 2014//1038 2013//1553 1056//1008
f 2014//1038 2011//1551 2013//1553
f 2013//1553 2011//1551 2015//1554
f 2015//1554 2011//1551 2016//1550
f 2016//1550 2017//1040 2074//1555
f 2074//1555 2017//1040 2018//1041
f 2019//1001 2053//1556 2020//1557
f 1078//1000 2020//1557 2023//998
f 1078//1000 2019//1001 2020//1557
f 2057//1558 2022//1559 2056//1560
f 2057//1558 2021//1561 2022//1559
f 2057//1558 2059//1562 2021//1561
f 2021//1561 2059//1562 2025//1563
f 1058//1043 2025//1563 2024//1042
f 1058//1043 2021//1561 2025//1563
f 1058//1043 1059//1044 2021//1561
f 2021//1561 1059//1044 2022//1559
f 2022//1559 1059//1044 2023//998
f 2020//1557 2022//1559 2023//998
f 2020//1557 2056//1560 2022//1559
f 2020//1557 2053//1556 2056//1560
f 2059//1562 2060//1564 2025//1563
f 2025//1563 2060//1564 2027//1565
f 2024//1042 2027//1565 2018//1041
f 2024//1042 2025//1563 2027//1565
f 2060//1564 2026//1566 2027//1565
f 2027//1565 2026//1566 2074//1555
f 2018//1041 2027//1565 2074//1555
f 2053//1556 2019//1001 2051//1567
f 2051//1567 2019//1001 2031//1046
f 2034//1007 2073//1568 2033//1569
f 1061//1047 2033//1569 2032//5
f 1061//1047 2034//1007 2033//1569
f 2028//1570 2029//1571 2030//1572
f 2028//1570 2051//1567 2029//1571
f 2029//1571 2051//1567 2031//1046
f 2032//5 2029//1571 2031//1046
f 2032//5 2033//1569 2029//1571
f 2029//1571 2033//1569 2030//1572
f 2030//1572 2033//1569 2073//1568
f 2073//1568 2034//1007 2048//1530
f 2048//1530 2034//1007 1989//1009
f 1759//1493 2035//1494 2080//1543
f 2036//1544 2080//1543 2037//1546
f 2009//1548 2036//1544 2037//1546
f 1736//1471 2006//1532 2038//1470
f 1736//1471 1737//1472 2006//1532
f 2006//1532 1737//1472 2039//1473
f 2040//1474 2006//1532 2039//1473
f 2040//1474 2001//1536 2006//1532
f 2040//1474 1748//1475 2001//1536
f 2001//1536 1748//1475 1995//1534
f 1995//1534 1748//1475 1996//1538
f 1996//1538 1748//1475 2042//1476
f 2041//1540 2042//1476 2005//1542
f 2041//1540 1996//1538 2042//1476
f 2005//1542 2042//1476 2061//1531
f 2061//1531 2042//1476 2043//1477
f 2044//1478 2061//1531 2043//1477
f 2044//1478 1749//1479 2061//1531
f 2061//1531 1749//1479 1742//1480
f 2062//1525 1742//1480 2045//1481
f 2046//1482 2062//1525 2045//1481
f 2046//1482 2048//1530 2062//1525
f 2046//1482 2047//1483 2048//1530
f 2048//1530 2047//1483 1765//1504
f 2073//1568 1765//1504 2049//1505
f 2051//1567 2049//1505 2050//1506
f 2052//1483 2051//1567 2050//1506
f 2052//1483 2053//1556 2051//1567
f 2052//1483 1779//1507 2053//1556
f 2053//1556 1779//1507 2055//1508
f 2054//1509 2053//1556 2055//1508
f 2054//1509 2058//1510 2053//1556
f 2053//1556 2058//1510 2056//1560
f 2056//1560 2058//1510 2057//1558
f 2057//1558 2058//1510 2059//1562
f 2059//1562 2058//1510 1770//1512
f 2060//1564 1770//1512 2026//1566
f 2060//1564 2059//1562 1770//1512
f 2061//1531 1742//1480 2062//1525
f 2047//1483 1752//1484 1765//1504
f 1765//1504 1752//1484 1776//1503
f 1776//1503 1752//1484 1743//1485
f 1763//1502 1743//1485 2063//1486
f 1775//1501 2063//1486 1774//1500
f 1775//1501 1763//1502 2063//1486
f 1776//1503 1743//1485 1763//1502
f 2063//1486 1753//1487 1774//1500
f 1774//1500 1753//1487 2065//1499
f 2065//1499 1753//1487 2064//1488
f 1756//1489 2065//1499 2064//1488
f 1756//1489 2066//1474 2065//1499
f 1756//1489 1757//1490 2066//1474
f 2066//1474 1757//1490 2067//1498
f 2067//1498 1757//1490 2068//1497
f 2068//1497 1757//1490 2069//1491
f 1761//1496 2069//1491 1745//1492
f 2070//1495 1745//1492 1759//1493
f 2036//1544 1759//1493 2080//1543
f 2036//1544 2070//1495 1759//1493
f 2036//1544 2071//1549 2070//1495
f 2070//1495 2071//1549 2016//1550
f 2072//1494 2016//1550 2078//1516
f 2072//1494 2070//1495 2016//1550
f 2068//1497 2069//1491 1761//1496
f 1761//1496 1745//1492 2070//1495
f 2048//1530 1765//1504 2073//1568
f 2073//1568 2049//1505 2051//1567
f 2028//1570 2073//1568 2051//1567
f 2028//1570 2030//1572 2073//1568
f 1770//1512 2075//1489 2026//1566
f 2026//1566 2075//1489 2074//1555
f 2074//1555 2075//1489 2076//1513
f 2077//1514 2074//1555 2076//1513
f 2077//1514 1784//1515 2074//1555
f 2074//1555 1784//1515 2078//1516
f 2016//1550 2074//1555 2078//1516
f 1987//1527 2079//1529 2048//1530
f 2048//1530 2079//1529 2062//1525
f 2006//1532 2080//1543 2038//1470
f 2038//1470 2080//1543 2035//1494
f 2081//1552 2015//1554 2071//1549
f 2071//1549 2015//1554 2016//1550
f 2089//1013 2088//1525 2087//1573
f 2082//1012 2087//1573 2086//53
f 2082//1012 2089//1013 2087//1573
f 2083//1574 2084//1575 2169//1529
f 2083//1574 2170//1530 2084//1575
f 2084//1575 2170//1530 2085//1009
f 2086//53 2084//1575 2085//1009
f 2086//53 2087//1573 2084//1575
f 2084//1575 2087//1573 2169//1529
f 2169//1529 2087//1573 2088//1525
f 2088//1525 2089//1013 2151//1531
f 2151//1531 2089//1013 2099//1015
f 2100//1016 2135//1532 2090//1533
f 1064//1017 2090//1533 1065//1019
f 1064//1017 2100//1016 2090//1533
f 2136//1534 2093//1535 2094//1536
f 2136//1534 2091//1537 2093//1535
f 2136//1534 2137//1538 2091//1537
f 2091//1537 2137//1538 2096//1539
f 1073//1018 2096//1539 2092//47
f 1073//1018 2091//1537 2096//1539
f 1073//1018 1051//1029 2091//1537
f 2091//1537 1051//1029 2093//1535
f 2093//1535 1051//1029 1065//1019
f 2090//1533 2093//1535 1065//1019
f 2090//1533 2094//1536 2093//1535
f 2090//1533 2135//1532 2094//1536
f 2137//1538 2095//1540 2096//1539
f 2096//1539 2095//1540 2097//1541
f 2092//47 2097//1541 2099//1015
f 2092//47 2096//1539 2097//1541
f 2095//1540 2098//1542 2097//1541
f 2097//1541 2098//1542 2151//1531
f 2099//1015 2097//1541 2151//1531
f 2135//1532 2100//1016 2101//1543
f 2101//1543 2100//1016 1083//1049
f 2104//1010 2131//1544 2103//1576
f 1082//1048 2103//1576 1063//33
f 1082//1048 2104//1010 2103//1576
f 2133//1577 2102//1578 2132//1548
f 2133//1577 2101//1543 2102//1578
f 2102//1578 2101//1543 1083//1049
f 1063//33 2102//1578 1083//1049
f 1063//33 2103//1576 2102//1578
f 2102//1578 2103//1576 2132//1548
f 2132//1548 2103//1576 2131//1544
f 2131//1544 2104//1010 2171//1549
f 2171//1549 2104//1010 2109//1008
f 2105//1004 2168//1579 2110//1580
f 1079//1005 2110//1580 1080//25
f 1079//1005 2105//1004 2110//1580
f 2106//1552 2108//1581 2107//1582
f 2106//1552 2171//1549 2108//1581
f 2108//1581 2171//1549 2109//1008
f 1080//25 2108//1581 2109//1008
f 1080//25 2110//1580 2108//1581
f 2108//1581 2110//1580 2107//1582
f 2107//1582 2110//1580 2168//1579
f 2168//1579 2105//1004 2111//1555
f 2111//1555 2105//1004 2112//1002
f 1068//1001 2146//1556 2113//1583
f 1067//1000 2113//1583 2114//998
f 1067//1000 1068//1001 2113//1583
f 2115//1558 2119//1559 2147//1560
f 2115//1558 2118//1584 2119//1559
f 2115//1558 2149//1562 2118//1584
f 2118//1584 2149//1562 2121//1563
f 2116//999 2121//1563 1060//19
f 2116//999 2118//1584 2121//1563
f 2116//999 2117//1045 2118//1584
f 2118//1584 2117//1045 2119//1559
f 2119//1559 2117//1045 2114//998
f 2113//1583 2119//1559 2114//998
f 2113//1583 2147//1560 2119//1559
f 2113//1583 2146//1556 2147//1560
f 2149//1562 2120//1564 2121//1563
f 2121//1563 2120//1564 2123//1585
f 1060//19 2123//1585 2112//1002
f 1060//19 2121//1563 2123//1585
f 2120//1564 2122//1566 2123//1585
f 2123//1585 2122//1566 2111//1555
f 2112//1002 2123//1585 2111//1555
f 2146//1556 1068//1001 2165//1567
f 2165//1567 1068//1001 2127//1046
f 1075//1007 2124//1586 2129//1569
f 2125//1047 2129//1569 1074//5
f 2125//1047 1075//1007 2129//1569
f 2126//1570 2128//1360 2130//1572
f 2126//1570 2165//1567 2128//1360
f 2128//1360 2165//1567 2127//1046
f 1074//5 2128//1360 2127//1046
f 1074//5 2129//1569 2128//1360
f 2128//1360 2129//1569 2130//1572
f 2130//1572 2129//1569 2124//1586
f 2124//1586 1075//1007 2170//1530
f 2170//1530 1075//1007 2085//1009
f 2162//1493 1822//1494 2101//1543
f 2131//1544 2101//1543 2133//1577
f 2132//1548 2131//1544 2133//1577
f 2134//1471 2135//1532 1806//1470
f 2134//1471 1807//1472 2135//1532
f 2135//1532 1807//1472 1809//1473
f 1810//1474 2135//1532 1809//1473
f 1810//1474 2094//1536 2135//1532
f 1810//1474 2138//1475 2094//1536
f 2094//1536 2138//1475 2136//1534
f 2136//1534 2138//1475 2137//1538
f 2137//1538 2138//1475 1813//1476
f 2095//1540 1813//1476 2098//1542
f 2095//1540 2137//1538 1813//1476
f 2098//1542 1813//1476 2151//1531
f 2151//1531 1813//1476 1795//1501
f 2139//1478 2151//1531 1795//1501
f 2139//1478 1797//1479 2151//1531
f 2151//1531 1797//1479 2152//1480
f 2088//1525 2152//1480 1815//1481
f 2140//1482 2088//1525 1815//1481
f 2140//1482 2170//1530 2088//1525
f 2140//1482 1799//1483 2170//1530
f 2170//1530 1799//1483 2141//1504
f 2124//1586 2141//1504 1829//1505
f 2165//1567 1829//1505 2142//1506
f 2143//1483 2165//1567 2142//1506
f 2143//1483 2146//1556 2165//1567
f 2143//1483 2144//1507 2146//1556
f 2146//1556 2144//1507 2145//1508
f 1840//1509 2146//1556 2145//1508
f 1840//1509 2148//1518 2146//1556
f 2146//1556 2148//1518 2147//1560
f 2147//1560 2148//1518 2115//1558
f 2115//1558 2148//1518 2149//1562
f 2149//1562 2148//1518 2150//1512
f 2120//1564 2150//1512 2122//1566
f 2120//1564 2149//1562 2150//1512
f 2151//1531 2152//1480 2088//1525
f 1799//1483 1817//1484 2141//1504
f 2141//1504 1817//1484 2153//1503
f 2153//1503 1817//1484 2154//1485
f 1828//1502 2154//1485 1818//1486
f 1827//1501 1818//1486 2156//1500
f 1827//1501 1828//1502 1818//1486
f 2153//1503 2154//1485 1828//1502
f 1818//1486 2155//1487 2156//1500
f 2156//1500 2155//1487 2158//1499
f 2158//1499 2155//1487 1820//1517
f 2157//1489 2158//1499 1820//1517
f 2157//1489 1826//1474 2158//1499
f 2157//1489 2159//1490 1826//1474
f 1826//1474 2159//1490 1825//1498
f 1825//1498 2159//1490 1823//1497
f 1823//1497 2159//1490 2164//1491
f 2160//1496 2164//1491 2161//1492
f 1836//1495 2161//1492 2162//1493
f 2131//1544 2162//1493 2101//1543
f 2131//1544 1836//1495 2162//1493
f 2131//1544 2171//1549 1836//1495
f 1836//1495 2171//1549 2168//1579
f 2163//1494 2168//1579 1843//1516
f 2163//1494 1836//1495 2168//1579
f 1823//1497 2164//1491 2160//1496
f 2160//1496 2161//1492 1836//1495
f 2170//1530 2141//1504 2124//1586
f 2124//1586 1829//1505 2165//1567
f 2126//1570 2124//1586 2165//1567
f 2126//1570 2130//1572 2124//1586
f 2150//1512 1841//1489 2122//1566
f 2122//1566 1841//1489 2111//1555
f 2111//1555 1841//1489 2166//1513
f 2167//1519 2111//1555 2166//1513
f 2167//1519 1842//1515 2111//1555
f 2111//1555 1842//1515 1843//1516
f 2168//1579 2111//1555 1843//1516
f 2083//1574 2169//1529 2170//1530
f 2170//1530 2169//1529 2088//1525
f 2135//1532 2101//1543 1806//1470
f 1806//1470 2101//1543 1822//1494
f 2106//1552 2107//1582 2171//1549
f 2171//1549 2107//1582 2168//1579
f 2177//1013 2176//1587 2175//1588
f 1050//1012 2175//1588 1040//53
f 1050//1012 2177//1013 2175//1588
f 2172//1527 2174//1528 2173//1589
f 2172//1527 2225//1530 2174//1528
f 2174//1528 2225//1530 1038//1009
f 1040//53 2174//1528 1038//1009
f 1040//53 2175//1588 2174//1528
f 2174//1528 2175//1588 2173//1589
f 2173//1589 2175//1588 2176//1587
f 2176//1587 2177//1013 2245//1531
f 2245//1531 2177//1013 2188//1015
f 2189//1016 2228//1590 2178//1533
f 1072//1017 2178//1533 2182//1019
f 1072//1017 2189//1016 2178//1533
f 2179//1534 2180//1535 2231//1536
f 2179//1534 2181//1537 2180//1535
f 2179//1534 2183//1538 2181//1537
f 2181//1537 2183//1538 2184//1539
f 1042//1018 2184//1539 2185//47
f 1042//1018 2181//1537 2184//1539
f 1042//1018 1044//1020 2181//1537
f 2181//1537 1044//1020 2180//1535
f 2180//1535 1044//1020 2182//1019
f 2178//1533 2180//1535 2182//1019
f 2178//1533 2231//1536 2180//1535
f 2178//1533 2228//1590 2231//1536
f 2183//1538 2232//1540 2184//1539
f 2184//1539 2232//1540 2186//1541
f 2185//47 2186//1541 2188//1015
f 2185//47 2184//1539 2186//1541
f 2232//1540 2187//1542 2186//1541
f 2186//1541 2187//1542 2245//1531
f 2188//1015 2186//1541 2245//1531
f 2228//1590 2189//1016 2192//1543
f 2192//1543 2189//1016 1077//1014
f 1076//1010 2256//1544 2191//1576
f 2190//1011 2191//1576 2193//33
f 2190//1011 1076//1010 2191//1576
f 2227//1546 2194//1591 2195//1548
f 2227//1546 2192//1543 2194//1591
f 2194//1591 2192//1543 1077//1014
f 2193//33 2194//1591 1077//1014
f 2193//33 2191//1576 2194//1591
f 2194//1591 2191//1576 2195//1548
f 2195//1548 2191//1576 2256//1544
f 2256//1544 1076//1010 2257//1549
f 2257//1549 1076//1010 1071//1008
f 2196//1004 2202//1592 2199//1593
f 2197//1005 2199//1593 1070//25
f 2197//1005 2196//1004 2199//1593
f 2198//1594 2200//1595 2201//1554
f 2198//1594 2257//1549 2200//1595
f 2200//1595 2257//1549 1071//1008
f 1070//25 2200//1595 1071//1008
f 1070//25 2199//1593 2200//1595
f 2200//1595 2199//1593 2201//1554
f 2201//1554 2199//1593 2202//1592
f 2202//1592 2196//1004 2262//1596
f 2262//1596 2196//1004 1069//1002
f 2204//1001 2216//1597 2211//1598
f 2203//1000 2211//1598 2210//998
f 2203//1000 2204//1001 2211//1598
f 2205//1558 2209//1559 2212//1560
f 2205//1558 2207//1584 2209//1559
f 2205//1558 2244//1562 2207//1584
f 2207//1584 2244//1562 2213//1563
f 1066//999 2213//1563 2206//19
f 1066//999 2207//1584 2213//1563
f 1066//999 2208//997 2207//1584
f 2207//1584 2208//997 2209//1559
f 2209//1559 2208//997 2210//998
f 2211//1598 2209//1559 2210//998
f 2211//1598 2212//1560 2209//1559
f 2211//1598 2216//1597 2212//1560
f 2244//1562 2243//1564 2213//1563
f 2213//1563 2243//1564 2214//1599
f 2206//19 2214//1599 1069//1002
f 2206//19 2213//1563 2214//1599
f 2243//1564 2215//1600 2214//1599
f 2214//1599 2215//1600 2262//1596
f 1069//1002 2214//1599 2262//1596
f 2216//1597 2204//1001 2217//1567
f 2217//1567 2204//1001 1036//1003
f 2218//1007 2260//1568 2222//1569
f 2219//1006 2222//1569 2221//5
f 2219//1006 2218//1007 2222//1569
f 2220//1601 2223//1602 2224//1572
f 2220//1601 2217//1567 2223//1602
f 2223//1602 2217//1567 1036//1003
f 2221//5 2223//1602 1036//1003
f 2221//5 2222//1569 2223//1602
f 2223//1602 2222//1569 2224//1572
f 2224//1572 2222//1569 2260//1568
f 2260//1568 2218//1007 2225//1530
f 2225//1530 2218//1007 1038//1009
f 1877//1493 2226//1494 2192//1543
f 2256//1544 2192//1543 2227//1546
f 2195//1548 2256//1544 2227//1546
f 1862//1520 2228//1590 1861//1470
f 1862//1520 2229//1472 2228//1590
f 2228//1590 2229//1472 1864//1473
f 2230//1474 2228//1590 1864//1473
f 2230//1474 2231//1536 2228//1590
f 2230//1474 1866//1521 2231//1536
f 2231//1536 1866//1521 2179//1534
f 2179//1534 1866//1521 2183//1538
f 2183//1538 1866//1521 2233//1476
f 2232//1540 2233//1476 2187//1542
f 2232//1540 2183//1538 2233//1476
f 2187//1542 2233//1476 2245//1531
f 2245//1531 2233//1476 1867//1501
f 2234//1478 2245//1531 1867//1501
f 2234//1478 1880//1479 2245//1531
f 2245//1531 1880//1479 1881//1480
f 2176//1587 1881//1480 2235//1481
f 2236//1482 2176//1587 2235//1481
f 2236//1482 2225//1530 2176//1587
f 2236//1482 2237//1483 2225//1530
f 2225//1530 2237//1483 1904//1504
f 2260//1568 1904//1504 1905//1505
f 2217//1567 1905//1505 2239//1506
f 2238//1483 2217//1567 2239//1506
f 2238//1483 2216//1597 2217//1567
f 2238//1483 2240//1507 2216//1597
f 2216//1597 2240//1507 1906//1508
f 2241//1522 2216//1597 1906//1508
f 2241//1522 2242//1510 2216//1597
f 2216//1597 2242//1510 2212//1560
f 2212//1560 2242//1510 2205//1558
f 2205//1558 2242//1510 2244//1562
f 2244//1562 2242//1510 1894//1512
f 2243//1564 1894//1512 2215//1600
f 2243//1564 2244//1562 1894//1512
f 2245//1531 1881//1480 2176//1587
f 2237//1483 1883//1484 1904//1504
f 1904//1504 1883//1484 1902//1503
f 1902//1503 1883//1484 2246//1485
f 2247//1502 2246//1485 1884//1486
f 1891//1501 1884//1486 2249//1500
f 1891//1501 2247//1502 1884//1486
f 1902//1503 2246//1485 2247//1502
f 1884//1486 2248//1487 2249//1500
f 2249//1500 2248//1487 2251//1499
f 2251//1499 2248//1487 2250//1488
f 1885//1489 2251//1499 2250//1488
f 1885//1489 2252//1474 2251//1499
f 1885//1489 2254//1490 2252//1474
f 2252//1474 2254//1490 2253//1498
f 2253//1498 2254//1490 1888//1497
f 1888//1497 2254//1490 2255//1491
f 2259//1496 2255//1491 1886//1492
f 1887//1495 1886//1492 1877//1493
f 2256//1544 1877//1493 2192//1543
f 2256//1544 1887//1495 1877//1493
f 2256//1544 2257//1549 1887//1495
f 1887//1495 2257//1549 2202//1592
f 2258//1494 2202//1592 1899//1516
f 2258//1494 1887//1495 2202//1592
f 1888//1497 2255//1491 2259//1496
f 2259//1496 1886//1492 1887//1495
f 2225//1530 1904//1504 2260//1568
f 2260//1568 1905//1505 2217//1567
f 2220//1601 2260//1568 2217//1567
f 2220//1601 2224//1572 2260//1568
f 1894//1512 1907//1489 2215//1600
f 2215//1600 1907//1489 2262//1596
f 2262//1596 1907//1489 1896//1513
f 2261//1514 2262//1596 1896//1513
f 2261//1514 1909//1515 2262//1596
f 2262//1596 1909//1515 1899//1516
f 2202//1592 2262//1596 1899//1516
f 2172//1527 2173//1589 2225//1530
f 2225//1530 2173//1589 2176//1587
f 2228//1590 2192//1543 1861//1470
f 1861//1470 2192//1543 2226//1494
f 2198//1594 2201//1554 2257//1549
f 2257//1549 2201//1554 2202//1592
f 1031//991 2269//1597 2268//1598
f 2263//994 2268//1598 1032//995
f 2263//994 1031//991 2268//1598
f 2324//1558 2264//1559 2270//1560
f 2324//1558 2267//1584 2264//1559
f 2324//1558 2265//1562 2267//1584
f 2267//1584 2265//1562 2266//1563
f 1034//999 2266//1563 1035//19
f 1034//999 2267//1584 2266//1563
f 1034//999 1033//996 2267//1584
f 2267//1584 1033//996 2264//1559
f 2264//1559 1033//996 1032//995
f 2268//1598 2264//1559 1032//995
f 2268//1598 2270//1560 2264//1559
f 2268//1598 2269//1597 2270//1560
f 2265//1562 2271//1603 2266//1563
f 2266//1563 2271//1603 2273//1599
f 1035//19 2273//1599 2272//1002
f 1035//19 2266//1563 2273//1599
f 2271//1603 2326//1604 2273//1599
f 2273//1599 2326//1604 2311//1605
f 2272//1002 2273//1599 2311//1605
f 2269//1597 1031//991 2274//1567
f 2274//1567 1031//991 1030//990
f 2280//1007 2342//1568 2278//1606
f 2275//993 2278//1606 1029//992
f 2275//993 2280//1007 2278//1606
f 2341//1570 2276//1571 2277//1572
f 2341//1570 2274//1567 2276//1571
f 2276//1571 2274//1567 1030//990
f 1029//992 2276//1571 1030//990
f 1029//992 2278//1606 2276//1571
f 2276//1571 2278//1606 2277//1572
f 2277//1572 2278//1606 2342//1568
f 2342//1568 2280//1007 2279//1530
f 2279//1530 2280//1007 2281//1028
f 1047//1025 2286//1587 2282//1526
f 1048//1026 2282//1526 2284//1027
f 1048//1026 1047//1025 2282//1526
f 2283//1527 2285//1607 2346//1529
f 2283//1527 2279//1530 2285//1607
f 2285//1607 2279//1530 2281//1028
f 2284//1027 2285//1607 2281//1028
f 2284//1027 2282//1526 2285//1607
f 2285//1607 2282//1526 2346//1529
f 2346//1529 2282//1526 2286//1587
f 2286//1587 1047//1025 2327//1531
f 2327//1531 1047//1025 2287//1024
f 2288//1016 2315//1608 2289//1533
f 1043//1017 2289//1533 1045//1019
f 1043//1017 2288//1016 2289//1533
f 2291//1534 2290//1535 2316//1536
f 2291//1534 2294//1537 2290//1535
f 2291//1534 2292//1538 2294//1537
f 2294//1537 2292//1538 2297//1539
f 2293//1022 2297//1539 2296//1023
f 2293//1022 2294//1537 2297//1539
f 2293//1022 2295//1021 2294//1537
f 2294//1537 2295//1021 2290//1535
f 2290//1535 2295//1021 1045//1019
f 2289//1533 2290//1535 1045//1019
f 2289//1533 2316//1536 2290//1535
f 2289//1533 2315//1608 2316//1536
f 2292//1538 2319//1540 2297//1539
f 2297//1539 2319//1540 2298//1541
f 2296//1023 2298//1541 2287//1024
f 2296//1023 2297//1539 2298//1541
f 2319//1540 2318//1542 2298//1541
f 2298//1541 2318//1542 2327//1531
f 2287//1024 2298//1541 2327//1531
f 2315//1608 2288//1016 2337//1543
f 2337//1543 2288//1016 1041//1014
f 1039//1010 2299//1544 2300//1576
f 2302//1011 2300//1576 2301//33
f 2302//1011 1039//1010 2300//1576
f 2303//1546 2304//1547 2312//1548
f 2303//1546 2337//1543 2304//1547
f 2304//1547 2337//1543 1041//1014
f 2301//33 2304//1547 1041//1014
f 2301//33 2300//1576 2304//1547
f 2304//1547 2300//1576 2312//1548
f 2312//1548 2300//1576 2299//1544
f 2299//1544 1039//1010 2305//1549
f 2305//1549 1039//1010 2309//1008
f 1037//1004 2339//1592 2310//1551
f 2306//1005 2310//1551 1049//25
f 2306//1005 1037//1004 2310//1551
f 2307//1552 2308//1581 2348//1554
f 2307//1552 2305//1549 2308//1581
f 2308//1581 2305//1549 2309//1008
f 1049//25 2308//1581 2309//1008
f 1049//25 2310//1551 2308//1581
f 2308//1581 2310//1551 2348//1554
f 2348//1554 2310//1551 2339//1592
f 2339//1592 1037//1004 2311//1605
f 2311//1605 1037//1004 2272//1002
f 1948//1493 2347//1494 2337//1543
f 2299//1544 2337//1543 2303//1546
f 2312//1548 2299//1544 2303//1546
f 2313//1471 2315//1608 1939//1470
f 2313//1471 1925//1472 2315//1608
f 2315//1608 1925//1472 2314//1473
f 1926//1474 2315//1608 2314//1473
f 1926//1474 2316//1536 2315//1608
f 1926//1474 2317//1475 2316//1536
f 2316//1536 2317//1475 2291//1534
f 2291//1534 2317//1475 2292//1538
f 2292//1538 2317//1475 1928//1476
f 2319//1540 1928//1476 2318//1542
f 2319//1540 2292//1538 1928//1476
f 2318//1542 1928//1476 2327//1531
f 2327//1531 1928//1476 1940//1501
f 1929//1523 2327//1531 1940//1501
f 1929//1523 1941//1479 2327//1531
f 2327//1531 1941//1479 1942//1480
f 2286//1587 1942//1480 1944//1481
f 2320//1482 2286//1587 1944//1481
f 2320//1482 2279//1530 2286//1587
f 2320//1482 2321//1483 2279//1530
f 2279//1530 2321//1483 2328//1504
f 2342//1568 2328//1504 1964//1505
f 2274//1567 1964//1505 2322//1506
f 1965//1483 2274//1567 2322//1506
f 1965//1483 2269//1597 2274//1567
f 1965//1483 1966//1507 2269//1597
f 2269//1597 1966//1507 2323//1508
f 1967//1509 2269//1597 2323//1508
f 1967//1509 2325//1524 2269//1597
f 2269//1597 2325//1524 2270//1560
f 2270//1560 2325//1524 2324//1558
f 2324//1558 2325//1524 2265//1562
f 2265//1562 2325//1524 2343//1512
f 2271//1603 2343//1512 2326//1604
f 2271//1603 2265//1562 2343//1512
f 2327//1531 1942//1480 2286//1587
f 2321//1483 1945//1484 2328//1504
f 2328//1504 1945//1484 2329//1503
f 2329//1503 1945//1484 1946//1485
f 2331//1502 1946//1485 2330//1486
f 1962//1477 2330//1486 1961//1500
f 1962//1477 2331//1502 2330//1486
f 2329//1503 1946//1485 2331//1502
f 2330//1486 1934//1487 1961//1500
f 1961//1500 1934//1487 1954//1499
f 1954//1499 1934//1487 2332//1488
f 2333//1489 1954//1499 2332//1488
f 2333//1489 1952//1474 1954//1499
f 2333//1489 2336//1490 1952//1474
f 1952//1474 2336//1490 2334//1498
f 2334//1498 2336//1490 2335//1497
f 2335//1497 2336//1490 1937//1491
f 1950//1496 1937//1491 2340//1492
f 1949//1495 2340//1492 1948//1493
f 2299//1544 1948//1493 2337//1543
f 2299//1544 1949//1495 1948//1493
f 2299//1544 2305//1549 1949//1495
f 1949//1495 2305//1549 2339//1592
f 2338//1494 2339//1592 2345//1516
f 2338//1494 1949//1495 2339//1592
f 2335//1497 1937//1491 1950//1496
f 1950//1496 2340//1492 1949//1495
f 2279//1530 2328//1504 2342//1568
f 2342//1568 1964//1505 2274//1567
f 2341//1570 2342//1568 2274//1567
f 2341//1570 2277//1572 2342//1568
f 2343//1512 2344//1489 2326//1604
f 2326//1604 2344//1489 2311//1605
f 2311//1605 2344//1489 1969//1513
f 1959//1514 2311//1605 1969//1513
f 1959//1514 1970//1515 2311//1605
f 2311//1605 1970//1515 2345//1516
f 2339//1592 2311//1605 2345//1516
f 2283//1527 2346//1529 2279//1530
f 2279//1530 2346//1529 2286//1587
f 2315//1608 2337//1543 1939//1470
f 1939//1470 2337//1543 2347//1494
f 2307//1552 2348//1554 2305//1549
f 2305//1549 2348//1554 2339//1592
