# Blender 5.1.2
# www.blender.org
mtllib obj_25.mtl
o obj_25
v 0.029230 0.029706 0.021291
v 0.030599 0.029317 0.021111
v 0.031814 0.028324 0.021113
v 0.032661 0.026278 0.021270
v 0.029197 0.029487 0.021718
v 0.029169 0.029145 0.022106
v 0.032090 0.026160 0.022111
v 0.032344 0.027289 0.021364
v 0.031806 0.027386 0.022021
v 0.031671 0.028168 0.021609
v 0.030523 0.029120 0.021610
v 0.030298 0.028667 0.022202
v 0.031658 0.026367 0.022391
v 0.031075 0.026696 0.022573
v 0.032430 0.026200 0.021730
v 0.029144 0.028718 0.022391
v 0.031147 0.027928 0.022236
v 0.031668 -0.026194 0.022391
v 0.032436 -0.026247 0.021719
v 0.032095 -0.026219 0.022106
v 0.032654 -0.026299 0.021284
v 0.031076 -0.026617 0.022569
v 0.029639 -0.028130 0.022573
v 0.029223 -0.029712 0.021271
v 0.030425 -0.029290 0.021437
v 0.031274 -0.028864 0.021114
v 0.031856 -0.028119 0.021423
v 0.031618 -0.027348 0.022202
v 0.029303 -0.028700 0.022398
v 0.030336 -0.028856 0.022021
v 0.029139 -0.029479 0.021735
v 0.029102 -0.029134 0.022118
v 0.032359 -0.027254 0.021365
v 0.030878 -0.028197 0.022236
v -0.042530 -0.029706 0.021291
v -0.042497 -0.029487 0.021718
v -0.042389 -0.028164 0.022577
v -0.044366 -0.026560 0.022575
v -0.044958 -0.026367 0.022391
v -0.045390 -0.026160 0.022111
v -0.045729 -0.026200 0.021730
v -0.045645 -0.027288 0.021365
v -0.045961 -0.026278 0.021270
v -0.045112 -0.028328 0.021111
v -0.042444 -0.028718 0.022391
v -0.045105 -0.027386 0.022021
v -0.043764 -0.029003 0.021832
v -0.042469 -0.029145 0.022106
v -0.043896 -0.029319 0.021111
v -0.043475 -0.028187 0.022476
v -0.044970 -0.028169 0.021609
v -0.044447 -0.027928 0.022236
v -0.044403 0.026557 0.022570
v -0.044968 0.026194 0.022391
v -0.045736 0.026247 0.021719
v -0.042940 0.028134 0.022572
v -0.042602 0.028700 0.022398
v -0.042402 0.029134 0.022118
v -0.043923 0.029304 0.021111
v -0.044918 0.027348 0.022202
v -0.043723 0.029023 0.021833
v -0.044178 0.028197 0.022236
v -0.042439 0.029479 0.021735
v -0.042523 0.029712 0.021271
v -0.044810 0.028535 0.021363
v -0.045569 0.027646 0.021108
v -0.045395 0.026219 0.022106
v -0.045954 0.026298 0.021284
v -0.045372 0.027569 0.021609
v 0.029513 0.028146 0.022571
v -0.045830 0.028964 0.015599
v -0.043055 0.030684 0.015527
v -0.046573 0.027813 0.015616
v -0.044861 0.029863 0.015654
v 0.030765 0.030322 0.015616
v 0.033644 0.026778 0.015495
v 0.031913 0.029580 0.015599
v 0.024598 -0.026412 0.022599
v -0.038999 -0.026001 0.022599
v -0.039959 -0.025060 0.022599
v -0.040371 0.023940 0.022599
v -0.039948 0.025053 0.022599
v -0.037898 0.026412 0.022599
v 0.025699 0.026001 0.022599
v 0.026662 0.025056 0.022599
v 0.027072 -0.023935 0.022599
v 0.026651 -0.025049 0.022599
v 0.033683 -0.026297 0.015571
v 0.033273 -0.027814 0.015616
v 0.029754 -0.030684 0.015527
v 0.032530 -0.028964 0.015599
v 0.031558 -0.029865 0.015655
v -0.042611 -0.030716 0.015634
v -0.046112 -0.028613 0.015655
v -0.046932 -0.026807 0.015527
v 0.033061 -0.028271 0.001149
v 0.033688 -0.026309 0.001149
v -0.043060 -0.030683 0.001149
v 0.029353 -0.030712 0.001149
v -0.044062 -0.030323 0.015616
v -0.045213 -0.029580 0.015599
v -0.045330 -0.029543 0.001149
v -0.046965 0.026359 0.015634
v 0.024585 0.026422 0.022599
v 0.024598 0.026412 0.012499
v 0.025706 0.026012 0.012499
v 0.026651 0.025049 0.012499
v 0.027062 0.023948 0.022599
v -0.037898 -0.026412 0.012499
v -0.039948 -0.025053 0.012499
v -0.040371 -0.023940 0.012499
v -0.040361 0.023953 0.012499
v -0.037970 0.024883 0.012499
v -0.038558 0.000500 0.012499
v 0.026100 0.000500 0.012499
v 0.027072 0.023935 0.012499
v 0.026042 0.024327 0.012499
v 0.025699 -0.026001 0.012499
v 0.024585 -0.026422 0.012499
v 0.025218 -0.024283 0.012499
v 0.026662 -0.025056 0.012499
v 0.024749 -0.024860 0.012499
v -0.039959 0.025060 0.012499
v -0.038999 0.026001 0.012499
v -0.037885 0.026422 0.012499
v 0.025578 0.024873 0.012499
v -0.039006 0.026012 0.022599
v -0.037885 -0.026422 0.022599
v -0.039006 -0.026012 0.012499
v -0.040361 -0.023953 0.022599
v 0.027062 -0.023948 0.012499
v 0.025706 -0.026012 0.022599
v -0.038877 -0.024874 0.012499
v -0.036571 -0.024905 0.029633
v -0.039362 -0.024262 0.012499
v -0.037053 -0.024520 0.029743
v 0.026196 -0.024568 0.021653
v 0.025605 -0.024921 0.021892
v 0.025573 -0.024735 0.022293
v -0.036481 -0.024645 0.030139
v -0.036342 -0.024451 0.030278
v -0.036375 -0.024133 0.030393
v 0.025627 -0.024421 0.022539
v 0.026125 -0.024122 0.022373
v 0.025882 -0.024580 0.022309
v 0.025964 -0.024780 0.021847
v 0.026305 -0.024245 0.022061
v 0.026392 -0.024143 0.021760
v 0.025714 -0.024171 0.022622
v -0.036459 -0.024814 0.029922
v -0.036995 -0.024111 0.030104
v -0.037216 -0.024154 0.029731
v -0.036682 -0.024118 0.030311
v -0.039399 -0.000500 0.012499
v -0.036510 -0.000500 0.030390
v -0.037120 -0.000500 0.029985
v -0.038518 0.024284 0.012499
v -0.039691 0.024150 0.021767
v -0.038974 0.024514 0.022482
v -0.038905 0.024921 0.021892
v 0.023019 0.024741 0.030033
v 0.023053 0.024451 0.030275
v -0.039326 0.024155 0.022449
v -0.039257 0.024774 0.021962
v -0.039499 0.024572 0.021881
v -0.039587 0.024103 0.022148
v -0.038861 0.024813 0.022165
v -0.039015 0.024148 0.022624
v 0.023062 0.024161 0.030392
v 0.023385 0.024120 0.030309
v 0.023695 0.024113 0.030102
v 0.023732 0.024536 0.029756
v 0.023916 0.024155 0.029732
v 0.023272 0.024905 0.029633
v 0.023366 0.024654 0.030025
v 0.023224 0.000500 0.030386
v 0.023696 0.000500 0.030106
v 0.023916 0.000500 0.029746
v -0.039038 0.000500 0.022624
v 0.026100 0.000000 0.022393
v 0.026100 -0.000500 0.019220
v 0.025738 -0.000500 0.022624
v 0.026082 -0.000500 0.022422
v -0.039409 0.000500 0.022399
v -0.039667 0.000500 0.021970
v -0.039698 0.000000 0.021778
v 0.026100 0.000000 0.019220
v 0.025258 -0.000500 0.012499
v 0.026379 0.000000 0.021951
v -0.039692 0.000500 0.021555
v 0.033700 0.015750 0.000399
v 0.033700 -0.015750 0.000399
v 0.028397 -0.029709 0.001149
v 0.028281 -0.029725 0.000399
v 0.031192 -0.028352 0.000399
v 0.032212 -0.026943 0.000399
v 0.032278 -0.026801 0.001149
v 0.031302 -0.028242 0.001149
v 0.032675 -0.025331 0.001149
v 0.032659 0.025447 0.001149
v 0.032278 0.026801 0.000399
v 0.031192 0.028352 0.001149
v 0.029893 0.029262 0.000399
v 0.028281 0.029725 0.001149
v -0.041697 0.029709 0.001149
v -0.041964 0.029692 0.000399
v -0.043191 0.029263 0.001149
v -0.045513 0.026941 0.000399
v -0.045974 0.025329 0.001149
v -0.045958 0.025446 0.000399
v -0.044159 0.028687 0.000399
v -0.044604 0.028240 0.001149
v -0.045958 -0.025446 0.001149
v -0.045579 -0.026800 0.000399
v -0.045513 -0.026941 0.001149
v -0.044604 -0.028240 0.000399
v -0.041697 -0.029709 0.000399
v -0.041964 -0.029692 0.001149
v -0.044159 -0.028687 0.001149
v -0.046579 -0.027800 0.001149
v -0.046961 -0.026402 0.001149
v -0.045579 0.026800 0.001149
v -0.045796 0.029077 0.001149
v -0.042653 0.030712 0.001149
v 0.029759 0.030683 0.001149
v 0.029893 -0.029262 0.001149
v 0.030753 -0.030328 0.001149
v 0.031913 -0.029580 0.001149
v 0.033700 -0.015749 0.001149
v 0.032212 0.026943 0.001149
v 0.033278 0.027801 0.001149
v 0.029751 0.029328 0.001149
v 0.032029 0.029544 0.001149
v 0.029311 0.030716 0.015634
v 0.032812 0.028613 0.015655
v 0.033689 0.026249 0.001149
v 0.033700 0.014133 0.003066
v 0.033700 -0.014091 0.003077
v 0.033700 0.014922 0.002739
v 0.033700 0.015578 0.001946
v -0.046932 0.026812 0.001149
v -0.044049 0.030329 0.001149
v 0.033673 -0.026375 0.000399
v 0.033411 -0.027389 -0.026727
v 0.031913 -0.029565 -0.026725
v 0.033214 -0.027940 0.000399
v 0.031936 -0.029610 0.000399
v 0.030377 -0.030447 -0.026726
v 0.029752 -0.030685 0.000399
v 0.029276 -0.030705 -0.026816
v -0.046983 0.026323 0.000399
v -0.046978 0.025819 -0.026778
v -0.046973 -0.017500 -0.026789
v -0.046999 -0.001119 -0.019590
v -0.046999 -0.017500 -0.021600
v -0.046999 -0.007392 -0.016602
v -0.046999 -0.008982 -0.014618
v -0.046999 -0.022500 -0.021600
v -0.046999 -0.010550 0.000399
v 0.047982 -0.000363 -0.007948
v 0.047973 -0.001386 -0.008757
v 0.047975 -0.001234 -0.010293
v 0.047992 0.000537 -0.010757
v 0.047589 -0.001280 -0.008120
v 0.047589 -0.001748 -0.008931
v 0.047943 -0.001557 -0.009578
v 0.047590 -0.000906 -0.007832
v 0.047589 -0.001568 -0.008495
v 0.047974 -0.000511 -0.010823
v 0.047589 -0.001810 -0.009400
v 0.047589 -0.001749 -0.009869
v 0.047589 -0.001568 -0.010306
v 0.047902 0.000195 -0.011005
v 0.047590 -0.001281 -0.010679
v 0.047591 -0.000469 -0.011149
v 0.047572 0.000674 -0.011096
v 0.047873 0.000952 -0.010759
v 0.047590 -0.000000 -0.011211
v 0.047656 0.001563 -0.010306
v 0.047973 0.001424 -0.009914
v 0.047591 0.001280 -0.010680
v 0.047589 0.001748 -0.009870
v 0.047983 0.001448 -0.008989
v 0.047656 0.001807 -0.009403
v 0.047589 0.001749 -0.008932
v 0.047902 0.000996 -0.008127
v 0.047656 0.001566 -0.008499
v 0.047977 0.000264 -0.007899
v 0.047591 0.000469 -0.007652
v 0.047902 -0.000971 -0.008108
v 0.047590 0.000906 -0.007833
v 0.047590 0.000001 -0.007590
v 0.047591 -0.000468 -0.007652
v 0.047657 -0.000906 -0.010963
v 0.047589 0.001281 -0.008121
v 0.045999 -0.000580 -0.008097
v 0.045999 -0.001152 -0.008559
v 0.045999 -0.000986 -0.010459
v 0.045999 -0.000152 -0.010819
v 0.045999 0.000765 -0.010628
v 0.045999 0.001331 -0.009913
v 0.045999 0.001410 -0.009180
v 0.045999 0.000987 -0.008343
v 0.045999 -0.001445 -0.009449
v 0.045988 -0.001470 -0.011554
v 0.045983 0.000732 -0.011914
v 0.045989 0.002592 -0.009882
v 0.045988 0.001474 -0.007247
v 0.045999 0.000149 -0.007982
v 0.043209 -0.001470 -0.007254
v 0.043283 -0.002439 -0.007853
v 0.043737 -0.002832 -0.007367
v 0.044413 -0.003729 -0.009010
v 0.044413 -0.003728 -0.009794
v 0.045095 -0.003401 -0.010828
v 0.044969 -0.003720 -0.009394
v 0.045464 -0.003484 -0.009382
v 0.043741 -0.002047 -0.006598
v 0.043383 -0.001554 -0.006765
v 0.043477 -0.003056 -0.008432
v 0.044414 -0.003565 -0.010561
v 0.045617 -0.003045 -0.010827
v 0.045464 -0.002346 -0.011976
v 0.045816 -0.001554 -0.012036
v 0.045901 -0.000370 -0.012287
v 0.044969 -0.002494 -0.012161
v 0.045463 0.003176 -0.010835
v 0.044600 0.003274 -0.011292
v 0.043294 0.002902 -0.009334
v 0.043738 0.003177 -0.007965
v 0.043737 0.002316 -0.006796
v 0.044600 0.001537 -0.005946
v 0.044968 0.000395 -0.005701
v 0.045462 0.000382 -0.005936
v 0.045967 -0.000776 -0.006718
v 0.045979 -0.002526 -0.008335
v 0.045917 0.000272 -0.006528
v 0.045464 0.001760 -0.006392
v 0.043740 0.003450 -0.009027
v 0.043740 -0.003450 -0.009774
v 0.044416 -0.003247 -0.011276
v 0.043208 -0.002584 -0.009882
v 0.043737 -0.002320 -0.012002
v 0.044412 -0.002202 -0.012435
v 0.044411 -0.001523 -0.012826
v 0.045463 0.001062 -0.012720
v 0.045917 0.002222 -0.011242
v 0.045823 0.001216 -0.012226
v 0.045462 -0.000382 -0.012865
v 0.044970 -0.001157 -0.012937
v 0.044416 -0.002786 -0.011910
v 0.043738 -0.003177 -0.010836
v 0.043376 -0.003054 -0.009764
v 0.044412 -0.000778 -0.013068
v 0.044970 0.000382 -0.013101
v 0.043296 -0.002135 -0.011410
v 0.044412 0.000002 -0.013149
v 0.044600 0.001538 -0.012854
v 0.043233 -0.000766 -0.012073
v 0.043299 0.000369 -0.012289
v 0.043741 0.001421 -0.012567
v 0.044413 0.002206 -0.012432
v 0.045464 0.002319 -0.012001
v 0.044416 0.002787 -0.011909
v 0.043383 0.001552 -0.012037
v 0.043737 0.002347 -0.011977
v 0.043209 0.001469 -0.011548
v 0.043583 0.003046 -0.010828
v 0.043283 0.002438 -0.010948
v 0.043198 0.002393 -0.008715
v 0.043296 0.002510 -0.007884
v 0.044413 0.002202 -0.006366
v 0.044415 0.000780 -0.005733
v 0.045823 -0.002259 -0.007313
v 0.044412 -0.000003 -0.005651
v 0.045906 -0.002900 -0.009334
v 0.045917 -0.002437 -0.010948
v 0.043383 0.001506 -0.006737
v 0.043582 0.001102 -0.006223
v 0.045463 -0.001060 -0.006081
v 0.045464 -0.002315 -0.006797
v 0.043210 0.001129 -0.007049
v 0.044969 -0.002484 -0.006631
v 0.044412 -0.001527 -0.005977
v 0.043283 -0.000271 -0.006527
v 0.043737 -0.001095 -0.006091
v 0.045904 0.002569 -0.007990
v 0.045463 0.002831 -0.007368
v 0.044969 0.003640 -0.008633
v 0.044413 0.003729 -0.009790
v 0.043775 0.003450 -0.010056
v 0.045464 0.003412 -0.008696
v 0.044970 0.003638 -0.010179
v 0.044414 0.003566 -0.010557
v 0.045460 0.003449 -0.009774
v 0.045823 0.003054 -0.009764
v 0.044413 0.003565 -0.008239
v 0.043738 0.000382 -0.012866
v 0.043737 -0.001062 -0.012721
v 0.044412 0.000782 -0.013067
v 0.044415 -0.003248 -0.007526
v 0.044412 -0.003566 -0.008244
v 0.043776 0.000292 -0.005900
v 0.044968 -0.001144 -0.005860
v 0.044415 -0.000780 -0.005733
v 0.045463 -0.003176 -0.007966
v 0.045816 0.001553 -0.006764
v 0.044413 -0.002205 -0.006369
v 0.044416 -0.002787 -0.006892
v 0.044969 -0.003396 -0.007881
v 0.043774 -0.003450 -0.008746
v 0.045460 -0.001420 -0.012565
v 0.044969 0.002484 -0.012170
v 0.044413 0.003728 -0.009006
v 0.044600 0.003274 -0.007509
v 0.044416 0.002786 -0.006891
v 0.044969 0.002493 -0.006639
v 0.043188 0.004837 -0.007043
v 0.043186 -0.002157 -0.004446
v 0.043180 -0.004579 -0.006444
v 0.043182 -0.005005 -0.011361
v 0.043162 -0.001481 -0.014755
v 0.043174 -0.000111 -0.014832
v 0.043189 0.003740 -0.013258
v 0.043182 0.004932 -0.011539
v 0.043174 0.005431 -0.009514
v 0.040434 -0.001474 -0.004050
v 0.040584 -0.003071 -0.004466
v 0.041616 -0.005259 -0.005581
v 0.042662 -0.006215 -0.008883
v 0.042340 -0.006088 -0.007415
v 0.040480 -0.004244 -0.005695
v 0.042167 -0.006450 -0.008881
v 0.041613 -0.006025 -0.006911
v 0.042663 -0.005770 -0.011763
v 0.043176 -0.003914 -0.013159
v 0.040938 -0.005771 -0.007037
v 0.042514 -0.006265 -0.010369
v 0.042165 -0.005980 -0.011874
v 0.040939 -0.006220 -0.008931
v 0.041615 -0.006419 -0.010420
v 0.042340 -0.005185 -0.013159
v 0.042923 -0.004569 -0.013248
v 0.040976 -0.006067 -0.010955
v 0.041617 -0.006182 -0.011408
v 0.041612 -0.005554 -0.012813
v 0.042295 -0.004261 -0.014228
v 0.040408 -0.004830 -0.007046
v 0.040445 -0.005557 -0.009193
v 0.040637 -0.005706 -0.011073
v 0.042949 -0.002965 -0.014539
v 0.042660 -0.003667 -0.014422
v 0.042342 -0.002914 -0.015102
v 0.042661 -0.001481 -0.015459
v 0.043019 0.005835 -0.009453
v 0.042166 0.006451 -0.008895
v 0.041616 0.006500 -0.009399
v 0.040976 0.006251 -0.009797
v 0.040637 0.005943 -0.009572
v 0.040423 0.005423 -0.009291
v 0.040494 0.005192 -0.007158
v 0.042167 0.001520 -0.003111
v 0.041613 0.001520 -0.003061
v 0.043152 0.000099 -0.003896
v 0.040939 0.004729 -0.005331
v 0.041615 0.004231 -0.004440
v 0.040938 -0.005304 -0.012683
v 0.041616 -0.003405 -0.014960
v 0.040414 -0.004918 -0.011541
v 0.040584 -0.004395 -0.013204
v 0.041613 -0.001520 -0.015740
v 0.042168 0.000495 -0.015852
v 0.042661 0.000463 -0.015620
v 0.042514 0.001938 -0.015437
v 0.042951 0.002897 -0.014574
v 0.043154 0.002409 -0.014345
v 0.042168 -0.001522 -0.015689
v 0.040942 -0.004391 -0.013808
v 0.040408 -0.003733 -0.013255
v 0.040479 -0.002711 -0.014340
v 0.040637 -0.001100 -0.015243
v 0.040977 -0.001367 -0.015513
v 0.040939 0.000511 -0.015617
v 0.041612 0.000513 -0.015899
v 0.041614 0.002012 -0.015581
v 0.042342 0.004162 -0.014291
v 0.042795 0.003946 -0.014055
v 0.042950 0.005537 -0.011526
v 0.043015 0.004395 -0.013204
v 0.041618 0.002951 -0.015192
v 0.042662 0.005303 -0.012682
v 0.041616 0.004236 -0.014356
v 0.040939 0.002411 -0.015154
v 0.040443 0.004234 -0.012999
v 0.042293 0.006237 -0.011001
v 0.041615 0.006420 -0.010414
v 0.042662 0.006215 -0.009918
v 0.042166 0.005514 -0.012787
v 0.041613 0.006025 -0.011890
v 0.040938 0.005771 -0.011764
v 0.040435 0.005163 -0.011402
v 0.040937 0.003234 -0.004068
v 0.041800 0.000000 -0.002870
v 0.040584 0.004395 -0.005597
v 0.042166 -0.001506 -0.003107
v 0.042658 -0.001911 -0.003481
v 0.042663 -0.003233 -0.004069
v 0.040410 0.004114 -0.005967
v 0.040677 0.001809 -0.003727
v 0.040977 0.001367 -0.003288
v 0.040410 0.002153 -0.004455
v 0.041615 -0.001018 -0.002982
v 0.041614 -0.002011 -0.003220
v 0.042166 -0.003372 -0.003878
v 0.040483 0.000175 -0.003762
v 0.040942 -0.000013 -0.003179
v 0.040939 -0.001480 -0.003341
v 0.042951 -0.004350 -0.005373
v 0.041616 -0.004237 -0.004445
v 0.042341 -0.004523 -0.004867
v 0.042662 -0.005303 -0.006119
v 0.042950 -0.005537 -0.007275
v 0.043151 -0.005548 -0.008951
v 0.043162 0.001481 -0.004046
v 0.042343 0.004893 -0.005241
v 0.041612 0.005788 -0.006446
v 0.040942 0.006143 -0.008416
v 0.041617 0.006182 -0.007393
v 0.042923 0.004569 -0.005553
v 0.042165 0.005980 -0.006927
v 0.041615 0.006419 -0.008381
v 0.043127 0.003485 -0.004951
v 0.043015 0.005383 -0.007207
v 0.042663 0.005770 -0.007038
v 0.042659 0.006145 -0.008440
v 0.042661 0.001480 -0.003342
v 0.042663 0.003276 -0.004094
v 0.042166 0.003385 -0.003886
v 0.040938 0.005753 -0.006992
v 0.040422 0.000115 -0.014823
v 0.040432 0.001468 -0.014748
v 0.040940 -0.002837 -0.003865
v 0.042661 -0.000463 -0.003181
v 0.043019 -0.000864 -0.003630
v 0.043015 -0.003008 -0.004427
v 0.041614 -0.002953 -0.003611
v 0.040938 -0.004072 -0.004675
v 0.040941 -0.005040 -0.005754
v 0.042166 -0.005514 -0.006014
v 0.040584 -0.005383 -0.007207
v 0.041615 -0.006420 -0.008387
v 0.041616 -0.006500 -0.009401
v 0.043019 -0.005565 -0.011153
v 0.041617 -0.004595 -0.013998
v 0.040937 -0.003234 -0.014733
v 0.043019 0.000864 -0.015171
v 0.040584 0.003071 -0.014335
v 0.040938 0.004072 -0.014126
v 0.041616 0.005259 -0.013220
v 0.042341 0.002900 -0.015110
v 0.040941 0.005040 -0.013047
v 0.041616 0.005258 -0.005580
v 0.040584 0.003008 -0.004427
v 0.041614 0.002948 -0.003608
v 0.040390 0.002856 -0.002295
v 0.040389 0.005607 -0.004236
v 0.040389 -0.001890 -0.002009
v 0.040386 -0.006377 -0.005237
v 0.040384 -0.007651 -0.009688
v 0.040384 -0.006808 -0.012900
v 0.040383 0.000924 -0.016999
v 0.040386 0.005069 -0.015083
v 0.040386 0.007617 -0.009391
v 0.037600 -0.001057 -0.002067
v 0.037784 -0.002739 -0.001816
v 0.038458 -0.006331 -0.003501
v 0.039714 -0.008084 -0.006498
v 0.039861 -0.008404 -0.008217
v 0.038868 -0.006881 -0.003960
v 0.037670 -0.001206 -0.001650
v 0.037600 -0.003639 -0.002993
v 0.039862 -0.008411 -0.010528
v 0.037658 -0.004565 -0.003020
v 0.037848 -0.005784 -0.003617
v 0.038814 -0.008245 -0.006472
v 0.038815 -0.008567 -0.007621
v 0.039365 -0.008639 -0.008207
v 0.040215 0.007751 -0.011620
v 0.039493 0.007922 -0.012970
v 0.038869 0.008098 -0.012776
v 0.038458 0.007687 -0.013374
v 0.037693 0.007921 -0.009843
v 0.039541 0.006331 -0.003501
v 0.040219 0.003281 -0.002007
v 0.040151 0.005783 -0.003617
v 0.039366 0.007458 -0.004880
v 0.038138 0.008404 -0.008217
v 0.038137 -0.007266 -0.005016
v 0.037678 -0.006584 -0.005108
v 0.039714 -0.008103 -0.012250
v 0.037600 -0.005314 -0.004296
v 0.038138 -0.008411 -0.008272
v 0.038812 -0.008729 -0.008807
v 0.039862 -0.007266 -0.013785
v 0.040215 -0.007414 -0.012569
v 0.040385 -0.004452 -0.015685
v 0.038812 -0.008728 -0.010002
v 0.039366 -0.008641 -0.010577
v 0.040150 -0.006230 -0.014702
v 0.037784 -0.007994 -0.008349
v 0.038815 -0.008566 -0.011182
v 0.038814 -0.008244 -0.012333
v 0.040219 -0.004257 -0.016278
v 0.037600 -0.007240 -0.008032
v 0.037683 -0.007372 -0.006563
v 0.039366 -0.007458 -0.013921
v 0.038137 -0.008404 -0.010583
v 0.038140 -0.007976 -0.012250
v 0.038813 -0.007146 -0.014448
v 0.039541 -0.006331 -0.015300
v 0.037600 -0.007329 -0.010155
v 0.038868 -0.005896 -0.015897
v 0.039365 -0.005035 -0.016522
v 0.039862 -0.004919 -0.016316
v 0.040305 -0.001718 -0.017117
v 0.037668 -0.007809 -0.010082
v 0.038137 -0.007237 -0.013833
v 0.038458 -0.006318 -0.015314
v 0.037683 -0.006779 -0.013438
v 0.039184 -0.003486 -0.017425
v 0.039862 -0.002871 -0.017386
v 0.039861 -0.001171 -0.017787
v 0.040215 0.000506 -0.017447
v 0.037878 -0.005975 -0.015027
v 0.038137 -0.004872 -0.016349
v 0.039000 -0.002370 -0.017856
v 0.039366 -0.000604 -0.018101
v 0.039862 0.000554 -0.017869
v 0.037600 -0.005262 -0.014602
v 0.038139 -0.002270 -0.017559
v 0.038137 -0.000554 -0.017869
v 0.039366 0.001765 -0.017942
v 0.040150 0.002913 -0.017046
v 0.040315 0.004286 -0.016039
v 0.037666 -0.004428 -0.015903
v 0.037600 -0.003093 -0.016088
v 0.037849 -0.002913 -0.017046
v 0.038813 0.001194 -0.018068
v 0.039540 0.003440 -0.017341
v 0.039862 0.004872 -0.016349
v 0.037679 -0.000617 -0.017259
v 0.038138 0.001171 -0.017787
v 0.038814 0.002363 -0.017825
v 0.039367 0.005022 -0.016531
v 0.040150 0.007083 -0.013495
v 0.037600 -0.001055 -0.016693
v 0.038815 0.003486 -0.017425
v 0.040016 0.006551 -0.014601
v 0.038137 0.002871 -0.017386
v 0.038810 0.004551 -0.016872
v 0.038814 0.005523 -0.016186
v 0.038137 0.004919 -0.016316
v 0.039494 0.006661 -0.014980
v 0.038868 0.006883 -0.014840
v 0.037694 0.001718 -0.017117
v 0.037678 0.003404 -0.016483
v 0.037600 0.003093 -0.016088
v 0.037849 0.006230 -0.014702
v 0.037682 0.004825 -0.015653
v 0.038140 0.006928 -0.014272
v 0.037849 0.007429 -0.012828
v 0.037600 0.005262 -0.014602
v 0.037648 0.006946 -0.012861
v 0.037600 0.007329 -0.010155
v 0.038137 0.007237 -0.004968
v 0.038813 0.007767 -0.005372
v 0.038813 0.007146 -0.004353
v 0.039859 0.005359 -0.002842
v 0.039861 0.003926 -0.001876
v 0.037600 0.007240 -0.008032
v 0.038458 0.006318 -0.003487
v 0.037694 0.007583 -0.007168
v 0.038868 0.005896 -0.002904
v 0.039365 0.005035 -0.002279
v 0.040329 0.001206 -0.001650
v 0.038138 0.004873 -0.002452
v 0.039862 0.001752 -0.001097
v 0.040215 -0.000506 -0.001354
v 0.037600 0.006549 -0.006025
v 0.037694 0.006697 -0.005199
v 0.038815 0.003485 -0.001375
v 0.038814 0.002359 -0.000975
v 0.039366 0.000604 -0.000700
v 0.037849 0.005718 -0.003549
v 0.039862 -0.000554 -0.000932
v 0.039862 -0.002819 -0.001396
v 0.040215 -0.002656 -0.001788
v 0.037600 0.005319 -0.004300
v 0.037659 0.004330 -0.002861
v 0.038812 0.001189 -0.000732
v 0.038811 -0.000004 -0.000652
v 0.038999 -0.001197 -0.000701
v 0.040340 -0.004330 -0.002861
v 0.040150 -0.005718 -0.003549
v 0.037600 0.003639 -0.002993
v 0.037682 0.002323 -0.001853
v 0.038137 0.000554 -0.000932
v 0.039366 -0.005021 -0.002269
v 0.040215 -0.006863 -0.005169
v 0.037600 0.001668 -0.002224
v 0.039861 -0.004873 -0.002452
v 0.039862 -0.007237 -0.004968
v 0.040305 -0.007583 -0.007168
v 0.038138 -0.003926 -0.001876
v 0.038813 -0.004549 -0.001927
v 0.038814 -0.005524 -0.002615
v 0.039862 0.007266 -0.005016
v 0.038814 0.008244 -0.006468
v 0.038815 0.008566 -0.007619
v 0.038137 0.008411 -0.010528
v 0.039714 0.008103 -0.006551
v 0.038812 0.008728 -0.008799
v 0.038140 0.007985 -0.012223
v 0.040321 0.006584 -0.005108
v 0.039861 0.008411 -0.008272
v 0.038812 0.008729 -0.009994
v 0.039365 0.008639 -0.010594
v 0.038815 0.008567 -0.011180
v 0.040219 0.008073 -0.008914
v 0.039862 0.008404 -0.010583
v 0.039858 0.007975 -0.012251
v 0.040371 0.007033 -0.012617
v 0.038811 0.000004 -0.018149
v 0.038812 -0.001189 -0.018069
v 0.039860 0.002270 -0.017559
v 0.038137 -0.001752 -0.001097
v 0.039366 -0.007450 -0.004866
v 0.038814 -0.002363 -0.000976
v 0.037784 0.000506 -0.001354
v 0.038815 -0.003487 -0.001376
v 0.039366 -0.002911 -0.001180
v 0.038140 -0.005359 -0.002842
v 0.039541 -0.006318 -0.003487
v 0.038813 -0.007770 -0.005379
v 0.038141 -0.007986 -0.006578
v 0.040219 -0.008073 -0.009887
v 0.037784 -0.007751 -0.011620
v 0.038813 -0.007767 -0.013429
v 0.038459 -0.003440 -0.017341
v 0.038810 -0.004541 -0.016879
v 0.038458 0.006331 -0.015300
v 0.039366 0.008641 -0.008224
v 0.038140 0.007975 -0.006551
v 0.040316 0.007372 -0.006563
v 0.038813 0.004543 -0.001923
v 0.038137 0.002819 -0.001396
v 0.039365 0.002927 -0.001185
v 0.036200 0.001685 -0.000794
v 0.036200 0.005961 -0.002966
v 0.036200 0.008454 -0.007064
v 0.037600 0.006779 -0.012302
v 0.036200 -0.001207 -0.000692
v 0.036200 -0.003972 -0.001581
v 0.036200 -0.005961 -0.002966
v 0.037600 -0.006549 -0.006023
v 0.036200 -0.007495 -0.004845
v 0.036200 -0.008770 -0.009467
v 0.037600 -0.006779 -0.012302
v 0.036200 -0.006524 -0.015313
v 0.036200 -0.001810 -0.017983
v 0.036200 0.000611 -0.018150
v 0.036200 0.002978 -0.017650
v 0.036200 -0.008454 -0.007064
v 0.036200 -0.008288 -0.012338
v 0.036200 -0.004084 -0.017162
v 0.037600 0.001055 -0.016693
v 0.036200 0.007495 -0.004846
v 0.036200 0.003972 -0.001581
v -0.046040 -0.017500 -0.026346
v -0.045437 -0.022500 -0.026860
v -0.046035 -0.022500 -0.026330
v -0.045388 -0.017500 -0.026874
v 0.032209 0.017500 -0.026850
v 0.032769 0.017500 -0.026220
v 0.032763 0.022500 -0.026211
v 0.032800 0.022500 -0.021600
v 0.032800 0.017500 -0.021600
v 0.029137 -0.030168 -0.027810
v 0.029189 -0.030485 -0.027390
v -0.042627 -0.030693 -0.026828
v -0.042515 -0.030473 -0.027399
v -0.042483 -0.030155 -0.027814
v -0.042375 -0.029265 -0.028331
v -0.042452 -0.029740 -0.028133
v -0.044633 -0.029152 -0.027937
v -0.043591 -0.029215 -0.028242
v -0.045952 -0.028377 -0.027408
v -0.046949 -0.026389 -0.026746
v -0.046180 -0.026418 -0.028014
v -0.046693 -0.026659 -0.027372
v -0.046061 -0.027522 -0.027816
v -0.043974 -0.029909 -0.027639
v -0.045485 -0.028193 -0.027989
v -0.045346 -0.027052 -0.028339
v -0.042881 -0.028762 -0.028396
v -0.044495 -0.030068 -0.026744
v -0.043677 -0.030447 -0.026727
v -0.045227 -0.029553 -0.026737
v -0.045854 -0.028917 -0.026734
v -0.046719 -0.027364 -0.026738
v -0.046358 -0.028176 -0.026737
v -0.045113 -0.029313 -0.027400
v -0.046962 -0.022500 -0.026819
v -0.046567 -0.022500 -0.027666
v -0.045725 -0.022500 -0.028280
v 0.024958 -0.029151 -0.028367
v 0.032117 0.005000 -0.028363
v 0.031502 0.017500 -0.028407
v 0.032779 0.017500 -0.028134
v 0.032914 0.005000 -0.028009
v 0.033432 0.005000 -0.027400
v 0.033668 -0.026270 -0.026774
v 0.032938 -0.005000 -0.027991
v 0.033656 0.017500 -0.026912
v 0.033432 -0.005000 -0.027400
v 0.033124 -0.026070 -0.027811
v 0.032658 -0.026397 -0.028145
v 0.032102 -0.005000 -0.028370
v 0.032101 -0.022006 -0.028365
v 0.031895 -0.028353 -0.028066
v 0.032086 -0.028900 -0.027615
v 0.032963 -0.027530 -0.027624
v 0.030740 -0.029881 -0.027644
v 0.030182 -0.029259 -0.028261
v 0.033441 -0.026150 -0.027381
v 0.033046 -0.028196 -0.026730
v 0.032544 -0.028928 -0.026728
v 0.031181 -0.030077 -0.026725
v 0.029122 -0.029741 -0.028136
v 0.032210 -0.027210 -0.028266
v -0.044802 -0.022500 -0.028403
v -0.044188 -0.030265 0.000399
v -0.045862 -0.028985 0.000399
v -0.046956 -0.026737 0.000399
v -0.042625 -0.030723 0.000399
v -0.045033 -0.026650 -0.028396
v -0.043999 -0.005000 -0.028400
v -0.044085 -0.026218 -0.028400
v 0.030700 -0.005000 -0.028400
v 0.030740 -0.020153 -0.028400
v 0.033618 0.022500 -0.027079
v 0.033644 0.026431 -0.026781
v 0.033700 0.017500 -0.021600
v 0.033700 -0.015669 -0.020576
v 0.029313 0.030697 -0.026827
v 0.029255 0.029735 -0.028134
v 0.029948 0.029078 -0.028357
v -0.037883 0.028973 -0.028386
v -0.042567 0.030705 -0.026818
v 0.028980 0.030160 -0.027815
v 0.031932 0.026831 -0.028382
v 0.032683 0.026317 -0.028129
v 0.032176 0.027387 -0.028226
v 0.032139 0.028223 -0.027989
v 0.031606 0.028994 -0.027894
v 0.029380 0.030457 -0.027417
v 0.031123 0.029831 -0.027408
v 0.032403 0.028719 -0.027408
v 0.032898 0.027595 -0.027651
v 0.033098 0.026372 -0.027805
v 0.033415 0.026414 -0.027384
v 0.030690 0.029259 -0.028120
v 0.029333 0.028436 -0.028416
v 0.031098 0.030125 -0.026730
v 0.031832 0.029633 -0.026732
v 0.032483 0.029005 -0.026727
v 0.032998 0.028286 -0.026730
v 0.033379 0.027484 -0.026728
v 0.030225 0.029918 -0.027805
v 0.030283 0.030482 -0.026730
v 0.032888 0.022500 -0.028028
v 0.031563 0.022500 -0.028421
v -0.038901 0.029232 -0.028344
v -0.042285 0.030492 -0.027385
v -0.042566 0.029739 -0.028135
v -0.045813 -0.017500 -0.028244
v -0.046625 -0.017500 -0.027591
v -0.046731 -0.005000 -0.027400
v -0.046731 0.005000 -0.027400
v -0.046435 0.025819 -0.027807
v -0.046241 0.005000 -0.027989
v -0.045403 0.005000 -0.028370
v -0.045401 0.022007 -0.028365
v -0.046217 -0.005000 -0.028008
v -0.045418 -0.005000 -0.028363
v -0.045977 0.026228 -0.028141
v -0.045507 0.027236 -0.028265
v -0.046158 0.027991 -0.027443
v -0.046284 0.028306 -0.026751
v -0.045126 0.029638 -0.026758
v -0.044376 0.030135 -0.026761
v -0.045432 0.028489 -0.027853
v -0.043560 0.030488 -0.026762
v -0.046679 0.027483 -0.026726
v -0.046905 0.026654 -0.026725
v -0.043955 0.029215 -0.028155
v -0.044288 0.029534 -0.027823
v -0.045095 0.028530 -0.028045
v -0.042552 0.029250 -0.028329
v -0.046744 0.026304 -0.027364
v -0.046217 0.027140 -0.027808
v -0.045133 0.029315 -0.027408
v -0.045767 0.029020 -0.026757
v -0.043681 0.030187 -0.027409
v -0.042586 0.030168 -0.027807
v 0.032265 0.022500 -0.026826
v 0.029325 0.030723 0.000399
v 0.030891 0.030264 0.000399
v 0.032562 0.028984 0.000399
v 0.033648 0.026762 0.000399
v -0.046515 0.027938 0.000399
v -0.043053 0.030685 0.000399
v -0.043999 0.005000 -0.028400
v 0.029200 0.027750 -0.028400
v -0.005079 0.025441 -0.028400
v -0.004917 0.023941 -0.028400
v -0.003328 0.024059 -0.028400
v -0.006533 0.023057 -0.028400
v -0.003973 0.022581 -0.028400
v -0.008887 0.022997 -0.028400
v -0.007250 0.023374 -0.028400
v -0.006700 0.021560 -0.028400
v -0.007710 0.024006 -0.028400
v -0.007793 0.024783 -0.028400
v -0.006845 0.025960 -0.028400
v -0.009300 0.027750 -0.028400
v -0.005854 0.026016 -0.028400
v -0.003300 0.027750 -0.028400
v 0.030700 0.005000 -0.028400
v 0.030786 0.026218 -0.028400
v -0.044801 -0.017500 -0.028407
v -0.044799 -0.017500 -0.026900
v -0.042462 -0.027801 -0.028400
v -0.007521 -0.025441 -0.028400
v -0.007803 -0.024712 -0.028400
v -0.009233 -0.023730 -0.028400
v -0.007022 -0.023199 -0.028400
v -0.006067 -0.023057 -0.028400
v -0.005350 -0.023374 -0.028400
v -0.003714 -0.022995 -0.028400
v -0.005900 -0.021560 -0.028400
v -0.004642 -0.022029 -0.028400
v -0.004890 -0.024006 -0.028400
v -0.003300 -0.027750 -0.028400
v -0.003325 -0.024101 -0.028400
v -0.005122 -0.025497 -0.028400
v 0.023131 -0.027822 -0.028400
v -0.009300 -0.027750 -0.028400
v -0.043999 -0.005000 -0.027900
v -0.043999 -0.005000 -0.027400
v 0.033700 0.022500 -0.021600
v -0.046099 -0.017500 -0.021600
v -0.046099 -0.022500 -0.021600
v -0.044799 -0.022500 -0.026900
v 0.031500 0.022500 -0.026900
v 0.031500 0.017500 -0.026900
v 0.022904 0.019281 -0.027900
v 0.022994 0.019318 -0.022900
v 0.023694 0.020213 -0.022900
v 0.023624 0.020954 -0.027900
v 0.023532 0.021177 -0.022900
v 0.023127 0.021582 -0.027900
v 0.022904 0.021674 -0.022900
v 0.021268 0.021044 -0.027900
v 0.021231 0.020954 -0.022900
v 0.021297 0.019992 -0.022900
v 0.021942 0.019347 -0.027900
v 0.023672 0.020131 -0.027900
v 0.022163 0.021744 -0.027900
v 0.021322 0.019901 -0.027900
v 0.021851 0.019372 -0.022900
v 0.022081 0.021722 -0.022900
v -0.035533 -0.021782 -0.022900
v -0.035630 -0.021795 -0.027900
v -0.034531 -0.020954 -0.022900
v -0.034597 -0.019992 -0.022900
v -0.035151 -0.019372 -0.022900
v -0.036124 -0.019279 -0.022900
v -0.037002 -0.020633 -0.027900
v -0.034568 -0.021044 -0.027900
v -0.034622 -0.019901 -0.027900
v -0.035242 -0.019347 -0.027900
v -0.036042 -0.019257 -0.027900
v -0.036834 -0.019826 -0.027900
v -0.036682 -0.021372 -0.027900
v -0.036750 -0.021330 -0.022900
v -0.036970 -0.020050 -0.022900
v -0.043999 0.005000 -0.027400
v -0.043999 0.005000 -0.027900
v 0.030700 0.005000 -0.027900
v 0.030700 -0.005000 -0.027900
v 0.030700 0.005000 -0.027400
v 0.030700 -0.005000 -0.027400
v -0.041788 -0.026124 -0.025300
v -0.042425 -0.025616 -0.025300
v -0.041966 -0.026076 -0.027900
v -0.040526 0.016639 -0.027900
v -0.040541 0.016690 -0.025300
v -0.040905 0.017164 -0.025300
v -0.041596 0.017386 -0.027900
v -0.041674 0.017376 -0.025300
v -0.042449 0.016760 -0.025300
v -0.042425 0.016816 -0.027900
v -0.040868 0.017135 -0.027900
v -0.039837 -0.024110 -0.025300
v -0.040449 -0.023560 -0.025300
v -0.040425 -0.023616 -0.027900
v -0.039788 -0.024124 -0.027900
v -0.009835 -0.026077 -0.025300
v -0.009891 -0.026100 -0.027900
v -0.009305 -0.025381 -0.025300
v -0.009961 -0.024191 -0.027900
v -0.009379 -0.025558 -0.027900
v -0.009317 -0.024798 -0.027900
v -0.009378 -0.024743 -0.025300
v -0.009891 -0.024200 -0.025300
v 0.029150 0.025559 -0.027900
v 0.029159 0.025489 -0.025300
v 0.028609 0.026100 -0.025300
v 0.028539 0.026109 -0.027900
v 0.027241 -0.016689 -0.025300
v 0.027793 -0.017272 -0.027900
v 0.027606 -0.017164 -0.025300
v 0.028233 -0.017371 -0.025300
v 0.028946 -0.017048 -0.025300
v 0.029188 -0.016525 -0.025300
v 0.029127 -0.016815 -0.027900
v 0.027250 -0.016759 -0.027900
v 0.028431 -0.017345 -0.027900
v 0.026609 0.024100 -0.027900
v 0.026539 0.024109 -0.025300
v 0.027159 0.023489 -0.027900
v -0.002765 0.026077 -0.025300
v -0.003283 0.024798 -0.027900
v -0.003222 0.024743 -0.025300
v -0.002639 0.024191 -0.027900
v -0.002709 0.024200 -0.025300
v -0.003221 0.025558 -0.027900
v 0.027150 0.023559 -0.025300
v -0.003295 0.025381 -0.025300
v -0.033008 0.026132 -0.025300
v -0.010125 0.026138 -0.025300
v -0.010091 0.026132 -0.027900
v -0.009891 0.024200 -0.027900
v -0.009961 0.024191 -0.025300
v -0.009281 0.024967 -0.027900
v -0.009279 0.025183 -0.025300
v -0.009554 0.025847 -0.027900
v -0.009486 0.024556 -0.025300
v -0.009602 0.025896 -0.025300
v -0.033547 0.025846 -0.025300
v -0.033719 0.025561 -0.027900
v -0.033795 0.024921 -0.027900
v -0.033825 0.024975 -0.025300
v -0.033209 0.024200 -0.025300
v -0.033209 0.026100 -0.027900
v -0.033265 0.024224 -0.027900
v -0.002709 -0.024200 -0.027900
v -0.002639 -0.024191 -0.025300
v -0.003114 -0.024556 -0.025300
v -0.003046 -0.025847 -0.027900
v -0.003319 -0.024967 -0.027900
v -0.003321 -0.025183 -0.025300
v -0.002998 -0.025896 -0.025300
v 0.020539 -0.024191 -0.027900
v 0.020665 -0.026077 -0.025300
v 0.020898 -0.025896 -0.027900
v 0.021195 -0.025381 -0.025300
v 0.021221 -0.025183 -0.027900
v 0.021014 -0.024556 -0.027900
v 0.020375 -0.026138 -0.027900
v 0.021122 -0.024743 -0.025300
v -0.002475 -0.026138 -0.025300
v 0.020609 -0.024200 -0.025300
v -0.005362 -0.021682 -0.027900
v -0.004642 0.022029 -0.027900
v -0.003564 0.023232 -0.027900
v -0.009037 -0.023233 -0.027900
v -0.007543 0.021767 -0.027900
v -0.005900 0.021560 -0.027900
v 0.023014 -0.023860 -0.027900
v 0.022500 -0.025401 -0.027900
v 0.023127 -0.027750 -0.027900
v -0.002509 -0.026132 -0.027900
v -0.003300 -0.027750 -0.027900
v 0.028346 -0.019550 -0.027900
v 0.029753 -0.019694 -0.027900
v 0.030700 -0.020177 -0.027900
v 0.030684 0.026213 -0.027900
v 0.029290 0.027206 -0.027900
v 0.029750 0.026575 -0.027900
v -0.002709 0.026100 -0.027900
v -0.003973 -0.022581 -0.027900
v -0.003340 -0.024011 -0.027900
v -0.006700 -0.021560 -0.027900
v -0.007956 -0.022028 -0.027900
v -0.008822 0.022894 -0.027900
v -0.040161 0.020038 -0.027900
v -0.041646 0.019550 -0.027900
v -0.043999 0.020177 -0.027900
v -0.043983 -0.026214 -0.027900
v -0.042473 -0.025438 -0.027900
v -0.042591 -0.027202 -0.027900
v -0.043052 -0.026572 -0.027900
v -0.036315 0.023859 -0.027900
v -0.035800 0.025394 -0.027900
v -0.035943 0.026803 -0.027900
v -0.036427 0.027750 -0.027900
v -0.009300 0.027750 -0.027900
v -0.009260 0.024011 -0.027900
v -0.005578 0.023199 -0.028400
v -0.005350 0.023374 -0.027150
v -0.004890 0.024006 -0.027150
v -0.004807 0.024783 -0.027150
v -0.005755 0.025960 -0.027150
v -0.007521 0.025441 -0.027150
v -0.007803 0.024712 -0.027150
v -0.004797 0.024712 -0.028400
v -0.007478 0.025497 -0.028400
v -0.007683 0.023941 -0.027150
v -0.007022 0.023199 -0.027150
v -0.006067 0.023057 -0.027150
v -0.006746 0.026016 -0.027150
v -0.005122 0.025497 -0.027150
v -0.005755 -0.025960 -0.028400
v -0.005854 -0.026016 -0.027150
v -0.005079 -0.025441 -0.027150
v -0.004797 -0.024712 -0.027150
v -0.005578 -0.023199 -0.027150
v -0.006533 -0.023057 -0.027150
v -0.007250 -0.023374 -0.027150
v -0.007793 -0.024783 -0.027150
v -0.006746 -0.026016 -0.028400
v -0.004807 -0.024783 -0.028400
v -0.007683 -0.023941 -0.028400
v -0.007478 -0.025497 -0.027150
v -0.006845 -0.025960 -0.027150
v -0.007710 -0.024006 -0.027150
v -0.004917 -0.023941 -0.027150
v -0.007239 -0.021683 -0.028400
v -0.008389 -0.022373 -0.028400
v -0.009300 -0.027750 -0.027900
v -0.036432 0.027822 -0.028400
v -0.009275 0.024101 -0.028400
v -0.005362 0.021682 -0.028400
v -0.007956 0.022028 -0.028400
v -0.003300 0.027750 -0.027900
v 0.031285 0.026357 -0.030400
v 0.031886 0.026812 -0.030400
v 0.032200 0.027546 -0.030400
v 0.031612 0.028959 -0.030400
v 0.032094 0.028332 -0.030400
v 0.030891 0.029249 -0.030400
v 0.029163 0.027729 -0.030400
v 0.029200 0.027750 -0.027900
v 0.030346 0.026260 -0.030400
v 0.030113 0.029146 -0.030400
v 0.029498 0.028666 -0.030400
v 0.029525 0.026800 -0.030400
v -0.043578 -0.029225 -0.030400
v -0.042795 -0.028662 -0.030400
v -0.042600 -0.027167 -0.030400
v -0.042499 -0.027750 -0.027900
v -0.042504 -0.027960 -0.030400
v -0.044582 -0.026356 -0.030400
v -0.045183 -0.026810 -0.030400
v -0.043108 -0.026529 -0.030400
v -0.045499 -0.027542 -0.030400
v -0.045328 -0.028508 -0.030400
v -0.044587 -0.029145 -0.030400
v -0.043829 -0.026249 -0.030400
v 0.031166 -0.029014 -0.028078
v 0.031441 -0.028841 -0.030400
v 0.032158 -0.027814 -0.030400
v 0.030537 -0.029233 -0.030400
v 0.030754 -0.020192 -0.030400
v 0.029345 -0.019591 -0.030400
v 0.028987 -0.021045 -0.030400
v 0.026782 -0.027646 -0.030400
v 0.025671 -0.027797 -0.030400
v 0.025502 -0.029226 -0.030400
v 0.024711 -0.027391 -0.030400
v 0.023141 -0.027804 -0.030400
v 0.022541 -0.026395 -0.030400
v 0.022581 -0.024918 -0.030400
v 0.027874 -0.021196 -0.030400
v 0.024265 -0.024708 -0.030400
v 0.023136 -0.023722 -0.030400
v 0.031751 -0.021296 -0.030400
v 0.029946 -0.021451 -0.030400
v -0.037581 0.024716 0.011599
v -0.037360 0.025239 0.011599
v -0.037683 0.026972 -0.030400
v -0.037360 0.026275 -0.030400
v -0.037294 0.026031 0.011599
v -0.038292 0.027489 -0.030400
v -0.039012 0.027754 -0.030400
v -0.038072 0.027363 0.011599
v -0.040125 0.027603 -0.030400
v -0.039566 0.027755 0.011599
v -0.040362 0.027453 0.011599
v -0.037608 0.024665 -0.030400
v -0.037295 0.025477 -0.030400
v -0.037560 0.026757 0.011599
v -0.038774 0.027689 0.011599
v -0.043982 0.023517 0.011599
v -0.044051 0.022751 -0.030400
v -0.043659 0.021785 -0.030400
v -0.044048 0.022727 0.011599
v -0.042839 0.021144 -0.030400
v -0.043645 0.021765 0.011599
v -0.041806 0.020998 -0.030400
v -0.042299 0.020998 0.011599
v -0.040992 0.021296 -0.030400
v -0.041532 0.021068 0.011599
v -0.040979 0.021303 0.011599
v -0.043761 0.024041 0.011599
v -0.043875 0.023883 -0.030400
v -0.043050 0.021267 0.011599
v 0.024238 -0.024759 0.011599
v 0.023948 -0.025550 0.011599
v 0.024082 -0.026561 -0.030400
v 0.024091 -0.026583 0.011599
v 0.024730 -0.027406 0.011599
v 0.025695 -0.027800 0.011599
v 0.026467 -0.027732 0.011599
v 0.027021 -0.027495 0.011599
v 0.023952 -0.025526 -0.030400
v 0.030418 -0.024083 0.011599
v 0.030705 -0.022770 0.011599
v 0.030439 -0.022042 -0.030400
v 0.030708 -0.022794 -0.030400
v 0.030639 -0.023560 0.011599
v 0.030439 -0.022042 0.011599
v 0.029927 -0.021436 0.011599
v 0.029225 -0.021110 0.011599
v 0.028433 -0.021044 0.011599
v 0.027637 -0.021346 0.011599
v 0.030532 -0.023925 -0.030400
v -0.044742 0.028840 -0.030400
v -0.045458 0.027816 -0.030400
v -0.036444 0.027807 -0.030400
v -0.035840 0.026394 -0.030400
v -0.037543 0.028800 -0.030400
v -0.038802 0.029226 -0.030400
v -0.043838 0.029233 -0.030400
v -0.045475 0.022554 -0.030400
v -0.044052 0.020191 -0.030400
v -0.042645 0.019591 -0.030400
v -0.041167 0.019631 -0.030400
v -0.039925 0.020214 -0.030400
v -0.036436 0.023722 -0.030400
v 0.032176 -0.022552 -0.030400
v 0.027869 -0.019631 -0.030400
v 0.026861 -0.020038 -0.027900
v 0.026626 -0.020214 -0.030400
v 0.022644 -0.026803 -0.027900
v 0.024242 -0.028799 -0.030400
v -0.045051 0.021295 -0.030400
v -0.044039 0.020153 -0.028400
v -0.043054 0.019694 -0.027900
v -0.035881 0.024918 -0.030400
v -0.047999 -0.010492 -0.010459
v -0.046999 -0.010509 -0.010070
v -0.046999 -0.010053 -0.012306
v -0.047999 -0.008041 -0.015956
v -0.046999 -0.004783 -0.018509
v -0.047999 -0.002020 -0.019423
v -0.047999 0.001119 -0.019590
v -0.046999 0.002020 -0.019423
v -0.046999 0.005068 -0.018359
v -0.046999 0.008041 -0.015956
v -0.047999 0.008982 -0.014618
v -0.046999 0.010492 -0.010459
v -0.047999 0.010509 -0.010070
v -0.047999 -0.009684 -0.013280
v -0.047999 -0.005068 -0.018359
v -0.047999 0.007392 -0.016602
v -0.046999 0.009684 -0.013280
v -0.047999 0.010550 0.000399
v 0.032659 -0.025447 0.000399
v 0.029751 -0.029328 0.000399
v -0.043191 -0.029263 0.000399
v -0.045974 -0.025329 0.000399
v -0.046999 0.010550 0.000399
v -0.045238 0.029609 0.000399
v 0.028397 0.029709 0.000399
v 0.031302 0.028242 0.000399
v 0.032675 0.025331 0.000399
v -0.047999 0.010053 -0.012306
v -0.047999 0.004783 -0.018509
v -0.047999 -0.010550 0.000399
v 0.033700 0.015679 -0.020520
v 0.033700 0.015015 -0.021469
v 0.036200 0.014940 -0.021526
v 0.033700 0.014130 -0.021875
v 0.036200 0.014140 -0.021866
v 0.036200 0.008770 -0.009467
v 0.036200 0.015736 0.001413
v 0.036200 0.008288 -0.012338
v 0.036200 0.006865 -0.014857
v 0.036200 0.005124 -0.016518
v 0.036200 -0.015736 0.001413
v 0.036200 -0.014423 0.003019
v 0.036200 0.015373 0.002294
v 0.036200 -0.015373 0.002294
v 0.036200 0.015689 -0.020537
v 0.036200 -0.015015 -0.021469
v 0.036200 0.014384 0.003039
v 0.033700 0.015749 0.001149
v 0.033700 -0.014140 -0.021866
v 0.036200 -0.014130 -0.021875
v 0.036200 -0.015698 -0.020478
v 0.033700 -0.014940 -0.021526
v 0.033700 -0.015578 0.001946
v 0.033700 -0.014922 0.002739
vn 0.5179 0.3150 0.7954
vn 0.4198 0.4002 0.8146
vn 0.4735 0.2394 0.8476
vn 0.7460 0.3309 0.5779
vn 0.7460 0.1288 0.6534
vn 0.8050 0.3945 0.4431
vn 0.7007 0.5709 0.4278
vn 0.3067 0.5336 0.7881
vn 0.5379 0.5310 0.6547
vn 0.3752 0.6615 0.6493
vn 0.1340 0.7386 0.6607
vn 0.1253 0.7395 0.6614
vn 0.0717 0.5519 0.8308
vn 0.0655 0.4440 0.8936
vn 0.0917 0.2081 0.9738
vn 0.2151 0.1071 0.9707
vn 0.7290 0.6237 0.2818
vn 0.4381 0.8093 0.3911
vn 0.4489 0.8460 0.2876
vn 0.1445 0.8787 0.4549
vn 0.1500 0.9338 0.3247
vn 0.3292 0.0629 0.9422
vn 0.7369 0.1056 0.6677
vn 0.5649 0.0687 0.8223
vn 0.5972 0.1961 0.7778
vn 0.5777 0.1145 0.8082
vn 0.9398 0.1302 0.3160
vn 0.9281 0.2661 0.2604
vn 0.8829 0.0909 0.4606
vn 0.2066 -0.0938 0.9739
vn 0.2882 -0.0001 0.9576
vn 0.8117 -0.1281 0.5698
vn 0.7425 -0.1445 0.6541
vn 0.9406 -0.1310 0.3131
vn 0.5144 -0.0981 0.8519
vn 0.5520 -0.0718 0.8308
vn 0.3649 -0.6260 0.6892
vn 0.1052 -0.7343 0.6706
vn 0.1219 -0.7413 0.6600
vn 0.2877 -0.9226 0.2569
vn 0.0989 -0.8820 0.4608
vn 0.1400 -0.9388 0.3146
vn 0.3530 -0.3258 0.8771
vn 0.1078 -0.2151 0.9706
vn 0.0619 -0.3257 0.9434
vn 0.1961 -0.5936 0.7805
vn 0.1134 -0.5746 0.8106
vn 0.0697 -0.5628 0.8236
vn 0.4631 -0.6026 0.6500
vn 0.2385 -0.4730 0.8482
vn 0.3931 -0.7048 0.5905
vn 0.7368 -0.2586 0.6247
vn 0.8671 -0.2722 0.4171
vn 0.5226 -0.6335 0.5706
vn 0.5970 -0.7290 0.3349
vn 0.6985 -0.6610 0.2740
vn 0.5140 -0.8107 0.2803
vn 0.4963 -0.3128 0.8098
vn 0.7561 -0.4631 0.4625
vn 0.8176 -0.4514 0.3574
vn -0.1539 -0.8756 0.4579
vn -0.1499 -0.9339 0.3247
vn -0.0305 -0.1717 0.9847
vn -0.0363 -0.3145 0.9486
vn -0.1247 -0.5519 0.8245
vn -0.1123 -0.6486 0.7528
vn -0.1011 -0.7424 0.6622
vn -0.7459 -0.3311 0.5779
vn -0.7369 -0.1058 0.6677
vn -0.7459 -0.1288 0.6534
vn -0.9281 -0.2661 0.2606
vn -0.8829 -0.0909 0.4606
vn -0.9399 -0.1298 0.3157
vn -0.6481 -0.5639 0.5119
vn -0.7251 -0.6268 0.2853
vn -0.4539 -0.7605 0.4642
vn -0.2044 -0.3407 0.9177
vn -0.2609 -0.5652 0.7826
vn -0.2107 -0.1726 0.9622
vn -0.3505 -0.2054 0.9138
vn -0.1932 -0.0702 0.9786
vn -0.3172 -0.0724 0.9456
vn -0.5972 -0.1961 0.7778
vn -0.5777 -0.1145 0.8082
vn -0.5648 -0.0688 0.8223
vn -0.5179 -0.3149 0.7954
vn -0.5364 -0.4655 0.7040
vn -0.4735 -0.2398 0.8475
vn -0.8049 -0.3945 0.4433
vn -0.4493 -0.8397 0.3049
vn -0.3067 -0.3213 0.8959
vn -0.8820 0.1411 0.4497
vn -0.4448 0.0656 0.8932
vn -0.2087 0.0908 0.9737
vn -0.7387 0.1340 0.6606
vn -0.9341 0.1521 0.3231
vn -0.5520 0.0718 0.8308
vn -0.7393 0.1255 0.6616
vn -0.3667 0.8069 0.4631
vn -0.0936 0.7358 0.6707
vn -0.1148 0.8185 0.5629
vn -0.1468 0.9355 0.3215
vn -0.3883 0.3510 0.8521
vn -0.1083 0.2158 0.9704
vn -0.0616 0.3259 0.9434
vn -0.2172 0.5977 0.7717
vn -0.1203 0.5763 0.8083
vn -0.0857 0.5673 0.8190
vn -0.3654 0.5621 0.7420
vn -0.4207 0.5736 0.7029
vn -0.2539 0.5329 0.8072
vn -0.5339 0.3100 0.7867
vn -0.7514 0.4008 0.5241
vn -0.8557 0.4349 0.2804
vn -0.5280 0.5882 0.6125
vn -0.4493 0.8419 0.2990
vn -0.5851 0.7636 0.2730
vn -0.7092 0.5646 0.4221
vn -0.9758 0.1299 0.1758
vn -0.9851 -0.0309 0.1694
vn -0.9393 0.2916 0.1806
vn -0.7735 0.6072 0.1818
vn -0.6133 0.7681 0.1841
vn -0.0438 0.9844 0.1705
vn -0.9503 0.2590 0.1730
vn -0.8272 0.5364 0.1675
vn -0.6757 0.7167 0.1726
vn -0.3989 0.9027 0.1611
vn 0.1306 0.9757 0.1759
vn 0.2906 0.9396 0.1806
vn 0.6208 0.7620 0.1844
vn 0.8566 0.4827 0.1822
vn 0.9849 0.0306 0.1703
vn 0.2596 0.9500 0.1733
vn 0.5365 0.8271 0.1674
vn 0.7176 0.6762 0.1668
vn 0.9033 0.3958 0.1657
vn 0.0033 -0.0063 1.0000
vn 0.0005 -0.0138 0.9999
vn -0.0005 -0.0116 0.9999
vn -0.0030 -0.0055 1.0000
vn -0.0044 -0.0030 1.0000
vn -0.0056 -0.0007 1.0000
vn -0.0065 0.0009 1.0000
vn -0.0051 0.0034 1.0000
vn -0.0034 0.0065 1.0000
vn -0.0005 0.0143 0.9999
vn 0.0006 0.0143 0.9999
vn 0.0035 0.0066 1.0000
vn 0.0048 0.0035 1.0000
vn 0.0060 0.0007 1.0000
vn 0.0068 -0.0009 1.0000
vn 0.0052 -0.0032 1.0000
vn 0.9766 -0.1241 0.1755
vn 0.9445 -0.2767 0.1771
vn 0.8553 -0.4846 0.1832
vn 0.7383 -0.6501 0.1797
vn 0.4953 -0.8495 0.1816
vn 0.0385 -0.9847 0.1701
vn 0.9523 -0.2523 0.1714
vn 0.8262 -0.5361 0.1733
vn 0.6762 -0.7176 0.1667
vn 0.6762 -0.7176 0.1666
vn 0.3980 -0.9020 0.1676
vn 0.3979 -0.9020 0.1675
vn -0.1304 -0.9757 0.1758
vn -0.2904 -0.9397 0.1806
vn -0.6207 -0.7620 0.1845
vn -0.8564 -0.4830 0.1823
vn -0.2591 -0.9502 0.1733
vn -0.5366 -0.8271 0.1675
vn -0.7176 -0.6762 0.1667
vn -0.9020 -0.3984 0.1663
vn -0.9020 -0.3984 0.1662
vn 0.9882 -0.1530 -0.0019
vn 0.9911 -0.1332 0.0010
vn 0.9139 -0.4060 0.0022
vn 0.8706 -0.4920 -0.0041
vn 0.7647 -0.6444 0.0037
vn 0.6531 -0.7573 -0.0030
vn 0.6726 -0.7400 0.0013
vn 0.2772 -0.9608 -0.0042
vn 0.4129 -0.9108 0.0061
vn 0.2138 -0.9769 0.0035
vn 0.5413 -0.8408 -0.0033
vn 0.1311 -0.9914 -0.0018
vn -0.1287 -0.9917 0.0018
vn -0.2284 -0.9736 -0.0050
vn -0.2813 -0.9596 0.0043
vn -0.7964 -0.6048 -0.0054
vn -0.5425 -0.8401 0.0023
vn -0.6429 -0.7659 0.0033
vn -0.4487 -0.8936 -0.0089
vn -0.7402 -0.6723 0.0030
vn -0.9610 -0.2764 -0.0046
vn -0.9104 -0.4136 0.0061
vn -0.9768 -0.2140 0.0034
vn -0.8129 -0.5824 -0.0065
vn -0.9915 -0.1303 -0.0017
vn -0.9917 0.1283 0.0017
vn -0.9736 0.2281 -0.0047
vn -0.1797 -0.9837 0.0001
vn -0.1725 -0.9850 0.0003
vn -0.5402 -0.8415 0.0013
vn -0.5391 -0.8423 -0.0013
vn -0.8415 -0.5402 -0.0013
vn -0.8422 -0.5391 0.0013
vn -0.9837 -0.1798 -0.0001
vn -0.9850 -0.1726 -0.0003
vn -0.0000 -0.0000 1.0000
vn 0.2394 -0.5469 0.8022
vn 0.5319 0.1903 0.8252
vn 0.2762 0.2343 0.9321
vn 0.3114 -0.2535 0.9158
vn 0.1798 -0.9837 -0.0001
vn 0.1726 -0.9850 -0.0003
vn 0.9836 -0.1802 -0.0003
vn 0.9848 -0.1738 0.0008
vn 0.8410 -0.5410 0.0007
vn 0.8419 -0.5396 -0.0013
vn 0.5400 -0.8417 -0.0013
vn 0.5390 -0.8423 0.0013
vn 0.1798 0.9837 0.0001
vn 0.1725 0.9850 0.0003
vn 0.5400 0.8417 0.0013
vn 0.5389 0.8423 -0.0013
vn 0.8410 0.5410 -0.0007
vn 0.8419 0.5396 0.0013
vn 0.9836 0.1802 0.0002
vn 0.9848 0.1738 -0.0008
vn -0.1797 0.9837 -0.0001
vn -0.1725 0.9850 -0.0003
vn -0.9837 0.1798 0.0001
vn -0.9850 0.1726 0.0003
vn -0.8415 0.5402 0.0013
vn -0.8422 0.5391 -0.0013
vn -0.5402 0.8415 -0.0013
vn -0.5391 0.8422 0.0013
vn -0.3027 -0.9308 0.2050
vn -0.6172 -0.7825 0.0818
vn -0.4615 -0.8854 0.0551
vn -0.9923 -0.0073 0.1236
vn -0.8812 -0.3867 0.2720
vn -0.9278 -0.1956 0.3178
vn -0.7799 -0.6187 0.0952
vn 0.8049 -0.5929 0.0238
vn 0.9920 -0.0133 -0.1256
vn 0.9799 -0.1909 0.0574
vn 0.5602 -0.8065 0.1890
vn 0.2093 -0.9571 0.2006
vn 0.2427 -0.4887 0.8380
vn 0.3360 -0.1964 0.9212
vn 0.0056 -0.3409 0.9401
vn 0.1999 -0.7847 0.5868
vn -0.0908 -0.5342 0.8404
vn -0.0866 -0.5382 0.8384
vn -0.1892 -0.8553 0.4823
vn -0.2995 -0.7286 0.6159
vn -0.0739 -0.1755 0.9817
vn 0.6954 -0.1818 0.6952
vn 0.5128 -0.6154 0.5986
vn 0.8094 -0.2104 0.5483
vn 0.8914 -0.3682 0.2642
vn -0.5444 -0.6031 0.5830
vn -0.3030 -0.4029 0.8636
vn -0.7143 -0.1412 0.6854
vn -0.5420 -0.2323 0.8076
vn -0.5027 -0.4382 0.7452
vn -0.5626 -0.5025 0.6565
vn -0.2590 -0.1191 0.9585
vn -0.9919 0.0010 0.1270
vn -0.6623 0.6255 0.4123
vn 0.1206 0.0008 0.9927
vn -0.2991 0.8420 0.4489
vn 0.2410 0.6641 0.7077
vn 0.2829 0.9341 0.2178
vn 0.6115 0.7871 0.0809
vn 0.0144 0.9999 -0.0000
vn 0.8709 0.4112 0.2693
vn 0.9263 0.2056 0.3157
vn -0.0213 0.9998 -0.0063
vn -0.6675 0.6999 0.2541
vn -0.5378 0.7917 0.2898
vn -0.8896 0.4338 0.1428
vn -0.9219 0.3686 -0.1191
vn -0.9768 0.2042 0.0646
vn -0.2002 0.9666 0.1598
vn -0.7341 0.6720 -0.0974
vn 0.0730 0.1923 0.9786
vn -0.2285 0.3751 0.8984
vn -0.3063 0.1858 0.9336
vn 0.0400 0.7991 0.5998
vn -0.1837 0.8338 0.5206
vn -0.3653 0.6774 0.6385
vn 0.1503 0.5768 0.8029
vn 0.0112 0.3741 0.9273
vn -0.6099 0.5311 0.5882
vn -0.8603 0.1869 0.4742
vn -0.6266 0.1550 0.7638
vn 0.4021 0.6851 0.6074
vn 0.5909 0.5995 0.5399
vn 0.3624 0.4493 0.8166
vn 0.7065 0.1563 0.6902
vn 0.5466 0.1984 0.8136
vn 0.5089 0.4194 0.7518
vn 0.6158 0.4696 0.6327
vn 0.2592 0.1138 0.9591
vn 0.9922 0.0010 0.1243
vn 0.7067 -0.6627 0.2478
vn -0.1200 -0.0009 0.9928
vn 0.5297 -0.6565 0.5371
vn 0.2715 -0.8462 0.4585
vn -0.2461 -0.6629 0.7071
vn -1.0000 -0.0000 -0.0056
vn -0.9995 0.0322 -0.0006
vn -1.0000 0.0035 -0.0051
vn -0.9994 0.0359 -0.0000
vn -0.0000 1.0000 -0.0000
vn 0.6802 0.4224 0.5991
vn -0.0000 -1.0000 -0.0000
vn -0.5340 -0.6571 0.5320
vn -0.4338 -0.8623 0.2611
vn -0.9738 -0.0256 0.2259
vn -0.0202 -0.9995 0.0225
vn -0.9955 -0.0288 -0.0904
vn 0.5337 0.8440 -0.0532
vn 0.9939 -0.0001 -0.1099
vn 0.9928 0.0646 -0.1013
vn 0.9922 -0.0017 -0.1243
vn 0.8456 0.0002 0.5338
vn 0.8453 0.0015 0.5342
vn -0.9922 0.0016 -0.1246
vn -0.9922 0.0017 -0.1243
vn -1.0000 -0.0000 -0.0000
vn -0.4477 -0.0000 -0.8942
vn -0.4476 -0.0000 -0.8942
vn 0.4066 -0.9136 -0.0050
vn 0.1479 -0.9890 0.0061
vn 0.1184 -0.9930 0.0018
vn 0.4503 -0.8929 0.0039
vn 0.6892 -0.7246 -0.0051
vn 0.7246 -0.6892 0.0051
vn 0.8929 -0.4502 -0.0039
vn 0.9136 -0.4066 0.0050
vn 0.9890 -0.1481 -0.0061
vn 0.9929 -0.1187 -0.0016
vn 0.9929 0.1187 0.0016
vn 0.9890 0.1481 0.0061
vn 0.9136 0.4066 -0.0050
vn 0.8929 0.4502 0.0039
vn 0.7246 0.6892 -0.0051
vn 0.6892 0.7246 0.0051
vn 0.4503 0.8929 -0.0039
vn 0.4066 0.9136 0.0050
vn 0.1479 0.9890 -0.0061
vn 0.1184 0.9930 -0.0018
vn -0.1528 0.9877 0.0318
vn -0.1134 0.9934 0.0177
vn -0.2854 0.9551 0.0796
vn -0.4111 0.8976 -0.1588
vn -0.6201 0.7845 0.0121
vn -0.4548 0.8857 -0.0934
vn -0.7451 0.6667 -0.0178
vn -0.8909 0.4539 -0.0141
vn -0.9137 0.4063 0.0054
vn -0.9890 0.1479 -0.0057
vn -0.9930 0.1182 -0.0017
vn -0.9930 -0.1182 0.0017
vn -0.9890 -0.1479 0.0057
vn -0.9137 -0.4063 -0.0054
vn -0.8909 -0.4539 0.0141
vn -0.7451 -0.6667 0.0178
vn -0.6201 -0.7845 -0.0121
vn -0.4548 -0.8857 0.0933
vn -0.1528 -0.9877 -0.0318
vn -0.2854 -0.9551 -0.0796
vn -0.1134 -0.9934 -0.0177
vn -0.4111 -0.8976 0.1588
vn -0.0000 -0.0000 -1.0000
vn 0.2281 0.9736 -0.0050
vn 0.1288 0.9917 0.0018
vn 0.2814 0.9596 0.0040
vn 0.7961 0.6051 -0.0055
vn 0.5426 0.8400 0.0022
vn 0.6429 0.7660 0.0026
vn 0.4488 0.8936 -0.0089
vn 0.7402 0.6724 0.0030
vn 0.9630 0.2694 -0.0052
vn 0.9108 0.4129 0.0062
vn 0.9765 0.2156 0.0045
vn 0.8128 0.5826 -0.0065
vn 0.9919 0.1267 -0.0017
vn -0.2142 0.9768 0.0036
vn -0.1310 0.9914 -0.0018
vn 1.0000 0.0009 0.0033
vn 1.0000 -0.0004 0.0012
vn 1.0000 -0.0015 0.0034
vn 1.0000 -0.0012 0.0007
vn 1.0000 -0.0012 0.0003
vn 1.0000 0.0014 0.0030
vn 1.0000 0.0011 0.0007
vn 1.0000 0.0010 0.0002
vn -0.9598 0.2807 0.0044
vn -0.6047 0.7964 -0.0052
vn -0.8401 0.5424 0.0023
vn -0.7656 0.6433 0.0036
vn -0.8939 0.4482 -0.0088
vn -0.6717 0.7408 0.0029
vn -0.2772 0.9608 -0.0044
vn -0.4134 0.9105 0.0061
vn -0.5824 0.8129 -0.0065
vn 0.9596 -0.2813 0.0012
vn 0.8004 -0.5995 0.0022
vn 0.8492 -0.4857 -0.2072
vn 0.9300 -0.3102 -0.1971
vn 0.7601 -0.6200 -0.1945
vn 0.7943 -0.6076 0.0025
vn 0.6444 -0.7647 0.0003
vn 0.4937 -0.8474 -0.1953
vn 0.6245 -0.7531 -0.2069
vn 0.4414 -0.8973 0.0031
vn 0.4351 -0.9004 0.0026
vn 0.4135 -0.8985 -0.1473
vn 0.2511 -0.9395 -0.2329
vn 0.0065 -1.0000 0.0006
vn 0.1235 -0.9736 -0.1919
vn 1.0000 -0.0084 -0.0001
vn 0.9737 -0.1235 -0.1915
vn -1.0000 0.0010 -0.0000
vn -1.0000 0.0011 -0.0001
vn -1.0000 0.0011 -0.0002
vn -0.9830 0.0367 -0.1798
vn -1.0000 0.0010 -0.0004
vn -1.0000 0.0008 -0.0007
vn -0.7312 -0.6648 -0.1531
vn -1.0000 -0.0000 -0.0030
vn -1.0000 0.0002 -0.0018
vn -1.0000 -0.0068 -0.0008
vn -0.9756 -0.0031 -0.2196
vn -0.9791 -0.1046 -0.1741
vn -1.0000 -0.0085 0.0007
vn -1.0000 -0.0014 0.0007
vn -1.0000 -0.0027 -0.0000
vn -1.0000 0.0002 -0.0023
vn -1.0000 0.0005 -0.0012
vn -0.0056 -1.0000 -0.0007
vn -0.1270 -0.9721 -0.1972
vn 0.9391 -0.0328 0.3422
vn 0.8893 -0.1514 -0.4315
vn 0.8760 0.0869 0.4744
vn 0.8983 -0.3677 -0.2407
vn 0.9626 -0.2673 0.0436
vn 0.9457 0.1225 -0.3012
vn 0.9459 0.3205 0.0498
vn 0.9107 0.3863 -0.1461
vn 0.3303 -0.9338 0.1374
vn 0.8337 -0.5487 -0.0621
vn 0.1952 -0.8468 0.4947
vn 0.6667 -0.6331 0.3933
vn 0.2982 -0.7603 0.5771
vn 0.1920 -0.9414 -0.2772
vn 0.6291 -0.5370 -0.5620
vn 0.1918 -0.6959 -0.6920
vn 0.2851 -0.4856 -0.8264
vn 0.2694 -0.1402 -0.9528
vn 0.7631 0.0363 -0.6452
vn 0.5988 0.2693 -0.7542
vn 0.1454 0.3543 -0.9237
vn 0.4626 0.4346 -0.7727
vn 0.8971 0.3320 -0.2914
vn 0.1251 0.7040 -0.6991
vn 0.5546 0.6140 -0.5616
vn -0.0678 0.7916 -0.6073
vn 0.6221 0.7611 -0.1836
vn 0.1677 0.9540 -0.2484
vn 0.0498 0.9899 -0.1327
vn 0.6120 0.7578 0.2265
vn 0.1639 0.9514 0.2605
vn 0.0660 0.9205 0.3851
vn 0.7439 0.5599 0.3649
vn 0.4307 0.7335 0.5258
vn 0.5882 0.5672 0.5765
vn 0.8957 0.2136 0.3899
vn 0.1779 0.4661 0.8667
vn 0.2033 -0.0111 0.9790
vn 0.7266 -0.2617 0.6353
vn 0.7699 -0.3887 0.5061
vn 0.2363 -0.3609 0.9022
vn 0.1705 0.0039 -0.9854
vn 0.1694 -0.1329 0.9765
vn 0.1718 -0.4816 0.8594
vn 0.1910 0.2699 0.9438
vn 0.0234 -0.6127 0.7899
vn 0.0455 -0.9290 0.3672
vn 0.1975 -0.9802 0.0137
vn 0.1927 -0.8586 -0.4750
vn 0.0927 -0.3717 -0.9237
vn 0.7793 0.2227 -0.5857
vn 0.4422 0.8030 -0.3995
vn 0.4303 0.9001 0.0686
vn 0.1517 0.7042 0.6936
vn -0.2562 -0.1495 0.9550
vn -0.2531 -0.1028 0.9620
vn -0.2524 -0.5695 0.7823
vn -0.2564 -0.6071 0.7522
vn -0.2635 -0.8949 0.3601
vn -0.2727 -0.9141 0.3003
vn -0.2684 -0.9201 -0.2853
vn -0.2813 -0.8741 -0.3960
vn -0.2521 -0.4746 -0.8433
vn -0.2598 -0.3845 -0.8858
vn -0.2603 0.1371 -0.9557
vn -0.2684 0.5116 -0.8162
vn -0.2492 0.7584 -0.6023
vn -0.2444 0.9581 -0.1494
vn -0.2450 0.9640 -0.1038
vn -0.2555 0.8888 0.3805
vn -0.2605 0.8620 0.4348
vn -0.2556 0.4778 0.8405
vn -0.2602 0.3840 0.8859
vn 0.9997 -0.0112 0.0216
vn 0.9997 -0.0080 0.0214
vn 0.9998 -0.0132 0.0140
vn 0.9998 -0.0147 0.0093
vn 0.9999 -0.0069 -0.0087
vn 0.9998 -0.0189 -0.0021
vn 1.0000 -0.0076 -0.0059
vn 0.9999 -0.0001 -0.0119
vn 0.9999 0.0043 -0.0127
vn 0.9999 0.0074 -0.0113
vn 0.9999 0.0097 -0.0025
vn 0.9999 0.0038 0.0118
vn 0.9999 0.0103 0.0034
vn 1.0000 0.0074 0.0065
vn 0.9998 -0.0020 0.0189
vn 1.0000 0.0081 -0.0045
vn -0.9933 -0.0087 0.1149
vn -0.9828 0.0173 0.1838
vn -0.9362 0.1226 0.3295
vn -0.9119 -0.1725 0.3723
vn -0.9481 -0.1888 0.2558
vn -0.9891 -0.1233 0.0800
vn 0.0113 -0.9781 0.2076
vn -0.4336 -0.8973 0.0825
vn -0.1320 -0.9849 0.1123
vn 0.3604 -0.9319 -0.0416
vn -0.0661 -0.9766 -0.2047
vn 0.1591 -0.9454 -0.2845
vn 0.8270 -0.3968 -0.3982
vn 0.6169 -0.5415 -0.5711
vn 0.7681 -0.3793 -0.5158
vn 0.5206 -0.7789 -0.3496
vn 0.7031 -0.6457 -0.2977
vn 0.6168 -0.7870 0.0117
vn 0.0805 -0.9925 0.0923
vn -0.8084 -0.1055 0.5790
vn -0.7024 -0.5286 0.4767
vn -0.8384 -0.4560 0.2984
vn -0.9037 -0.4080 0.1299
vn -0.2402 -0.9707 0.0038
vn 0.9504 -0.1867 -0.2488
vn 0.8983 -0.1786 -0.4013
vn 0.8180 -0.0680 -0.5711
vn 0.9879 -0.0216 -0.1536
vn 0.9830 -0.0140 -0.1830
vn 0.9450 0.0751 -0.3183
vn -0.5695 -0.8174 -0.0867
vn -0.1322 -0.9492 -0.2857
vn 0.1900 -0.8032 -0.5646
vn -0.1258 -0.8442 -0.5211
vn 0.0899 -0.7357 -0.6713
vn 0.7058 -0.2037 -0.6785
vn 0.7641 0.6350 -0.1136
vn 0.8393 0.4952 -0.2243
vn 0.7570 0.6164 -0.2165
vn -0.1659 0.9306 -0.3263
vn 0.1323 0.8714 -0.4725
vn -0.5416 0.7833 -0.3051
vn -0.9946 0.0975 -0.0355
vn -0.9900 0.1198 -0.0743
vn -0.9506 0.1865 -0.2482
vn -0.9889 0.1445 -0.0339
vn -0.9788 0.1985 -0.0502
vn -0.8593 0.4398 -0.2612
vn -0.1703 0.7446 0.6455
vn -0.4522 0.4928 0.7434
vn -0.1876 0.5473 0.8156
vn 0.3006 0.4806 0.8238
vn 0.5813 0.3893 0.7145
vn 0.4591 0.5458 0.7009
vn 0.1341 0.7315 0.6685
vn -0.9389 -0.3441 -0.0093
vn -0.7661 -0.6323 -0.1157
vn -0.4689 -0.7541 -0.4598
vn 0.4191 -0.6089 -0.6735
vn 0.4847 -0.4485 -0.7509
vn -0.9431 -0.3244 -0.0736
vn -0.9116 -0.2865 -0.2949
vn -0.6040 -0.5222 -0.6020
vn -0.1434 -0.5547 -0.8196
vn -0.1472 -0.4321 -0.8897
vn 0.1614 -0.1052 -0.9813
vn -0.1426 -0.1731 -0.9745
vn 0.0806 0.0115 -0.9967
vn 0.6006 -0.0757 -0.7959
vn 0.4597 0.1559 -0.8743
vn 0.5804 0.2508 -0.7748
vn 0.8138 0.4274 -0.3936
vn 0.9280 0.1822 -0.3249
vn 0.7510 0.2310 -0.6185
vn 0.0807 -0.3949 -0.9152
vn -0.1440 -0.7573 -0.6370
vn -0.6143 -0.2427 -0.7508
vn 0.6081 0.5229 -0.5974
vn -0.1467 -0.0330 -0.9886
vn 0.1162 0.2424 -0.9632
vn -0.1880 0.2412 -0.9521
vn -0.2407 0.2851 -0.9278
vn 0.0757 0.4870 -0.8701
vn -0.8678 -0.1416 -0.4764
vn -0.5126 0.4349 -0.7404
vn -0.1643 0.5696 -0.8054
vn 0.1169 0.7628 -0.6360
vn -0.1850 0.7545 -0.6297
vn -0.2888 0.7826 -0.5515
vn 0.4372 0.7770 -0.4530
vn 0.2951 0.6194 -0.7275
vn -0.6004 0.0809 -0.7956
vn -0.9036 0.0499 -0.4254
vn -0.6137 0.2251 -0.7568
vn -0.4741 0.6775 -0.5624
vn -0.7680 0.3794 -0.5160
vn -0.6891 0.4353 -0.5793
vn -0.7375 0.5855 -0.3367
vn -0.8984 0.1784 -0.4014
vn -0.8260 0.5594 0.0693
vn -0.9689 0.2336 0.0812
vn -0.8989 0.3713 0.2327
vn -0.5945 0.7319 0.3330
vn -0.6983 0.5465 0.4622
vn -0.2880 0.4671 0.8360
vn 0.6151 0.0956 0.7826
vn 0.2930 0.1418 0.9455
vn 0.6243 -0.2390 0.7437
vn 0.8391 -0.1455 0.5241
vn 0.7552 -0.4562 0.4707
vn 0.9663 -0.1711 0.1925
vn 0.9394 -0.2677 0.2141
vn 0.8756 -0.4488 0.1786
vn 0.0949 0.3202 0.9426
vn -0.5424 0.2211 0.8105
vn -0.1661 0.2267 0.9597
vn 0.1617 -0.1009 0.9817
vn -0.1315 -0.0325 0.9908
vn 0.0802 -0.2203 0.9721
vn 0.9133 -0.4072 0.0029
vn 0.8568 -0.4422 -0.2652
vn -0.8641 0.2568 0.4329
vn -0.7562 0.2632 0.5991
vn -0.4859 -0.0274 0.8736
vn 0.4284 -0.2792 0.8594
vn 0.6045 -0.5148 0.6079
vn -0.6960 -0.1304 0.7061
vn -0.1415 -0.4334 0.8900
vn -0.4616 -0.3700 0.8062
vn -0.1420 -0.5614 0.8153
vn 0.1623 -0.7975 0.5811
vn -0.0012 -0.8081 0.5890
vn 0.0797 -0.8694 0.4876
vn 0.0808 -0.5954 0.7994
vn -0.1400 -0.1752 0.9745
vn -0.5888 -0.4836 0.6476
vn -0.2715 -0.6559 0.7043
vn 0.6190 -0.7181 0.3180
vn 0.4285 -0.8254 0.3675
vn 0.9902 0.0215 0.1380
vn 0.9078 0.0436 0.4172
vn 0.8511 0.2605 0.4559
vn 0.9451 0.1998 0.2585
vn 0.9892 0.1253 0.0763
vn -0.1400 0.9868 0.0813
vn 0.0805 0.9900 0.1160
vn -0.1293 0.9890 -0.0714
vn -0.6733 0.7104 -0.2050
vn -0.4761 0.8759 -0.0784
vn 0.5907 0.6609 0.4630
vn 0.8104 0.5214 0.2673
vn 0.6214 0.7663 0.1630
vn 0.4182 0.8832 0.2121
vn 0.4538 0.8822 -0.1260
vn 0.1339 0.9445 -0.3001
vn 0.5680 0.8209 -0.0590
vn 0.9224 0.3862 0.0068
vn 0.9448 0.3198 -0.0711
vn 0.9908 0.1090 -0.0806
vn 0.9941 0.0791 -0.0739
vn 0.9954 -0.0912 -0.0287
vn 0.9914 -0.1134 -0.0660
vn 0.0117 0.8670 0.4982
vn -0.2732 0.9375 0.2155
vn -0.6048 0.7909 0.0929
vn -0.8103 0.5772 -0.1015
vn 0.4444 -0.2022 -0.8727
vn 0.2972 -0.1011 -0.9495
vn 0.3584 -0.4681 -0.8078
vn 0.1613 -0.4952 -0.8537
vn -0.9938 -0.1026 0.0437
vn -0.7655 -0.3717 0.5252
vn -0.4225 -0.7946 0.4361
vn -0.1421 -0.8536 0.5012
vn 0.1615 -0.9649 0.2070
vn -0.9877 0.1214 0.0988
vn 0.1611 -0.4918 0.8557
vn 0.4283 -0.6049 0.6713
vn -0.8049 0.0446 0.5918
vn -0.6645 0.1349 0.7350
vn -0.6537 -0.7274 0.2087
vn -0.6845 -0.6939 0.2236
vn -0.7744 -0.6300 0.0586
vn -0.2977 -0.8738 0.3846
vn -0.7114 -0.6647 -0.2282
vn -0.8451 -0.4835 -0.2281
vn -0.9869 0.0271 -0.1591
vn 0.3007 0.2905 -0.9084
vn -0.8268 0.3970 -0.3984
vn 0.9930 0.1080 0.0478
vn -0.0589 0.9219 0.3830
vn 0.1169 0.9326 0.3414
vn 0.1617 0.9868 -0.0020
vn 0.1164 0.5534 0.8247
vn 0.9999 0.0052 0.0154
vn 1.0000 -0.0022 0.0096
vn 0.9999 0.0043 0.0099
vn 0.9705 0.2094 0.1191
vn 1.0000 0.0068 -0.0014
vn 1.0000 -0.0053 0.0060
vn 0.9611 -0.2331 0.1480
vn 0.9999 -0.0140 0.0001
vn 0.9390 -0.3434 0.0207
vn 0.9999 -0.0108 -0.0000
vn 0.9999 -0.0110 -0.0114
vn 0.9999 -0.0029 -0.0156
vn 0.9988 -0.0113 -0.0479
vn 0.9640 -0.0102 -0.2656
vn 1.0000 0.0069 -0.0072
vn 1.0000 0.0049 -0.0053
vn 1.0000 0.0079 0.0006
vn 0.9772 0.2121 -0.0057
vn -0.8446 -0.1441 0.5156
vn -0.9209 0.0096 0.3896
vn -0.9238 0.1472 0.3535
vn -0.1284 -0.7874 0.6029
vn -0.6080 -0.6499 0.4560
vn -0.1260 -0.9193 0.3729
vn 0.1473 -0.9442 0.2947
vn 0.0643 -0.9873 0.1450
vn 0.0424 -0.8304 0.5556
vn -0.9288 -0.1724 0.3281
vn -0.6456 -0.2771 0.7116
vn -0.6005 -0.5260 0.6023
vn -0.7991 -0.4778 0.3648
vn 0.6326 -0.7719 0.0634
vn 0.3568 -0.9335 0.0345
vn 0.5718 -0.8152 -0.0926
vn 0.9291 -0.3307 -0.1658
vn 0.9451 -0.3107 -0.1016
vn 0.9040 -0.3105 -0.2939
vn -0.9947 -0.0644 0.0806
vn -0.5916 -0.7452 0.3077
vn -0.1334 -0.9713 0.1971
vn -0.1360 -0.9901 -0.0334
vn 0.7510 -0.6376 -0.1718
vn 0.6145 -0.7227 -0.3162
vn 0.6158 -0.6218 -0.4839
vn -0.4125 -0.9110 -0.0001
vn 0.1777 -0.9587 -0.2222
vn 0.0009 -0.9733 -0.2294
vn 0.0553 -0.9376 -0.3432
vn -0.8523 -0.4848 0.1962
vn -0.7203 -0.6862 0.1015
vn -0.1944 -0.9776 -0.0804
vn 0.3851 -0.8396 -0.3831
vn 0.3662 -0.7464 -0.5558
vn 0.9450 -0.1762 -0.2757
vn 0.9255 -0.1809 -0.3328
vn 0.8319 -0.1376 -0.5377
vn 0.4846 -0.7833 0.3894
vn 0.9983 -0.0567 0.0154
vn -0.5376 -0.8199 -0.1968
vn -0.1362 -0.9411 -0.3096
vn -0.1284 -0.8428 -0.5227
vn 0.6069 -0.5589 -0.5650
vn 0.4977 -0.5552 -0.6664
vn 0.4769 -0.5256 -0.7045
vn -0.8262 -0.5632 0.0162
vn -0.9253 -0.3675 -0.0933
vn 0.1812 -0.6872 -0.7036
vn 0.1504 -0.4435 -0.8836
vn 0.6308 -0.3173 -0.7081
vn 0.5960 -0.3159 -0.7383
vn 0.6278 -0.1680 -0.7600
vn 0.6023 0.7831 0.1547
vn 0.7320 0.6794 -0.0507
vn 0.4597 0.8822 0.1022
vn -0.2531 0.9647 0.0721
vn -0.1305 0.9914 -0.0066
vn -0.5373 0.8401 -0.0744
vn -0.6290 0.7642 0.1426
vn -0.7114 0.7028 -0.0028
vn -0.9269 0.3739 0.0316
vn -0.9440 0.2495 0.2158
vn -0.9109 0.3819 0.1566
vn 0.0872 0.6134 0.7849
vn -0.3877 0.4329 0.8138
vn -0.1495 0.4185 0.8958
vn 0.6240 0.1821 0.7599
vn 0.4182 0.1984 0.8864
vn 0.5804 -0.0275 0.8139
vn 0.7501 -0.0709 0.6575
vn 0.4269 0.4620 0.7774
vn 0.0514 0.5707 0.8195
vn -0.6978 -0.6811 -0.2218
vn -0.6070 -0.6794 -0.4123
vn -0.1296 -0.7137 -0.6883
vn -0.1228 -0.5104 -0.8511
vn 0.7484 0.0743 -0.6591
vn 0.9518 0.0623 -0.3002
vn -0.5890 -0.5608 -0.5818
vn -0.7576 -0.4741 -0.4487
vn -0.6010 -0.4099 -0.6861
vn -0.1441 -0.2360 -0.9610
vn 0.0869 -0.2405 -0.9667
vn 0.2452 0.0693 -0.9670
vn 0.7628 0.2046 -0.6135
vn 0.5610 0.2913 -0.7749
vn 0.6800 0.2947 -0.6713
vn 0.9614 0.1097 -0.2523
vn 0.9090 0.2171 -0.3558
vn -0.8318 -0.4818 -0.2756
vn -0.9177 -0.3555 -0.1774
vn -0.9374 -0.2777 -0.2103
vn -0.9364 -0.2406 -0.2554
vn -0.9194 -0.1847 -0.3473
vn 0.6132 0.0245 -0.7895
vn 0.3270 0.2002 -0.9236
vn 0.9298 0.2454 -0.2742
vn -0.9347 -0.0858 -0.3449
vn -0.5344 -0.1952 -0.8224
vn -0.1416 0.0756 -0.9870
vn 0.5989 0.4242 -0.6792
vn 0.3420 0.5067 -0.7914
vn 0.5818 0.5192 -0.6261
vn 0.8622 0.3208 -0.3921
vn 0.8424 0.3543 -0.4059
vn 0.7279 0.5108 -0.4574
vn 0.9352 0.2764 -0.2212
vn -0.0263 0.3700 -0.9286
vn 0.3901 0.3704 -0.8430
vn 0.9239 0.3486 -0.1575
vn -0.7066 -0.1057 -0.6997
vn -0.6183 0.0665 -0.7831
vn -0.1803 0.2175 -0.9593
vn -0.1368 0.4744 -0.8696
vn 0.3577 0.6107 -0.7065
vn 0.4419 0.7531 -0.4875
vn 0.8169 0.4910 -0.3027
vn 0.7770 0.5503 -0.3057
vn 0.6282 0.7172 -0.3018
vn 0.9136 0.3860 -0.1274
vn 0.2723 0.0197 -0.9620
vn -0.4360 0.4182 -0.7969
vn 0.9988 0.0062 -0.0477
vn -0.8155 0.1686 -0.5536
vn -0.7150 0.2054 -0.6682
vn -0.1291 0.6423 -0.7555
vn 0.0496 0.8295 -0.5563
vn 0.8518 0.5239 -0.0051
vn 0.3931 0.7967 -0.4591
vn 0.1239 0.9451 -0.3023
vn 0.6357 0.7455 -0.2005
vn 0.5801 0.7944 -0.1801
vn 0.3710 0.9224 -0.1078
vn -0.6033 0.5205 -0.6043
vn 0.6789 0.5889 -0.4385
vn -0.6117 0.6463 -0.4562
vn 0.1879 0.9782 -0.0887
vn 0.0479 0.9952 -0.0857
vn 0.0743 0.9971 0.0179
vn 0.2899 0.9537 -0.0796
vn -0.1212 0.9170 -0.3800
vn -0.6136 0.7308 -0.2992
vn -0.3023 0.9251 -0.2297
vn 0.3183 0.8811 -0.3498
vn -0.9130 0.4069 -0.0288
vn -0.5837 0.6195 0.5249
vn -0.8540 0.3917 0.3423
vn -0.7174 0.4024 0.5688
vn -0.1566 0.2408 0.9579
vn 0.0966 0.2610 0.9605
vn -0.2603 0.0919 0.9611
vn 0.8153 -0.2021 0.5426
vn 0.6019 -0.2753 0.7496
vn 0.7760 -0.3171 0.5453
vn -0.8657 0.2760 0.4176
vn 0.4600 -0.2390 0.8552
vn 0.9141 -0.1553 0.3747
vn 0.9473 -0.1882 0.2594
vn -0.8984 0.1389 0.4166
vn -0.5665 0.1679 0.8068
vn 0.6026 -0.4069 0.6865
vn 0.6622 -0.4909 0.5661
vn 0.1174 -0.0157 0.9930
vn -0.5860 -0.0001 0.8103
vn -0.1600 -0.1419 0.9769
vn 0.1591 -0.3767 0.9126
vn -0.1415 -0.3354 0.9314
vn 0.0454 -0.4952 0.8676
vn -0.6054 -0.1884 0.7733
vn 0.3881 -0.4840 0.7843
vn 0.1472 -0.7081 0.6906
vn 0.6050 -0.5967 0.5272
vn 0.5583 -0.6319 0.5376
vn 0.4605 -0.7419 0.4873
vn 0.8203 -0.4854 0.3025
vn 0.7838 -0.5407 0.3055
vn 0.6518 -0.6952 0.3031
vn -0.1417 -0.4379 0.8878
vn -0.1247 -0.6498 0.7498
vn 0.9149 -0.3817 0.1312
vn -0.5018 -0.4729 0.7243
vn 0.9739 0.0185 0.2262
vn 0.9347 0.0232 0.3546
vn 0.6238 0.3993 0.6719
vn 0.9203 0.2385 0.3102
vn 0.9194 0.3086 0.2440
vn -0.1397 0.8665 0.4793
vn 0.0653 0.9417 0.3302
vn -0.1342 0.9499 0.2822
vn -0.0586 0.9708 0.2327
vn -0.6062 0.7334 0.3077
vn 0.5959 0.6013 0.5323
vn 0.6285 0.6022 0.4922
vn 0.6002 0.7402 0.3030
vn 0.8365 0.1515 0.5266
vn 0.9973 0.0435 0.0589
vn 0.3663 0.8474 0.3844
vn 0.1593 0.9602 0.2293
vn 0.9373 0.3273 0.1196
vn 0.7760 0.5868 0.2313
vn 0.8155 0.5673 0.1147
vn 0.9481 -0.0595 0.3124
vn -0.1285 0.8139 0.5666
vn -0.8466 0.0357 -0.5310
vn 0.4274 -0.1853 -0.8849
vn 0.6308 -0.7490 0.2028
vn 0.5955 -0.7788 0.1972
vn 0.6008 -0.7409 0.3001
vn 0.1104 -0.1734 0.9786
vn -0.7532 -0.3788 0.5378
vn -0.9636 -0.1487 0.2223
vn -0.8188 -0.3795 0.4308
vn 0.6279 -0.5173 0.5815
vn 0.9336 -0.2534 0.2534
vn 0.3866 -0.7993 0.4600
vn 0.9534 -0.2966 -0.0547
vn 0.9040 -0.3289 -0.2732
vn 0.7060 -0.3725 -0.6024
vn 0.7385 -0.3936 -0.5475
vn 0.6156 -0.3681 -0.6967
vn -0.7373 0.3778 -0.5601
vn -0.1284 0.7874 -0.6030
vn -0.9379 0.1667 -0.3044
vn -0.9609 0.1511 -0.2319
vn -0.8263 0.3791 -0.4166
vn 0.7010 0.5394 -0.4665
vn 0.5748 0.7620 -0.2982
vn 0.2318 0.6344 0.7374
vn 0.1379 0.7854 0.6034
vn -0.3392 0.6475 0.6824
vn -0.6817 0.2263 0.6957
vn 0.1593 0.3792 0.9115
vn -0.7844 0.0794 0.6152
vn 0.9776 0.0809 0.1943
vn 0.9999 0.0043 0.0102
vn 0.9999 0.0091 0.0061
vn 0.9997 -0.0045 0.0227
vn 1.0000 -0.0079 0.0055
vn 0.9775 -0.2110 -0.0054
vn 0.9716 -0.2062 -0.1165
vn 0.9999 -0.0134 -0.0093
vn 0.9999 -0.0078 -0.0078
vn 0.9692 -0.1531 -0.1931
vn 0.9998 0.0005 -0.0213
vn 0.9997 0.0175 -0.0198
vn 0.9996 0.0263 -0.0121
vn 0.9998 0.0188 0.0020
vn 0.9998 0.0169 0.0075
vn 0.9755 0.1541 0.1572
vn 0.9998 -0.0079 0.0207
vn -0.9869 -0.0265 0.1589
vn -0.9868 -0.0209 0.1608
vn -0.9925 -0.0649 0.1032
vn -0.4597 -0.4549 0.7627
vn -0.8262 -0.3321 0.4551
vn -0.6514 -0.4324 0.6235
vn 0.3621 -0.8117 0.4583
vn -0.1397 -0.8911 0.4319
vn 0.5764 -0.7606 0.2988
vn 0.9374 -0.3459 -0.0400
vn 0.9899 -0.1374 0.0357
vn 0.6348 -0.7663 0.0991
vn 0.7770 -0.5950 0.2058
vn -0.2165 -0.7151 0.6646
vn -0.2450 -0.7440 0.6216
vn 0.1008 -0.6799 0.7264
vn -0.2687 -0.5476 0.7924
vn -0.8173 -0.0781 0.5709
vn -0.9631 -0.0987 0.2504
vn -0.9436 -0.1034 0.3144
vn -0.9840 -0.0688 0.1644
vn -0.6284 -0.5952 0.5009
vn -0.6793 -0.5687 0.4638
vn -0.7847 -0.5189 0.3391
vn 0.0812 -0.8054 0.5872
vn -0.4226 -0.7923 0.4400
vn 0.1772 -0.9460 0.2714
vn -0.1028 -0.9571 0.2708
vn 0.0696 -0.9801 0.1857
vn -0.1186 -0.9081 0.4016
vn 0.4265 -0.8997 0.0929
vn 0.6162 -0.7802 -0.1075
vn 0.7392 -0.6731 -0.0238
vn 0.7316 -0.6370 -0.2431
vn 0.5790 0.7748 -0.2540
vn 0.6113 0.7037 -0.3622
vn 0.5567 0.7596 -0.3363
vn -0.6241 0.7467 -0.2301
vn -0.6150 0.7055 -0.3522
vn -0.6819 0.6709 -0.2913
vn -0.9887 0.1441 -0.0406
vn -0.9839 0.1781 -0.0158
vn -0.9563 0.2604 -0.1328
vn -0.9855 0.1679 -0.0249
vn -0.1025 0.9135 0.3937
vn -0.6062 0.7470 0.2730
vn -0.1391 0.8899 0.4345
vn 0.3644 0.7775 0.5125
vn 0.1011 0.7710 0.6288
vn 0.1390 0.7603 0.6345
vn 0.9256 0.1698 0.3382
vn 0.9223 0.0506 0.3831
vn 0.9283 0.2370 0.2867
vn 0.6284 0.5951 0.5010
vn 0.6793 0.5688 0.4637
vn 0.7849 0.5187 0.3389
vn 0.0715 0.8776 0.4740
vn -0.9942 -0.0654 0.0851
vn -0.9043 -0.2928 0.3107
vn -0.9573 -0.2131 0.1953
vn -0.5974 -0.7567 0.2655
vn -0.1358 -0.9646 0.2260
vn 0.1601 -0.9871 0.0014
vn -0.1411 -0.9893 0.0375
vn 0.0612 -0.9938 -0.0932
vn -0.9810 -0.1438 0.1300
vn -0.7975 -0.5683 0.2026
vn -0.5868 -0.8031 0.1036
vn 0.3641 -0.9209 -0.1393
vn 0.5591 -0.7910 -0.2485
vn 0.8187 -0.4910 -0.2977
vn 0.7867 -0.5173 -0.3370
vn 0.6466 -0.5980 -0.4736
vn 0.9370 -0.2578 -0.2359
vn 0.9394 -0.3241 -0.1116
vn 0.8940 -0.3798 -0.2378
vn -0.9902 -0.1138 0.0809
vn -0.9902 -0.1137 0.0812
vn -0.9902 -0.1138 0.0810
vn -0.1476 -0.9883 -0.0380
vn -0.1363 -0.9629 -0.2330
vn -0.8450 -0.4503 0.2886
vn -0.9851 -0.1526 0.0792
vn -0.9222 -0.3420 0.1803
vn -0.4266 -0.8870 -0.1768
vn 0.1772 -0.9052 -0.3862
vn -0.1023 -0.9136 -0.3936
vn 0.0714 -0.8776 -0.4740
vn 0.8394 -0.2671 -0.4733
vn -0.9904 -0.1307 0.0448
vn -0.9753 -0.2183 0.0338
vn -0.9885 -0.1445 0.0441
vn -0.8734 -0.4831 0.0622
vn -0.7205 -0.6922 -0.0420
vn -0.1189 -0.9579 -0.2614
vn 0.4736 -0.7611 -0.4431
vn 0.3644 -0.7775 -0.5125
vn 0.1389 -0.7604 -0.6344
vn 0.6318 -0.5421 -0.5540
vn 0.6031 -0.5518 -0.5760
vn 0.6063 -0.4642 -0.6457
vn -0.9706 -0.2384 0.0336
vn -0.5954 -0.7534 -0.2792
vn -0.1391 -0.8899 -0.4345
vn 0.1010 -0.7710 -0.6287
vn 0.9311 -0.0911 -0.3531
vn -0.9901 -0.1402 0.0050
vn -0.9899 -0.1410 -0.0152
vn -0.9885 -0.1500 -0.0185
vn -0.7500 -0.6304 -0.2003
vn -0.4026 -0.7578 -0.5135
vn -0.2991 -0.7914 -0.5332
vn 0.2197 -0.6529 -0.7249
vn 0.0814 -0.6403 -0.7638
vn 0.0475 -0.6049 -0.7949
vn 0.7206 -0.2029 -0.6631
vn -0.7189 -0.6125 -0.3289
vn -0.5549 -0.6474 -0.5224
vn 0.4271 -0.4991 -0.7540
vn 0.4058 -0.3512 -0.8438
vn -0.9781 -0.1970 -0.0675
vn -0.9896 -0.1246 -0.0720
vn 0.1209 -0.4906 -0.8630
vn 0.0621 -0.4787 -0.8758
vn -0.0704 -0.4392 -0.8956
vn 0.8116 -0.0536 -0.5817
vn 0.7377 -0.0483 -0.6734
vn 0.7748 0.0391 -0.6309
vn 0.9233 0.0595 -0.3794
vn 0.9319 0.0145 -0.3625
vn -0.8097 -0.5088 -0.2924
vn -0.9152 -0.3026 -0.2660
vn -0.6077 -0.5473 -0.5754
vn -0.6579 -0.5106 -0.5536
vn -0.7731 -0.3754 -0.5113
vn -0.3904 -0.5080 -0.7678
vn -0.3002 -0.5204 -0.7994
vn 0.0772 -0.2214 -0.9721
vn 0.4666 -0.1930 -0.8632
vn -0.5819 -0.3700 -0.7242
vn 0.2362 -0.3894 -0.8903
vn -0.2138 -0.3333 -0.9183
vn -0.0838 -0.3110 -0.9467
vn 0.4651 -0.0221 -0.8850
vn 0.5749 0.0568 -0.8162
vn 0.6697 0.2522 -0.6985
vn 0.9491 0.1039 -0.2973
vn 0.9335 0.1318 -0.3334
vn 0.8127 0.3144 -0.4905
vn 0.8994 0.0951 -0.4266
vn -0.1627 -0.1459 -0.9758
vn -0.6026 -0.0475 -0.7966
vn -0.1433 0.0300 -0.9892
vn 0.6216 0.1979 -0.7579
vn 0.3988 0.2212 -0.8899
vn 0.1917 0.3188 -0.9282
vn 0.6316 0.3402 -0.6967
vn 0.6021 0.3581 -0.7136
vn 0.4573 0.5054 -0.7317
vn 0.2940 0.0651 -0.9536
vn 0.1334 -0.1239 -0.9833
vn -0.3403 -0.2619 -0.9031
vn -0.6314 -0.3403 -0.6967
vn -0.9739 -0.1631 -0.1580
vn -0.9743 -0.0716 -0.2134
vn -0.9911 -0.0749 -0.1102
vn -0.6514 -0.1721 -0.7389
vn -0.6772 -0.2463 -0.6934
vn -0.1392 0.1131 -0.9838
vn 0.0177 0.3281 -0.9445
vn 0.7793 0.3849 -0.4945
vn 0.5523 0.6519 -0.5196
vn 0.9210 0.3074 -0.2394
vn 0.8875 0.3727 -0.2710
vn 0.8982 0.3988 -0.1849
vn 0.9087 0.2866 -0.3037
vn 0.9857 0.0900 -0.1425
vn 0.8827 0.3291 -0.3354
vn -0.9787 -0.0585 -0.1970
vn -0.5273 0.1834 -0.8297
vn -0.3080 0.2075 -0.9285
vn 0.1307 0.4636 -0.8763
vn -0.1362 0.4082 -0.9027
vn 0.0603 0.5375 -0.8411
vn 0.8194 0.4821 -0.3102
vn -0.9826 -0.0508 -0.1784
vn -0.8195 -0.0394 -0.5717
vn -0.6596 0.0430 -0.7503
vn -0.4749 0.3524 -0.8064
vn 0.3714 0.5664 -0.7357
vn 0.3340 0.7144 -0.6149
vn -0.9094 0.1038 -0.4027
vn -0.7178 0.1953 -0.6683
vn -0.1499 0.4890 -0.8593
vn 0.1122 0.6824 -0.7224
vn -0.9902 -0.0004 -0.1397
vn -0.9902 -0.0005 -0.1397
vn -0.9814 0.0176 -0.1913
vn -0.9034 0.0318 -0.4277
vn -0.4073 0.5620 -0.7199
vn -0.2988 0.5863 -0.7530
vn 0.1603 0.8881 -0.4308
vn 0.5766 0.7069 -0.4097
vn -0.9126 0.1795 -0.3673
vn -0.7179 0.3633 -0.5938
vn -0.5826 0.5580 -0.5909
vn -0.0538 0.7937 -0.6059
vn -0.9875 0.0447 -0.1512
vn -0.9882 0.0594 -0.1413
vn -0.0928 0.9265 -0.3648
vn -0.9180 0.2415 -0.3144
vn -0.9328 0.2715 -0.2369
vn -0.6147 0.5841 -0.5300
vn -0.6869 0.5593 -0.4641
vn -0.7374 0.5497 -0.3925
vn -0.3603 0.7715 -0.5244
vn -0.4272 0.7593 -0.4908
vn -0.5625 0.7189 -0.4084
vn -0.1924 0.8661 -0.4613
vn -0.9763 0.1633 -0.1419
vn -0.8967 0.4044 -0.1800
vn -0.6211 0.6931 -0.3658
vn -0.9705 0.1868 -0.1527
vn -0.9943 0.0899 -0.0573
vn -0.4483 0.8765 0.1756
vn -0.8137 0.5512 0.1844
vn -0.4061 0.7562 0.5130
vn -0.2990 0.7914 0.5332
vn 0.2197 0.6528 0.7250
vn 0.0815 0.6405 0.7636
vn 0.0480 0.6049 0.7948
vn 0.7466 0.3749 0.5496
vn 0.4645 0.4786 0.7451
vn 0.5773 0.3870 0.7190
vn -0.9882 0.1530 0.0056
vn -0.7984 0.6017 -0.0208
vn -0.9823 0.1850 0.0300
vn -0.9698 0.2381 0.0530
vn -0.7214 0.6115 0.3251
vn -0.5822 0.6279 0.5164
vn 0.7738 0.1006 0.6254
vn 0.1604 0.4552 0.8758
vn -0.1416 0.4922 0.8589
vn 0.0601 0.3741 0.9254
vn 0.4980 0.2724 0.8233
vn 0.3745 0.2154 0.9018
vn 0.7711 -0.0344 0.6358
vn 0.9589 -0.0139 0.2835
vn 0.9545 -0.0219 0.2973
vn 0.9131 -0.0753 0.4008
vn -0.9879 0.1465 0.0499
vn -0.9805 0.1794 0.0803
vn -0.8466 0.4568 0.2731
vn -0.8286 0.3907 0.4009
vn -0.5999 0.5497 0.5814
vn -0.7601 0.4015 0.5108
vn -0.5154 0.4527 0.7276
vn -0.1442 0.4223 0.8949
vn 0.1604 0.2017 0.9662
vn -0.1406 0.2377 0.9611
vn 0.0601 0.1110 0.9920
vn 0.4851 0.0330 0.8738
vn 0.5742 -0.0657 0.8161
vn 0.8509 -0.1839 0.4920
vn 0.9693 -0.0972 0.2261
vn 0.9515 -0.1481 0.2696
vn 0.9050 -0.0839 0.4171
vn -0.9877 0.1274 0.0907
vn -0.9877 0.1274 0.0906
vn -0.9733 0.1686 0.1558
vn -0.9733 0.1683 0.1561
vn -0.6027 0.2699 0.7510
vn -0.9401 0.1655 0.2981
vn -0.1473 0.1641 0.9754
vn 0.1144 -0.0233 0.9932
vn -0.1850 -0.0322 0.9822
vn -0.3201 -0.0669 0.9450
vn 0.1765 -0.1937 0.9651
vn 0.6025 -0.2636 0.7533
vn -0.9937 0.0684 0.0890
vn -0.9900 0.0615 0.1268
vn -0.5862 0.0489 0.8087
vn 0.8516 -0.3215 0.4140
vn 0.7602 -0.4015 0.5108
vn 0.8315 -0.3881 0.3975
vn -0.9120 0.1158 0.3935
vn 0.2742 -0.3017 0.9131
vn 0.5440 -0.4455 0.7110
vn 0.9333 -0.2920 0.2092
vn -0.9839 0.0250 0.1767
vn -0.4219 -0.2308 0.8768
vn -0.1675 -0.2717 0.9477
vn 0.1606 -0.4534 0.8767
vn 0.0293 -0.4589 0.8880
vn 0.0603 -0.5400 0.8395
vn 0.8572 -0.4430 0.2627
vn -0.8735 0.0296 0.4859
vn -0.7034 -0.0901 0.7051
vn -0.3250 -0.3187 0.8904
vn 0.3674 -0.5448 0.7538
vn 0.1392 -0.6851 0.7150
vn 0.6314 -0.5901 0.5030
vn 0.6029 -0.6126 0.5111
vn 0.6134 -0.6742 0.4114
vn -0.1439 -0.5089 0.8487
vn 0.4845 0.7567 0.4390
vn 0.5686 0.7831 0.2518
vn -0.1188 0.9578 0.2615
vn -0.1361 0.9629 0.2329
vn -0.7362 0.6754 0.0433
vn -0.1476 0.9883 0.0380
vn -0.6054 0.7881 -0.1114
vn 0.9204 0.3291 0.2111
vn 0.0612 0.9938 0.0932
vn 0.9189 0.3718 0.1316
vn -0.1411 0.9893 -0.0376
vn -0.1328 0.9639 -0.2308
vn 0.6128 0.7831 0.1057
vn 0.3641 0.9209 0.1392
vn 0.4257 0.8972 -0.1175
vn 0.0649 0.9811 -0.1823
vn -0.3824 0.8630 -0.3302
vn 0.8727 0.4311 0.2291
vn 0.9959 0.0850 0.0318
vn 0.9416 0.3362 -0.0190
vn 0.8473 0.5305 0.0264
vn 0.6226 0.7754 -0.1058
vn 0.8656 0.4834 -0.1309
vn 0.9913 0.0556 -0.1192
vn 0.9918 -0.1232 0.0339
vn 0.9978 -0.0384 0.0540
vn -0.8164 -0.3143 -0.4845
vn -0.9299 -0.2693 -0.2506
vn -0.9913 -0.1110 -0.0713
vn -0.9699 -0.1800 -0.1640
vn 0.0604 0.1607 -0.9852
vn 0.1603 0.0658 -0.9849
vn -0.9646 0.0176 0.2632
vn -0.7285 -0.2490 0.6381
vn -0.7187 -0.2855 0.6340
vn 0.2190 -0.7680 0.6018
vn 0.0484 -0.8341 0.5495
vn 0.2989 -0.0620 0.9523
vn -0.8260 -0.2706 0.4944
vn -0.5258 -0.5886 0.6141
vn -0.3826 -0.6011 0.7017
vn -0.4723 -0.5948 0.6504
vn -0.6149 -0.5705 0.5444
vn 0.6000 -0.5496 0.5813
vn -0.3917 -0.7430 0.5427
vn -0.9644 -0.2619 0.0370
vn 0.8368 -0.5429 0.0713
vn -0.8175 -0.5746 -0.0395
vn -0.9444 -0.3180 -0.0840
vn -0.9638 -0.2538 -0.0823
vn -0.6103 -0.6069 -0.5092
vn -0.2457 -0.6709 -0.6996
vn -0.2162 -0.7122 -0.6679
vn -0.3921 -0.5924 -0.7038
vn 0.5997 -0.6174 -0.5090
vn -0.9406 -0.1242 -0.3161
vn -0.1303 -0.4197 -0.8983
vn -0.9549 -0.0964 -0.2808
vn -0.6145 -0.3035 -0.7282
vn 0.6147 0.3033 -0.7281
vn -0.6318 0.5421 -0.5541
vn -0.2186 0.7156 -0.6634
vn -0.9482 0.2472 -0.1994
vn -0.3820 0.7424 -0.5504
vn 0.8290 0.5551 -0.0672
vn 0.1600 0.9871 -0.0014
vn 0.1773 0.9052 0.3862
vn -0.8440 0.3260 0.4258
vn -0.6314 0.5903 0.5029
vn -0.2163 0.7120 0.6680
vn -0.2456 0.6710 0.6996
vn -0.3920 0.5925 0.7038
vn 0.4579 0.5962 0.6595
vn 0.6149 0.5705 0.5445
vn 0.5515 0.5841 0.5955
vn 0.3971 0.6002 0.6943
vn 0.7271 0.2733 0.6298
vn 0.8065 0.3349 0.4872
vn 0.2948 0.4404 0.8480
vn 0.2951 0.1947 0.9354
vn 0.7053 0.1265 0.6975
vn 0.7027 -0.0964 0.7049
vn 0.7075 -0.0677 0.7034
vn 0.7103 0.1178 0.6939
vn 0.6962 0.2335 0.6788
vn 0.7164 0.2541 0.6497
vn 0.7164 0.2541 0.6498
vn 0.7188 0.4273 0.5483
vn 0.7188 0.4273 0.5484
vn 0.7206 0.5644 0.4028
vn 0.7225 0.6537 0.2251
vn 0.7238 0.6894 0.0292
vn 0.7238 0.6894 0.0291
vn 0.7070 0.6517 -0.2749
vn 0.7243 0.6680 -0.1711
vn 0.7182 0.6345 -0.2855
vn 0.7021 0.5656 -0.4326
vn 0.6955 -0.2200 0.6840
vn 0.7176 -0.2357 0.6553
vn 0.7177 -0.2357 0.6553
vn 0.6941 -0.4114 0.5907
vn 0.6919 -0.5589 0.4570
vn 0.6920 -0.5589 0.4570
vn 0.6904 -0.6640 0.2871
vn 0.6887 -0.7189 0.0943
vn 0.6823 -0.7210 -0.1209
vn 0.7036 -0.5311 -0.4721
vn 0.7140 -0.6366 -0.2916
vn 0.7053 -0.6499 -0.2832
vn 0.7106 -0.5214 -0.4725
vn 0.6886 -0.4383 -0.5777
vn 0.6932 -0.2448 -0.6779
vn 0.6911 -0.0498 -0.7210
vn 0.6899 0.1495 -0.7083
vn 0.6883 0.3386 -0.6416
vn 0.7061 0.5445 -0.4526
vn 0.6780 0.5074 -0.5319
vn 0.7187 -0.4273 0.5485
vn 0.7188 -0.4272 0.5485
vn 0.7206 -0.5641 0.4032
vn 0.7225 -0.6537 0.2251
vn 0.7238 -0.6894 0.0291
vn 0.7238 -0.6894 0.0292
vn 0.7243 -0.6680 -0.1711
vn 0.7187 -0.3931 -0.5736
vn 0.7195 -0.1977 -0.6657
vn 0.7196 -0.1978 -0.6657
vn 0.7211 -0.0000 -0.6928
vn 0.7230 0.1966 -0.6623
vn 0.7319 0.3852 -0.5621
vn 0.7319 0.3851 -0.5622
vn 0.6825 0.7208 -0.1212
vn 0.6824 0.7209 -0.1212
vn 0.6887 0.7188 0.0946
vn 0.6904 0.6640 0.2871
vn 0.6918 0.5592 0.4569
vn 0.6918 0.5592 0.4568
vn 0.6941 0.4114 0.5907
vn -0.9002 0.0023 -0.4355
vn -0.3846 -0.0024 -0.9231
vn -0.9096 -0.0028 -0.4156
vn -0.3530 0.0015 -0.9356
vn -0.9999 -0.0006 -0.0130
vn -0.9999 -0.0000 -0.0124
vn 0.9342 -0.0024 -0.3568
vn 0.4740 0.0025 -0.8805
vn 0.9414 0.0016 -0.3373
vn 0.4404 -0.0026 -0.8978
vn 1.0000 0.0006 -0.0074
vn 1.0000 -0.0000 -0.0068
vn -0.0540 -0.1837 -0.9815
vn 0.0011 -0.3598 -0.9330
vn -0.0292 -0.2659 -0.9636
vn 0.0955 -0.7895 -0.6063
vn -0.0916 -0.7873 -0.6098
vn 0.0948 -0.7034 -0.7044
vn 0.1272 -0.9154 -0.3819
vn -0.1252 -0.9138 -0.3863
vn -0.0751 -0.5082 -0.8579
vn 0.0132 -0.2837 -0.9588
vn -0.0969 -0.7014 -0.7061
vn 0.1024 -0.6035 -0.7908
vn -0.6045 0.0968 -0.7907
vn -0.4854 -0.2020 -0.8506
vn -0.4023 -0.0617 -0.9134
vn -0.2023 -0.5417 -0.8158
vn -0.2703 -0.6069 -0.7475
vn -0.3939 -0.6127 -0.6852
vn -0.5137 -0.7627 -0.3930
vn -0.4920 -0.8474 -0.1996
vn -0.5696 -0.8003 -0.1871
vn -0.7345 -0.5829 -0.3475
vn -0.7092 -0.6805 -0.1842
vn -0.7485 -0.6333 -0.1966
vn -0.8196 -0.5575 -0.1320
vn -0.9148 -0.1791 -0.3621
vn -0.8904 -0.3921 -0.2313
vn -0.9203 -0.3336 -0.2044
vn -0.7566 -0.1068 -0.6451
vn -0.7285 -0.0963 -0.6782
vn -0.5537 -0.2044 -0.8073
vn -0.7066 -0.3757 -0.5996
vn -0.7648 -0.3539 -0.5384
vn -0.6515 -0.3925 -0.6492
vn -0.5592 -0.5233 -0.6430
vn -0.5680 -0.5225 -0.6360
vn -0.5512 -0.5239 -0.6494
vn -0.0796 -0.2067 -0.9752
vn -0.2641 -0.8666 -0.4234
vn -0.2513 -0.9406 -0.2283
vn -0.4922 -0.2049 -0.8460
vn -0.8435 -0.3547 -0.4033
vn -0.8038 -0.3361 -0.4910
vn -0.6971 -0.6279 -0.3461
vn -0.5759 -0.5217 -0.6294
vn -0.4414 -0.8037 -0.3990
vn -0.4644 -0.6440 -0.6079
vn -0.4124 -0.8975 -0.1562
vn -0.9066 -0.0025 -0.4220
vn -0.6147 0.0099 -0.7887
vn -0.5894 0.0136 -0.8077
vn -0.4155 0.2357 -0.8785
vn -0.1658 0.0025 -0.9862
vn -0.0425 0.0012 -0.9991
vn 0.0143 -0.2777 -0.9606
vn 0.4509 -0.6607 -0.6001
vn 0.7980 0.0075 -0.6027
vn 0.8598 -0.1830 -0.4768
vn 0.9352 -0.0000 -0.3542
vn 0.9516 0.0043 -0.3074
vn 0.8723 -0.1007 -0.4786
vn 0.6709 0.4862 -0.5599
vn 0.4548 0.6603 -0.5976
vn 0.7078 -0.0651 -0.7034
vn 0.6260 -0.1034 -0.7730
vn 0.2864 -0.0128 -0.9580
vn 0.1652 0.6649 -0.7285
vn 0.3078 -0.0001 -0.9515
vn 0.1954 -0.8764 -0.4402
vn 0.0377 -0.0017 -0.9993
vn 0.0614 0.0021 -0.9981
vn 0.2096 0.0068 -0.9778
vn 0.2801 -0.0130 -0.9599
vn 0.6495 -0.1667 -0.7419
vn 0.5882 -0.3814 -0.7132
vn 0.7159 -0.4604 -0.5249
vn 0.6909 -0.5132 -0.5093
vn 0.2299 -0.5990 -0.7670
vn 0.2219 -0.5787 -0.7847
vn 0.2822 -0.5363 -0.7955
vn 0.4718 -0.7397 -0.4799
vn 0.4258 -0.5631 -0.7083
vn 0.5013 -0.6718 -0.5453
vn 0.8637 -0.2757 -0.4220
vn 0.4418 -0.4739 -0.7618
vn 0.4416 -0.4739 -0.7619
vn 0.4418 -0.4738 -0.7618
vn 0.5644 -0.2510 -0.7864
vn 0.5470 -0.2889 -0.7857
vn 0.5656 -0.2459 -0.7871
vn 0.5832 -0.2043 -0.7862
vn 0.2657 -0.8644 -0.4270
vn -0.7373 0.6756 0.0014
vn -0.6934 0.7205 0.0013
vn -0.2813 -0.9596 0.0011
vn -0.5995 -0.8004 0.0021
vn -0.6074 -0.7944 0.0024
vn -0.7738 -0.6334 -0.0028
vn -0.8992 -0.4376 0.0034
vn -0.9023 -0.4311 0.0028
vn 0.3610 0.7478 -0.5572
vn -0.0462 -0.0014 -0.9989
vn 0.6982 0.0020 -0.7159
vn -0.0326 0.0021 -0.9995
vn -0.5074 -0.0002 -0.8617
vn -0.7000 -0.0018 -0.7141
vn 1.0000 0.0047 -0.0000
vn 1.0000 0.0007 0.0008
vn 0.9999 0.0109 0.0003
vn 1.0000 0.0061 -0.0014
vn 0.9752 0.1292 -0.1795
vn 0.9445 -0.0060 -0.3286
vn 1.0000 0.0002 -0.0026
vn 1.0000 -0.0000 -0.0000
vn 1.0000 0.0002 -0.0078
vn 1.0000 -0.0001 -0.0063
vn 1.0000 -0.0016 -0.0026
vn 1.0000 -0.0025 -0.0008
vn 1.0000 -0.0025 -0.0000
vn 0.7570 0.6534 0.0069
vn 0.6917 0.7222 0.0011
vn -0.3850 0.4414 -0.8105
vn 0.2384 0.9593 -0.1515
vn -0.5896 0.6133 -0.5257
vn 0.0887 0.4866 -0.8691
vn -0.0535 0.8116 -0.5817
vn 0.1245 0.7647 -0.6323
vn -0.1311 0.8053 -0.5782
vn -0.0791 0.9220 -0.3790
vn 0.1104 0.9758 -0.1886
vn 0.0999 0.9258 -0.3647
vn -0.1239 0.9698 -0.2101
vn 0.1178 0.4298 -0.8952
vn -0.0003 0.3811 -0.9245
vn 0.0289 0.3501 -0.9363
vn -0.0023 0.3702 -0.9289
vn 0.0425 0.6161 -0.7865
vn -0.1132 0.5992 -0.7926
vn -0.0979 0.6008 -0.7934
vn 0.0448 0.7788 -0.6257
vn 0.0807 0.6302 -0.7723
vn 0.5584 0.2481 -0.7916
vn 0.6045 0.2173 -0.7664
vn 0.5668 0.2227 -0.7932
vn 0.2183 0.5417 -0.8117
vn 0.3099 0.5788 -0.7542
vn 0.1825 0.5250 -0.8313
vn 0.2700 0.8039 -0.5300
vn 0.2963 0.8190 -0.4914
vn 0.5096 0.6331 -0.5827
vn 0.4122 0.6241 -0.6638
vn 0.5512 0.6338 -0.5426
vn 0.7046 0.1017 -0.7023
vn 0.8669 0.1262 -0.4822
vn 0.4848 0.0700 -0.8718
vn 0.6754 0.4523 -0.5824
vn 0.6077 0.4462 -0.6569
vn 0.5726 0.4772 -0.6666
vn 0.1627 0.4668 -0.8693
vn 0.2241 0.9701 -0.0938
vn 0.4229 0.8292 -0.3655
vn 0.3621 0.8959 -0.2573
vn 0.4670 0.8673 -0.1724
vn 0.5572 0.8232 -0.1094
vn 0.6899 0.6271 -0.3616
vn 0.6575 0.7112 -0.2488
vn 0.7418 0.6476 -0.1742
vn 0.8072 0.5793 -0.1133
vn 0.7693 0.4236 -0.4782
vn 0.8672 0.4369 -0.2390
vn 0.8899 0.4220 -0.1730
vn 0.9407 0.2648 -0.2123
vn 0.8644 0.2840 -0.4150
vn 0.2625 0.0439 -0.9639
vn 0.3750 0.0940 -0.9223
vn 0.5945 0.6838 -0.4230
vn 0.3675 0.6168 -0.6960
vn 0.3500 0.5933 -0.7249
vn 0.3059 0.8475 -0.4338
vn 0.1317 0.6475 -0.7506
vn 0.7930 -0.0080 -0.6092
vn 0.3167 -0.0128 -0.9485
vn 0.0680 -0.0059 -0.9977
vn -0.0021 0.3681 -0.9298
vn -0.6178 -0.0057 -0.7863
vn -0.6269 -0.0055 -0.7791
vn -0.4503 0.6613 -0.5999
vn -0.4733 -0.8549 -0.2125
vn -0.8697 0.1839 -0.4580
vn -0.9298 -0.0000 -0.3681
vn -0.9423 0.0553 -0.3303
vn -0.6715 -0.4861 -0.5592
vn -0.7851 0.1107 -0.6094
vn -0.4559 -0.6599 -0.5972
vn -0.7148 0.0358 -0.6984
vn -0.4788 0.0561 -0.8761
vn -0.1654 -0.6648 -0.7285
vn -0.3037 0.0007 -0.9528
vn -0.1983 0.8730 -0.4456
vn -0.1602 -0.0044 -0.9871
vn -0.5090 0.2108 -0.8346
vn -0.5691 0.1953 -0.7987
vn -0.6874 0.6215 -0.3757
vn -0.8350 0.5150 -0.1939
vn -0.7495 0.6249 -0.2185
vn -0.6013 0.7755 -0.1924
vn -0.4238 0.8240 -0.3759
vn -0.4814 0.8492 -0.2168
vn -0.3916 0.9082 -0.1479
vn -0.2096 0.9541 -0.2141
vn -0.2322 0.7040 -0.6712
vn -0.2433 0.6710 -0.7004
vn -0.4745 0.5909 -0.6524
vn -0.4548 0.6951 -0.5567
vn -0.4796 0.5453 -0.6875
vn -0.5002 0.3580 -0.7884
vn -0.8602 0.2779 -0.4277
vn -0.8811 0.2614 -0.3941
vn -0.9287 0.2737 -0.2503
vn -0.9676 0.1866 -0.1702
vn -0.2115 0.5880 -0.7807
vn -0.2114 0.5883 -0.7805
vn -0.3578 0.4659 -0.8093
vn -0.4671 0.5311 -0.7069
vn -0.4813 0.4444 -0.7556
vn -0.1250 0.3623 -0.9236
vn -0.1246 0.3621 -0.9238
vn -0.1245 0.3621 -0.9238
vn -0.7877 0.2576 -0.5596
vn -0.6781 0.3670 -0.6368
vn -0.7846 0.4978 -0.3697
vn -0.8970 0.4262 -0.1173
vn -0.6579 0.4897 -0.5721
vn -0.6623 0.5273 -0.5323
vn -0.4430 0.7365 -0.5112
vn -0.4749 0.7898 -0.3880
vn -0.1895 0.9040 -0.3833
vn 0.7588 -0.6505 0.0315
vn 0.6912 -0.7223 0.0235
vn 0.2814 0.9596 0.0014
vn 0.5991 0.8006 0.0023
vn 0.6073 0.7945 0.0026
vn 0.7574 0.6530 -0.0028
vn 0.8985 0.4389 0.0031
vn 0.9014 0.4329 0.0026
vn 0.0049 1.0000 -0.0006
vn -0.0056 1.0000 0.0007
vn -0.9838 0.1790 0.0010
vn -0.9604 0.2787 0.0011
vn -0.8000 0.6000 0.0020
vn -0.7944 0.6074 0.0023
vn -0.6253 0.7804 0.0003
vn -0.4417 0.8971 0.0034
vn -0.4347 0.9006 0.0028
vn 0.5074 0.0002 -0.8617
vn 0.7000 0.0018 -0.7141
vn -0.0003 -0.0010 -1.0000
vn -0.0000 -0.0233 -0.9997
vn -0.0000 -0.0237 -0.9997
vn 0.1968 -0.6833 -0.7031
vn 0.0181 -0.1968 -0.9803
vn -0.0000 -0.3099 -0.9508
vn -0.0000 0.0119 -0.9999
vn -0.0013 -0.4895 -0.8720
vn -0.6982 -0.0020 -0.7159
vn -0.3607 -0.7385 -0.5697
vn -0.7435 -0.6687 0.0012
vn -0.6976 -0.7165 0.0011
vn 0.3964 0.4429 -0.8042
vn -0.0003 0.3085 -0.9512
vn 0.7307 -0.3208 -0.6027
vn -0.1955 0.6786 -0.7080
vn -0.0181 0.1968 -0.9803
vn -0.0000 0.3032 -0.9529
vn -0.0000 -0.0243 -0.9997
vn 0.0013 0.4766 -0.8791
vn -0.0618 -0.0021 -0.9981
vn -0.0444 -0.0000 -0.9990
vn 0.0935 0.0032 -0.9956
vn 0.0708 -0.0000 -0.9975
vn -0.9439 0.3301 0.0059
vn -0.4163 0.9092 -0.0067
vn -0.7530 0.1913 -0.6296
vn -0.9356 -0.3531 0.0073
vn -0.6631 -0.3906 -0.6385
vn -0.5076 -0.8615 0.0103
vn -0.3531 -0.9356 -0.0073
vn 0.2482 -0.9687 0.0082
vn 0.3301 -0.9439 -0.0059
vn 0.9092 -0.4163 0.0067
vn 0.7280 -0.2898 -0.6213
vn 0.9937 0.1120 0.0050
vn 0.7073 0.2953 -0.6423
vn 0.7460 0.6659 -0.0084
vn -0.3720 0.9282 0.0016
vn 0.1120 0.9937 -0.0050
vn 0.6659 0.7460 0.0084
vn 0.3850 0.9229 0.0035
vn -0.1124 0.9937 0.0024
vn -0.1672 0.9859 -0.0080
vn -0.8993 0.4373 0.0077
vn -0.7239 0.3066 -0.6181
vn -0.9937 -0.1120 0.0051
vn -0.7074 -0.2953 -0.6422
vn -0.7460 -0.6659 -0.0084
vn 0.2519 -0.9678 0.0007
vn -0.1552 -0.9879 -0.0030
vn 0.3119 -0.9501 -0.0092
vn 0.8360 -0.5487 0.0090
vn 0.7409 -0.2566 -0.6206
vn 0.9887 -0.1497 0.0099
vn 0.5473 0.0939 -0.8317
vn 0.4152 0.9097 -0.0066
vn -0.6659 -0.7460 0.0084
vn -0.4052 -0.9142 0.0040
vn 0.9175 0.3976 0.0092
vn 0.6950 0.7190 0.0037
vn 1.0000 0.0026 -0.0017
vn 0.9969 -0.0000 -0.0792
vn 1.0000 0.0008 -0.0000
vn 0.9674 0.1600 -0.1963
vn -1.0000 -0.0008 -0.0000
vn -0.7753 -0.6235 -0.1012
vn -1.0000 -0.0026 -0.0017
vn -0.9969 -0.0000 -0.0789
vn -0.4417 0.8971 -0.0126
vn -0.3909 0.9204 0.0009
vn 0.2427 0.7278 -0.6414
vn 0.4314 0.9020 0.0190
vn 0.7016 0.3366 -0.6280
vn 0.9486 0.3164 0.0045
vn 0.7073 -0.3362 -0.6218
vn 0.8856 -0.4643 0.0095
vn -0.6043 -0.7967 0.0054
vn -0.7246 -0.2477 -0.6432
vn -0.4282 -0.6334 -0.6446
vn 0.1320 -0.9912 0.0081
vn 0.1577 -0.7677 -0.6211
vn -0.9556 -0.2947 0.0003
vn -0.9156 -0.4021 0.0008
vn -0.7035 -0.3400 -0.6241
vn -0.3593 -0.9332 0.0065
vn -0.2513 -0.7259 -0.6402
vn -0.1280 -0.9918 0.0004
vn -0.3640 -0.9314 0.0064
vn -0.9115 0.4110 0.0135
vn -0.7423 0.2048 -0.6380
vn -0.9981 -0.0602 0.0135
vn -0.6893 -0.3257 -0.6471
vn -0.7271 -0.6866 -0.0027
vn -0.6853 -0.7281 0.0159
vn -0.9932 -0.1161 0.0011
vn -0.7212 -0.2722 -0.6370
vn -0.3597 -0.3239 -0.8750
vn -0.6689 -0.7432 0.0154
vn -0.1152 -0.9933 -0.0008
vn -0.3524 -0.9358 0.0061
vn -0.7348 0.1506 -0.6613
vn -0.8965 0.4422 0.0251
vn 0.9966 0.0823 0.0014
vn 0.7258 0.2433 -0.6434
vn 0.3729 0.2867 -0.8825
vn 0.6401 0.7682 0.0141
vn 0.3778 0.9258 -0.0113
vn 0.3128 0.9497 -0.0169
vn 0.0269 0.9996 0.0114
vn -0.3447 0.9386 -0.0162
vn -0.4135 0.9102 -0.0223
vn -0.5046 0.2905 -0.8130
vn 0.6864 0.7269 0.0192
vn 0.1141 0.9933 0.0186
vn -0.6055 0.7953 0.0291
vn 0.9931 0.1174 0.0005
vn 0.7209 0.2726 -0.6371
vn 0.1180 0.9930 -0.0004
vn 0.3544 0.9351 0.0064
vn 0.6689 0.7432 0.0154
vn 0.3594 0.3235 -0.8754
vn 0.1287 0.9917 -0.0001
vn 0.3644 0.9312 0.0064
vn 0.9115 -0.4110 0.0135
vn 0.4414 -0.8972 -0.0124
vn 0.7423 -0.2048 -0.6380
vn 0.9981 0.0602 0.0135
vn 0.6893 0.3257 -0.6471
vn 0.7271 0.6866 -0.0027
vn 0.3906 -0.9206 0.0003
vn 0.6853 0.7281 0.0159
vn 0.1728 -0.7322 -0.6588
vn 0.3911 -0.9202 0.0172
vn -0.1599 -0.7326 -0.6616
vn -0.2388 -0.9711 0.0046
vn -0.0799 0.9968 0.0017
vn -0.2423 0.7264 -0.6431
vn -0.6091 0.7929 -0.0136
vn -0.9831 0.1809 0.0292
vn -0.9241 0.3820 -0.0125
vn -0.9982 -0.0582 -0.0139
vn -0.7662 -0.6425 0.0142
vn -0.5454 -0.5428 -0.6386
vn -0.7822 0.6220 0.0367
vn 0.3360 0.7076 -0.6217
vn 0.4484 0.8938 0.0018
vn 0.5885 -0.4943 -0.6398
vn 0.7820 -0.6231 0.0143
vn 0.9510 -0.3077 -0.0304
vn 0.8437 0.5368 -0.0053
vn 0.9934 -0.1137 0.0145
vn 0.9634 0.2681 0.0075
vn 0.0799 -0.9968 0.0010
vn 0.2423 -0.7264 -0.6431
vn 0.6091 -0.7929 -0.0136
vn 0.9831 -0.1810 0.0292
vn 0.9241 -0.3819 -0.0125
vn 0.9982 0.0582 -0.0138
vn 0.7662 0.6424 0.0143
vn 0.5454 0.5429 -0.6386
vn 0.2395 0.9709 0.0046
vn 0.1604 0.7323 -0.6619
vn 0.7822 -0.6220 0.0367
vn -0.0476 -0.5942 -0.8029
vn -0.3163 -0.9486 0.0051
vn -0.4992 0.8664 0.0152
vn -0.4431 0.8961 -0.0250
vn -0.7953 0.6055 -0.0291
vn -0.9386 0.3447 0.0163
vn -0.9996 -0.0269 -0.0115
vn -0.9933 -0.1141 -0.0186
vn -0.9259 -0.3777 0.0112
vn -0.7683 -0.6399 -0.0141
vn -0.7268 -0.6865 -0.0192
vn -0.2018 0.9794 0.0003
vn -0.9103 0.4134 0.0223
vn -0.9496 -0.3129 0.0169
vn -0.6092 -0.7929 0.0136
vn 0.5560 -0.2559 -0.7908
vn 0.9451 -0.0369 -0.3246
vn -0.5015 0.2418 -0.8307
vn -0.9293 0.0352 -0.3677
vn 0.7056 0.0048 -0.7086
vn 0.9549 0.0091 -0.2967
vn 0.0001 -0.0000 -1.0000
vn 0.6502 0.1379 -0.7471
vn -0.6517 -0.1342 -0.7465
vn -0.7056 -0.0048 -0.7086
vn -0.9549 -0.0091 -0.2967
vn -0.3089 0.9510 -0.0128
vn -0.6386 0.7694 -0.0183
vn -0.4774 0.8781 0.0304
vn -0.9078 0.4189 0.0188
vn -0.7043 0.2706 -0.6563
vn -0.9942 -0.1069 0.0086
vn -0.7453 -0.1170 -0.6563
vn -0.7963 -0.6048 0.0099
vn -0.7741 -0.6331 0.0007
vn -0.4370 -0.8995 -0.0040
vn -0.3523 -0.9358 -0.0143
vn -0.0562 -0.9976 -0.0402
vn 0.7741 -0.6331 -0.0006
vn 0.4369 -0.8995 0.0041
vn 0.7963 -0.6048 -0.0099
vn 0.9879 -0.1550 0.0088
vn 0.7502 -0.0805 -0.6563
vn 0.9332 0.3593 0.0086
vn 0.6859 0.3167 -0.6551
vn 0.6386 0.7694 0.0183
vn 0.4775 0.8781 -0.0304
vn 0.3089 0.9510 0.0128
vn 0.1470 0.9876 -0.0548
vn -0.1470 0.9876 0.0548
vn 0.0562 -0.9976 0.0402
vn 0.3523 -0.9358 0.0143
vn -0.3523 0.9358 0.0144
vn -0.4370 0.8995 0.0040
vn -0.7741 0.6331 -0.0006
vn -0.7963 0.6048 -0.0099
vn -0.9879 0.1550 0.0088
vn -0.7502 0.0804 -0.6563
vn -0.9331 -0.3594 0.0086
vn -0.6859 -0.3167 -0.6551
vn -0.6385 -0.7694 0.0183
vn -0.4774 -0.8781 -0.0304
vn -0.3089 -0.9510 0.0128
vn -0.1470 -0.9876 -0.0548
vn 0.4774 -0.8781 0.0304
vn 0.3089 -0.9510 -0.0128
vn 0.6385 -0.7694 -0.0183
vn 0.9078 -0.4189 0.0188
vn 0.7043 -0.2706 -0.6563
vn 0.9942 0.1068 0.0087
vn 0.7453 0.1170 -0.6563
vn 0.7963 0.6048 0.0099
vn 0.7741 0.6331 0.0007
vn 0.4370 0.8995 -0.0040
vn 0.3523 0.9358 -0.0144
vn 0.0562 0.9976 -0.0402
vn -0.0562 0.9976 0.0402
vn 0.1470 -0.9876 0.0548
vn 0.0027 0.9901 -0.1402
vn 1.0000 0.0068 -0.0001
vn 0.9872 0.1592 -0.0036
vn -0.9677 0.2436 0.0646
vn -0.8342 0.5185 -0.1876
vn -0.6840 0.7236 0.0926
vn -0.7323 0.6566 0.1807
vn -0.5859 0.8088 -0.0512
vn -0.3458 0.9271 0.1446
vn -0.1670 0.9840 -0.0622
vn 0.1670 0.9840 0.0621
vn 0.0904 0.9854 0.1446
vn 0.2763 0.9591 -0.0620
vn 0.5789 0.8070 0.1172
vn 0.5329 0.8230 0.1965
vn 0.7548 0.6545 -0.0446
vn 0.8797 0.4747 0.0282
vn -0.5094 0.8482 -0.1447
vn 0.3459 0.9271 -0.1446
vn -0.9999 -0.0032 -0.0140
vn -1.0000 -0.0056 -0.0000
vn -0.0000 0.9949 -0.1011
vn -0.0015 1.0000 -0.0010
vn -0.0026 -0.9899 -0.1415
vn -1.0000 -0.0068 -0.0001
vn -0.9873 -0.1591 -0.0036
vn 0.9814 -0.1831 0.0569
vn 0.7516 -0.6537 0.0881
vn 0.5854 -0.8039 -0.1050
vn 0.3459 -0.9271 0.1446
vn 0.1670 -0.9840 -0.0621
vn -0.1715 -0.9782 0.1172
vn -0.1230 -0.9727 0.1967
vn -0.4001 -0.9156 -0.0405
vn -0.5961 -0.8020 0.0385
vn -0.8201 -0.5720 0.0166
vn -0.8603 -0.5097 -0.0055
vn 0.5330 -0.8230 -0.1965
vn 1.0000 0.0042 -0.0083
vn 1.0000 0.0056 -0.0000
vn 0.1021 -0.9938 -0.0436
vn -0.0027 -0.9996 -0.0267
vn 0.4702 -0.8808 0.0561
vn 0.6038 -0.7971 -0.0064
vn 0.6038 -0.7971 -0.0065
vn 0.9176 -0.3971 -0.0174
vn 0.9176 -0.3971 -0.0176
vn 0.9176 -0.3971 -0.0175
vn 0.9186 -0.3949 -0.0185
vn 0.9186 -0.3949 -0.0186
vn 0.9185 -0.3949 -0.0188
vn 0.9990 0.0414 0.0138
vn 0.9990 0.0414 0.0136
vn 0.9912 0.1317 -0.0121
vn 0.4404 0.0581 -0.8959
vn 0.4956 0.0661 -0.8660
vn 0.7937 0.6083 -0.0063
vn 0.7937 0.6083 -0.0064
vn 0.7937 0.6082 -0.0068
vn 0.8224 0.5688 0.0101
vn 0.8224 0.5688 0.0100
vn 0.3734 0.9276 -0.0127
vn 0.3733 0.9276 -0.0126
vn 0.2715 0.9622 0.0194
vn 0.2715 0.9622 0.0195
vn -0.1321 0.9911 -0.0164
vn -0.1320 0.9911 -0.0164
vn -0.2433 0.9699 0.0125
vn -0.2433 0.9699 0.0124
vn -0.6144 0.7886 -0.0235
vn -0.6144 0.7886 -0.0236
vn -0.7233 0.6902 0.0199
vn -0.9407 0.3370 -0.0390
vn -0.9407 0.3371 -0.0390
vn -0.9793 -0.2023 0.0013
vn -0.9992 -0.0368 0.0145
vn -0.5882 -0.1482 -0.7950
vn -0.9866 -0.1632 -0.0000
vn -0.9811 0.1928 0.0161
vn -0.4436 -0.1724 -0.8795
vn -0.8078 -0.5892 0.0198
vn -0.6002 -0.7996 -0.0191
vn -0.7620 -0.6475 0.0114
vn -0.5496 -0.8350 -0.0258
vn -0.3596 -0.9326 0.0312
vn 0.5381 -0.8428 0.0075
vn 0.5821 -0.8130 -0.0150
vn 0.5821 -0.8130 -0.0155
vn 0.9225 -0.3858 0.0122
vn 0.9225 -0.3858 0.0120
vn 0.9225 -0.3859 0.0115
vn 0.9825 0.1861 0.0099
vn 0.4849 0.0576 -0.8727
vn 0.6940 0.2980 -0.6554
vn 0.9176 0.3973 0.0156
vn 0.9850 0.1634 0.0555
vn 0.9168 -0.3988 0.0192
vn 0.6091 0.7931 0.0057
vn 0.5884 0.8086 0.0015
vn 0.3602 0.9328 0.0083
vn 0.3624 0.9320 0.0091
vn -0.1343 0.9904 -0.0326
vn -0.1414 0.9894 -0.0332
vn -0.6034 0.7972 -0.0185
vn -0.6034 0.7973 -0.0185
vn -0.4142 0.9093 0.0400
vn -0.7896 0.6136 0.0102
vn -0.9183 0.3950 -0.0255
vn -0.9183 0.3950 -0.0256
vn -0.9901 0.1337 0.0419
vn -0.9837 -0.1749 -0.0409
vn -0.4409 -0.0784 -0.8941
vn -0.4867 -0.0864 -0.8693
vn -0.6515 -0.7585 -0.0143
vn -0.6515 -0.7585 -0.0142
vn -0.7494 -0.6611 0.0379
vn -0.7493 -0.6611 0.0381
vn -0.7493 -0.6611 0.0380
vn -0.0796 -0.9968 -0.0045
vn -0.0593 -0.9982 0.0044
vn -0.0592 -0.9982 0.0042
vn 0.3984 -0.9170 -0.0211
vn 0.1690 -0.3892 -0.9055
vn 0.1912 -0.4402 -0.8773
vn 0.6701 -0.7419 0.0243
vn 0.6701 -0.7419 0.0244
vn 0.1115 -0.9937 0.0124
vn 0.0561 -0.9984 -0.0028
vn 0.2369 -0.9711 0.0274
vn 0.8195 -0.5717 -0.0400
vn 0.8195 -0.5717 -0.0399
vn 0.9651 -0.2572 0.0496
vn 0.9971 -0.0764 -0.0027
vn 0.9933 -0.1142 0.0161
vn -0.3778 0.0589 -0.9240
vn -0.6388 -0.0608 -0.7670
vn -0.5754 -0.3292 -0.7487
vn -0.3840 -0.5183 -0.7641
vn -0.0847 -0.6308 -0.7713
vn -0.2732 0.5546 -0.7860
vn 0.0841 0.6304 -0.7717
vn 0.3918 0.5034 -0.7701
vn 0.5906 0.2401 -0.7704
vn 0.6381 -0.0778 -0.7660
vn 0.5445 -0.3581 -0.7585
vn 0.2717 -0.5577 -0.7843
vn -0.0167 -0.9996 0.0208
vn -0.0213 -0.9993 0.0309
vn -0.6410 -0.1691 -0.7487
vn -0.7428 -0.1006 -0.6619
vn -0.5188 -0.3942 -0.7586
vn -0.6427 0.0929 -0.7605
vn -0.7176 0.1770 -0.6735
vn -0.4545 -0.5961 -0.6619
vn -0.3336 -0.5730 -0.7486
vn -0.0706 -0.6398 -0.7653
vn 0.1043 -0.7429 -0.6612
vn 0.2736 -0.5550 -0.7856
vn 0.4076 -0.6283 -0.6627
vn -0.6191 0.4153 -0.6665
vn -0.5473 0.3568 -0.7571
vn -0.6421 -0.3727 -0.6700
vn -0.1907 -0.7177 -0.6698
vn -0.4176 0.6175 -0.6666
vn -0.3503 0.5491 -0.7588
vn 0.6314 0.0733 -0.7720
vn 0.7443 0.1177 -0.6574
vn 0.5092 0.3842 -0.7701
vn 0.7178 -0.1763 -0.6735
vn 0.6063 0.4473 -0.6575
vn 0.2502 0.5878 -0.7693
vn 0.0944 0.7430 -0.6626
vn -0.0679 0.6400 -0.7653
vn -0.1803 0.7160 -0.6744
vn 0.7071 -0.7071 0.0014
vn 0.6186 -0.4159 -0.6666
vn 0.3779 -0.0590 -0.9240
vn 0.3694 0.6443 -0.6696
vn 0.6975 0.2939 -0.6535
vn 0.4578 0.6029 -0.6534
vn 0.1121 0.7450 -0.6575
vn -0.1796 0.7171 -0.6735
vn -0.4186 0.6167 -0.6667
vn 0.7497 -0.0797 -0.6570
vn 0.6325 -0.4025 -0.6618
vn 0.4073 -0.6283 -0.6629
vn -0.7430 -0.0998 -0.6618
vn -0.7178 0.1763 -0.6735
vn -0.6421 -0.3730 -0.6698
vn -0.4548 -0.5961 -0.6617
vn -0.7070 0.7072 0.0012
vn -0.6187 0.4158 -0.6666
vn -0.3986 0.9170 -0.0137
vn -0.5126 0.8579 0.0360
vn -0.5126 0.8579 0.0359
vn -0.3772 0.2638 -0.8878
vn -0.3547 0.2478 -0.9015
vn -0.8191 0.5716 -0.0477
vn -0.9539 0.2944 0.0576
vn -0.9956 0.0940 0.0020
vn -0.9910 0.1321 0.0202
vn -0.0238 0.9997 0.0068
vn -0.0068 1.0000 -0.0025
vn -0.0080 1.0000 -0.0030
vn 0.0038 1.0000 -0.0048
vn 0.0049 1.0000 -0.0028
vn 0.9462 0.3194 -0.0508
vn 0.9462 0.3194 -0.0509
vn 0.8035 0.5913 0.0683
vn -0.5229 0.8522 -0.0208
vn 0.7419 0.6704 -0.0076
vn 0.7332 0.6800 -0.0092
vn -0.6860 0.7274 -0.0190
vn 0.4556 0.8902 0.0048
vn 0.4556 0.8902 0.0049
vn 0.4556 0.8902 0.0047
vn 0.3919 0.9196 -0.0262
vn -0.0275 0.9992 -0.0273
vn -0.0275 0.9993 -0.0272
vn -0.6377 0.7703 0.0061
vn -0.4252 0.9048 -0.0237
vn -0.5844 0.8115 -0.0040
vn 0.1013 0.9946 0.0243
vn 0.1013 0.9946 0.0242
vn -0.3117 0.9498 0.0287
vn -0.3117 0.9498 0.0288
vn -0.8159 0.5782 -0.0083
vn -0.7662 0.6426 0.0007
vn -0.9067 0.4212 -0.0214
vn -0.9992 0.0277 -0.0273
vn -0.9992 0.0277 -0.0272
vn -0.9196 -0.3919 -0.0262
vn -0.9996 -0.0276 -0.0049
vn -0.6816 -0.7317 -0.0112
vn -0.9869 -0.1609 -0.0063
vn -0.8902 -0.4556 0.0049
vn -0.8902 -0.4556 0.0047
vn -0.8902 -0.4556 0.0050
vn -0.9481 0.3166 0.0299
vn -0.9481 0.3167 0.0300
vn -0.9945 -0.1016 0.0242
vn -0.9945 -0.1016 0.0241
vn -0.6704 -0.7419 -0.0101
vn -0.5877 -0.8063 0.0674
vn -0.5877 -0.8063 0.0673
vn -0.3195 -0.9462 -0.0510
vn -0.3196 -0.9462 -0.0509
vn 0.9997 0.0157 0.0184
vn 0.9993 0.0215 0.0311
vn -0.9462 -0.3194 -0.0510
vn -0.9463 -0.3194 -0.0509
vn -0.8034 -0.5914 0.0685
vn 0.5204 -0.8537 -0.0200
vn -0.7422 -0.6701 -0.0079
vn -0.7331 -0.6800 -0.0085
vn 0.6839 -0.7293 -0.0187
vn -0.4556 -0.8902 0.0048
vn -0.4556 -0.8902 0.0047
vn -0.3923 -0.9195 -0.0263
vn 0.0276 -0.9992 -0.0273
vn 0.6380 -0.7700 0.0060
vn 0.4252 -0.9048 -0.0235
vn 0.5845 -0.8114 -0.0039
vn -0.1015 -0.9945 0.0243
vn -0.1015 -0.9945 0.0242
vn 0.3117 -0.9497 0.0288
vn 0.3117 -0.9497 0.0289
vn 0.8159 -0.5782 -0.0083
vn 0.7661 -0.6427 0.0007
vn 0.9066 -0.4214 -0.0212
vn 0.9993 -0.0272 -0.0272
vn 0.9993 -0.0273 -0.0273
vn 0.9993 -0.0273 -0.0272
vn 0.9196 0.3919 -0.0264
vn 0.9196 0.3919 -0.0263
vn 0.9996 0.0260 -0.0058
vn 0.6810 0.7322 -0.0109
vn 0.9871 0.1599 -0.0069
vn 0.8902 0.4555 0.0045
vn 0.9481 -0.3167 0.0297
vn 0.9481 -0.3167 0.0298
vn 0.9945 0.1016 0.0243
vn 0.9945 0.1016 0.0244
vn 0.6700 0.7423 -0.0096
vn 0.6214 0.7826 0.0374
vn 0.6213 0.7826 0.0374
vn 0.6214 0.7826 0.0376
vn 0.3197 0.9471 -0.0271
vn 0.3198 0.9471 -0.0270
vn 0.2477 0.9688 0.0087
vn -0.9997 -0.0153 0.0183
vn -0.9993 -0.0209 0.0307
vn -0.0000 -1.0000 -0.0054
vn 0.0268 -0.9934 -0.1115
vn -0.0009 -1.0000 -0.0053
vn 0.0137 -0.9968 -0.0790
vn -0.0406 -0.9473 -0.3178
vn -0.0867 -0.9577 -0.2742
vn 0.0261 -0.9255 -0.3777
vn -0.0576 -0.8364 -0.5451
vn -0.1011 -0.8478 -0.5206
vn 0.0142 -0.7579 -0.6522
vn -0.0274 -0.6680 -0.7436
vn -0.0057 -0.4949 -0.8689
vn 0.0058 -0.4342 -0.9008
vn -0.6673 -0.1699 -0.7251
vn -0.0301 -0.1006 -0.9945
vn -0.6582 0.0758 -0.7490
vn -0.0232 0.2281 -0.9734
vn -0.0058 0.4342 -0.9008
vn 0.0057 0.4949 -0.8689
vn 0.0274 0.6680 -0.7436
vn -0.0142 0.7579 -0.6522
vn 0.0576 0.8364 -0.5451
vn -0.0259 0.9256 -0.3777
vn -0.0742 0.9050 -0.4190
vn 0.0406 0.9473 -0.3178
vn -0.0269 0.9934 -0.1116
vn -0.0606 0.9781 -0.1990
vn -0.0136 0.9968 -0.0791
vn 0.0606 -0.9781 -0.1993
vn 0.0742 -0.9049 -0.4191
vn 0.1011 0.8476 -0.5210
vn 0.0867 0.9577 -0.2742
vn 0.0009 1.0000 -0.0053
vn -0.0000 1.0000 -0.0054
vn -0.0060 0.6412 -0.7673
vn 0.0011 0.9487 -0.3163
vn 0.6551 0.4630 -0.5970
vn -0.0015 0.2100 -0.9777
vn 0.6659 0.1492 -0.7309
vn -0.0055 0.9536 -0.3011
vn 1.0000 -0.0000 -0.0001
vn 0.6484 0.2354 0.7240
vn 1.0000 0.0001 -0.0000
vn 0.6625 -0.1572 -0.7324
vn 1.0000 -0.0001 -0.0000
vn 0.6498 -0.2403 0.7212
vn 0.8943 0.2690 0.3575
vn 0.8948 -0.2713 0.3545
vn 0.6547 -0.4861 -0.5789
vn 0.0054 1.0000 -0.0009
vn 0.0020 0.9993 0.0365
vn -0.0056 0.9951 0.0990
vn -0.0120 0.4494 0.8932
vn 0.0229 0.9245 0.3804
vn 0.0230 0.9245 0.3804
vn -0.0070 0.1834 0.9830
vn -0.0257 0.7698 0.6377
vn -0.0168 0.9777 0.2091
vn -0.0048 -0.6101 -0.7923
vn -0.0076 -0.9459 -0.3243
vn 0.0011 -0.9566 -0.2913
vn -0.0028 -0.2000 -0.9798
vn 0.0051 -1.0000 -0.0007
vn 0.0045 -0.9992 0.0406
vn -0.0031 -0.9952 0.0982
vn -0.0168 -0.9777 0.2091
vn 0.0230 -0.9245 0.3804
vn 0.0229 -0.9245 0.3804
vn -0.0131 -0.4444 0.8957
vn -0.0257 -0.7698 0.6377
vn -0.0009 -0.1768 0.9842
s 1
f 9//1 17//2 13//3
f 9//4 15//5 8//6
f 9//4 8//6 10//7
f 12//8 10//9 11//10
f 6//11 11//10 5//12
f 6//11 12//8 11//10
f 6//13 16//14 12//8
f 17//2 70//15 14//16
f 10//7 8//6 3//17
f 11//18 3//17 2//19
f 5//20 2//19 1//21
f 12//8 16//14 70//15
f 2//19 5//20 11//18
f 17//2 12//8 70//15
f 10//9 12//8 17//2
f 3//17 11//18 10//7
f 10//9 17//2 9//1
f 17//2 14//16 13//22
f 15//5 9//4 7//23
f 7//24 9//25 13//26
f 4//27 8//28 15//29
f 22//30 18//31 14//16
f 15//29 19//32 4//27
f 18//31 13//22 14//16
f 7//23 20//33 15//5
f 4//27 19//32 21//34
f 7//24 13//26 18//35
f 20//36 7//24 18//35
f 15//5 20//33 19//32
f 30//37 32//38 31//39
f 25//40 31//41 24//42
f 34//43 23//44 29//45
f 30//46 29//47 32//48
f 30//37 34//49 29//50
f 30//37 31//39 25//51
f 28//52 33//53 20//33
f 27//54 34//49 25//51
f 26//55 27//56 25//57
f 28//58 22//30 34//43
f 34//43 22//30 23//44
f 34//49 30//37 25//51
f 28//58 34//43 27//59
f 28//58 27//59 33//60
f 19//32 33//53 21//34
f 20//33 33//53 19//32
f 18//35 28//58 20//36
f 18//35 22//30 28//58
f 31//41 36//61 35//62
f 35//62 24//42 31//41
f 29//45 37//63 45//64
f 32//48 45//65 48//66
f 31//39 48//66 36//67
f 31//39 32//38 48//66
f 23//44 37//63 29//45
f 32//48 29//47 45//65
f 46//68 40//69 41//70
f 42//71 41//72 43//73
f 51//74 44//75 47//76
f 50//77 47//78 45//65
f 50//77 37//63 38//79
f 52//80 38//81 39//82
f 46//83 39//84 40//85
f 46//86 52//87 39//88
f 46//68 41//70 42//89
f 47//76 49//90 36//61
f 47//78 50//77 52//91
f 44//75 51//74 42//89
f 51//74 46//68 42//89
f 52//91 50//77 38//79
f 52//87 46//86 51//74
f 47//76 44//75 49//90
f 47//76 52//87 51//74
f 36//61 49//90 35//62
f 48//66 47//78 36//67
f 45//65 47//78 48//66
f 45//64 37//63 50//77
f 41//72 55//92 43//73
f 54//93 39//82 53//94
f 40//69 67//95 41//70
f 43//73 55//92 68//96
f 53//94 39//82 38//81
f 40//85 39//84 54//93
f 67//97 40//85 54//93
f 41//70 67//95 55//98
f 61//99 58//100 63//101
f 61//99 63//101 64//102
f 62//103 56//104 57//105
f 61//106 57//107 58//108
f 61//109 62//110 57//111
f 60//112 69//113 67//95
f 69//113 66//114 55//92
f 65//115 62//110 61//109
f 59//116 65//117 61//99
f 60//112 53//94 62//103
f 59//116 61//99 64//102
f 62//103 53//94 56//104
f 69//113 65//118 66//114
f 60//112 62//103 65//118
f 69//113 60//112 65//118
f 55//92 66//114 68//96
f 67//95 69//113 55//98
f 54//93 60//112 67//97
f 54//93 53//94 60//112
f 63//101 5//20 1//21
f 1//21 64//102 63//101
f 57//105 70//15 16//14
f 58//108 16//14 6//13
f 63//101 6//11 5//12
f 63//101 58//100 6//11
f 56//104 70//15 57//105
f 58//108 57//107 16//14
f 68//96 103//119 43//73
f 43//73 103//119 95//120
f 73//121 68//96 66//114
f 71//122 66//114 65//118
f 74//123 65//117 59//116
f 72//124 59//116 64//102
f 103//119 68//96 73//125
f 73//126 66//126 71//126
f 71//127 65//127 74//127
f 74//128 59//128 72//128
f 1//21 234//129 64//102
f 64//102 234//129 72//124
f 75//130 1//21 2//19
f 77//131 2//19 3//17
f 235//132 3//17 8//6
f 76//133 8//28 4//27
f 234//129 1//21 75//134
f 75//135 2//135 77//135
f 77//136 3//136 235//136
f 235//137 8//137 76//137
f 132//138 78//139 23//44
f 128//140 79//141 37//63
f 80//142 37//63 79//141
f 80//142 38//81 37//63
f 38//81 80//142 130//143
f 130//143 81//144 38//81
f 38//81 81//144 53//94
f 82//145 53//94 81//144
f 53//94 82//145 56//104
f 56//104 82//145 127//146
f 127//146 83//147 56//104
f 70//15 83//147 104//148
f 104//148 84//149 70//15
f 85//150 70//15 84//149
f 85//150 14//16 70//15
f 14//16 85//150 108//151
f 108//151 86//152 14//16
f 14//16 86//152 22//30
f 87//153 22//30 86//152
f 22//30 87//153 23//44
f 23//44 87//153 132//138
f 56//104 83//147 70//15
f 37//63 23//44 128//140
f 128//140 23//44 78//139
f 21//34 88//154 4//27
f 4//27 88//154 76//133
f 89//155 21//34 33//53
f 89//156 33//60 27//59
f 91//157 27//56 26//55
f 92//158 26//55 25//57
f 90//159 25//40 24//42
f 88//154 21//34 89//160
f 89//161 27//161 91//161
f 91//162 26//162 92//163
f 92//164 25//165 90//164
f 35//62 93//166 24//42
f 24//42 93//166 90//159
f 100//167 35//62 49//90
f 101//168 49//90 44//75
f 94//169 44//75 42//89
f 95//120 42//71 43//73
f 93//166 35//62 100//170
f 100//171 49//171 101//171
f 101//172 44//172 94//172
f 94//173 42//174 95//174
f 97//175 88//176 89//177
f 96//178 89//177 91//179
f 96//178 91//179 228//180
f 97//175 89//177 96//178
f 91//179 92//181 228//180
f 227//182 92//183 90//184
f 228//180 92//181 227//185
f 227//182 90//184 99//186
f 93//187 98//188 90//184
f 90//184 98//188 99//186
f 98//188 93//187 100//189
f 102//190 100//191 101//192
f 98//188 100//189 102//193
f 101//192 94//194 102//190
f 220//195 94//196 95//197
f 102//190 94//194 220//198
f 220//195 95//197 221//199
f 103//200 241//201 95//197
f 95//197 241//201 221//199
f 104//202 105//203 106//204
f 84//205 106//204 85//206
f 104//202 106//204 84//205
f 106//204 107//207 85//206
f 85//206 107//207 116//208
f 85//206 116//208 108//209
f 133//210 109//210 122//211
f 133//210 129//210 109//210
f 110//210 133//210 135//210
f 135//210 111//210 110//210
f 111//210 135//210 154//210
f 112//210 154//210 114//210
f 157//210 112//210 114//210
f 112//210 157//210 123//210
f 123//210 157//210 113//210
f 125//210 113//210 105//210
f 129//210 133//210 110//210
f 154//210 188//210 114//210
f 114//210 188//210 115//210
f 115//210 188//210 131//210
f 116//210 115//210 131//210
f 116//210 117//212 115//210
f 117//212 116//210 107//210
f 117//212 107//210 126//213
f 188//210 120//214 131//210
f 121//210 120//214 122//211
f 119//210 122//211 109//210
f 131//210 120//214 121//210
f 121//210 122//211 118//210
f 118//210 122//211 119//210
f 123//210 113//210 124//210
f 124//210 113//210 125//210
f 113//210 126//213 105//210
f 105//210 126//213 106//210
f 126//213 107//210 106//210
f 112//210 111//210 154//210
f 105//203 104//202 125//215
f 125//215 104//202 83//216
f 81//217 112//218 123//219
f 82//220 123//219 127//221
f 81//217 123//219 82//220
f 123//219 124//222 127//221
f 127//221 124//222 125//215
f 127//221 125//215 83//216
f 128//223 109//224 129//225
f 79//226 129//225 80//227
f 128//223 129//225 79//226
f 129//225 110//228 80//227
f 80//227 110//228 111//229
f 80//227 111//229 130//230
f 109//224 128//223 119//231
f 119//231 128//223 78//232
f 86//233 131//234 121//235
f 87//236 121//235 132//237
f 86//233 121//235 87//236
f 121//235 118//238 132//237
f 132//237 118//238 119//231
f 132//237 119//231 78//232
f 134//239 136//240 133//241
f 135//242 136//243 152//244
f 135//245 133//241 136//240
f 137//246 120//247 148//248
f 137//246 122//211 120//214
f 122//211 137//246 146//249
f 122//211 146//249 138//250
f 143//251 149//252 141//253
f 139//254 141//255 140//256
f 150//257 134//239 138//250
f 138//250 139//254 150//257
f 141//255 139//254 143//251
f 139//254 140//258 150//257
f 149//252 142//259 141//253
f 144//260 145//261 147//262
f 145//261 149//252 143//251
f 143//251 139//254 145//261
f 145//261 139//254 146//249
f 137//246 148//248 147//263
f 139//254 138//250 146//249
f 147//263 146//249 137//246
f 147//263 145//261 146//249
f 149//252 145//261 144//260
f 140//258 136//264 150//257
f 150//257 136//264 134//239
f 140//256 141//255 153//265
f 136//243 151//266 152//244
f 153//267 151//266 140//268
f 140//258 151//269 136//264
f 142//259 153//270 141//253
f 135//242 152//244 154//271
f 154//271 152//244 156//272
f 155//273 153//270 142//259
f 155//274 151//266 153//267
f 155//274 156//272 151//266
f 151//266 156//272 152//244
f 149//252 182//275 142//259
f 142//259 182//275 155//273
f 174//276 172//277 126//278
f 126//213 172//279 117//212
f 117//212 172//279 173//280
f 113//281 165//282 164//283
f 165//284 157//285 158//286
f 113//281 164//283 160//287
f 113//288 157//285 165//284
f 169//289 159//290 168//291
f 161//292 174//276 160//287
f 161//292 167//293 159//294
f 160//287 167//293 161//292
f 159//294 162//295 161//292
f 169//289 162//296 159//290
f 163//297 164//283 165//282
f 166//298 165//284 158//286
f 165//284 166//298 163//299
f 167//293 160//287 164//283
f 159//294 167//293 164//283
f 168//291 159//290 163//299
f 163//297 159//294 164//283
f 175//300 172//301 174//276
f 161//292 175//300 174//276
f 175//300 162//295 170//302
f 172//279 171//303 173//280
f 170//304 171//303 175//305
f 175//300 171//306 172//301
f 169//289 170//307 162//296
f 162//295 175//300 161//292
f 117//212 173//280 115//308
f 115//308 173//280 178//309
f 176//310 170//307 169//289
f 171//303 177//311 173//280
f 177//311 171//303 176//312
f 177//311 178//309 173//280
f 176//312 171//303 170//304
f 168//291 179//313 169//289
f 169//289 179//313 176//310
f 181//314 183//315 187//316
f 187//316 183//315 180//317
f 188//318 154//318 181//318
f 181//318 154//318 182//275
f 183//319 181//318 182//275
f 154//318 156//272 182//275
f 182//275 156//272 155//274
f 178//309 179//313 115//320
f 178//309 176//312 179//313
f 176//312 178//309 177//311
f 184//321 185//322 179//313
f 190//320 179//313 185//322
f 190//320 115//320 179//313
f 190//320 114//320 115//320
f 185//323 186//324 190//325
f 189//326 148//248 181//327
f 187//328 189//326 181//327
f 188//329 181//327 120//247
f 120//247 181//327 148//248
f 180//318 189//326 187//328
f 189//326 147//263 148//248
f 144//260 183//319 182//275
f 149//252 144//260 182//275
f 180//330 183//319 189//331
f 189//331 183//319 144//260
f 189//331 144//260 147//262
f 134//239 133//241 138//250
f 138//250 133//241 122//211
f 174//276 126//278 160//287
f 160//287 126//278 113//281
f 185//323 166//298 186//324
f 168//291 184//321 179//313
f 168//291 163//299 184//321
f 190//325 186//324 158//286
f 184//321 163//299 166//298
f 185//322 184//321 166//298
f 186//324 166//298 158//286
f 158//286 157//285 190//332
f 190//332 157//285 114//333
f 191//334 192//334 1320//335
f 1320//335 192//334 229//336
f 1292//337 193//338 194//339
f 1292//337 226//340 193//338
f 226//340 1292//337 195//341
f 198//342 195//341 196//343
f 197//344 196//343 1291//345
f 226//340 195//341 198//342
f 198//342 196//343 197//344
f 197//344 1291//345 199//346
f 1291//345 1299//347 199//346
f 199//346 1299//347 200//348
f 201//349 200//348 1299//347
f 201//349 230//350 200//348
f 230//350 201//349 1298//351
f 202//352 1298//351 203//353
f 232//354 203//353 1297//355
f 230//350 1298//351 202//352
f 202//352 203//353 232//354
f 232//354 1297//355 204//356
f 1297//355 206//357 204//356
f 204//356 206//357 205//358
f 206//357 207//359 205//358
f 206//360 211//361 207//362
f 212//363 211//361 208//364
f 222//365 208//364 210//366
f 207//362 211//361 212//363
f 212//363 208//364 222//365
f 222//365 210//366 209//367
f 210//366 1294//368 209//367
f 209//367 1294//368 213//369
f 214//370 213//369 1294//368
f 214//370 215//371 213//369
f 215//371 214//370 216//372
f 219//373 216//372 1293//374
f 218//375 1293//376 217//377
f 215//371 216//372 219//373
f 219//373 1293//374 218//378
f 217//377 194//339 218//375
f 218//375 194//339 193//338
f 218//379 193//379 99//379
f 98//379 218//379 99//379
f 219//379 98//379 102//379
f 219//379 102//379 220//379
f 215//379 220//379 221//379
f 221//379 213//379 215//379
f 221//379 241//379 213//379
f 213//379 241//379 209//379
f 209//379 241//379 222//379
f 241//379 223//379 222//379
f 222//379 223//379 212//379
f 207//379 223//379 242//379
f 242//379 224//379 207//379
f 207//379 224//379 205//379
f 205//379 224//379 225//379
f 204//379 205//379 225//379
f 226//379 99//379 193//379
f 226//379 227//379 99//379
f 227//379 226//379 228//379
f 228//379 226//379 198//379
f 96//379 198//379 197//379
f 97//379 96//379 197//379
f 228//379 198//379 96//379
f 197//379 199//379 97//379
f 229//336 199//379 200//379
f 1320//335 200//379 236//379
f 1320//335 229//336 200//379
f 97//379 199//379 229//336
f 236//379 200//379 230//379
f 236//379 230//379 231//379
f 231//379 230//379 202//379
f 233//379 202//379 232//379
f 233//379 232//379 225//379
f 231//379 202//379 233//379
f 225//379 232//379 204//379
f 207//379 212//379 223//379
f 215//379 219//379 220//379
f 219//379 218//379 98//379
f 225//380 234//381 75//382
f 233//383 75//384 77//385
f 225//380 75//382 233//386
f 77//385 235//387 233//383
f 231//388 235//389 76//390
f 233//383 235//387 231//391
f 231//388 76//390 236//392
f 234//381 225//380 72//393
f 72//393 225//380 224//394
f 88//176 237//395 76//390
f 88//176 238//396 237//395
f 88//176 97//175 238//396
f 238//396 97//175 1326//397
f 1326//397 97//175 1325//398
f 1325//398 97//175 229//399
f 76//390 237//395 236//392
f 236//392 237//395 239//400
f 239//400 240//401 236//392
f 1320//402 236//392 240//401
f 241//201 103//200 73//403
f 223//404 73//405 71//406
f 241//201 73//403 223//407
f 71//406 74//408 223//404
f 242//409 74//410 72//393
f 223//404 74//408 242//411
f 242//409 72//393 224//394
f 246//412 244//412 243//412
f 246//413 836//414 244//415
f 836//414 246//413 837//416
f 837//416 246//413 247//417
f 247//418 838//419 245//420
f 247//421 249//422 838//419
f 838//419 249//422 248//423
f 837//416 247//418 245//420
f 248//424 249//425 250//426
f 243//427 244//415 822//428
f 1295//429 251//430 1284//431
f 1284//431 251//430 252//432
f 1289//433 1284//431 252//432
f 1289//433 252//432 1282//434
f 253//435 254//436 252//432
f 253//435 255//437 254//436
f 254//436 255//437 1277//334
f 1277//334 255//437 256//334
f 256//334 255//437 257//334
f 257//334 255//437 258//438
f 1275//334 257//334 258//438
f 813//439 798//440 258//438
f 258//438 798//440 844//441
f 1274//442 258//438 844//441
f 1274//442 1275//334 258//438
f 844//441 259//443 1274//442
f 254//436 1280//444 252//432
f 1281//445 252//432 1280//444
f 1282//434 252//432 1281//445
f 250//426 249//425 845//446
f 790//447 250//426 845//446
f 260//448 269//449 288//450
f 269//449 260//448 262//451
f 262//451 260//448 261//452
f 269//449 263//453 288//450
f 283//454 263//453 280//455
f 288//450 263//453 283//454
f 261//452 265//456 266//457
f 268//458 261//459 264//460
f 266//457 271//461 262//451
f 262//462 274//463 294//464
f 269//449 275//465 273//466
f 273//467 276//468 277//469
f 263//453 277//470 280//455
f 277//469 276//468 281//471
f 277//472 281//471 279//473
f 280//474 282//475 284//476
f 283//477 285//478 287//479
f 283//480 287//481 286//482
f 283//454 286//483 288//450
f 286//483 291//484 288//450
f 288//450 292//485 260//448
f 260//486 290//487 261//459
f 260//486 293//488 290//487
f 290//487 264//460 261//459
f 261//452 266//457 262//451
f 278//489 273//466 275//465
f 273//466 278//489 276//468
f 273//466 263//453 269//449
f 293//490 260//448 292//485
f 290//487 293//488 267//491
f 289//492 292//485 288//450
f 290//487 267//491 264//493
f 265//494 261//459 268//458
f 266//457 265//456 270//495
f 266//457 270//495 271//461
f 262//451 271//461 272//496
f 262//451 272//496 274//463
f 269//449 262//451 294//464
f 269//449 294//464 275//497
f 263//453 273//466 277//498
f 280//455 277//470 279//499
f 280//455 279//499 282//475
f 283//454 280//455 284//500
f 283//454 284//500 285//478
f 286//482 287//481 295//501
f 286//482 295//501 291//484
f 288//450 291//484 289//492
f 296//502 293//490 309//503
f 296//504 267//491 293//488
f 267//491 296//504 264//493
f 264//493 296//504 297//505
f 265//494 297//506 304//507
f 272//496 304//508 298//509
f 275//497 298//510 299//511
f 276//468 299//512 300//513
f 279//473 300//513 301//514
f 284//476 301//515 302//516
f 287//479 302//517 303//518
f 289//492 303//519 309//520
f 293//490 292//485 309//503
f 264//460 297//506 268//458
f 268//458 297//506 265//494
f 265//456 304//508 270//495
f 270//495 304//508 271//461
f 271//461 304//508 272//496
f 272//496 298//510 274//463
f 274//463 298//510 294//464
f 294//464 298//510 275//497
f 275//465 299//512 278//489
f 278//489 299//512 276//468
f 276//468 300//513 281//471
f 281//471 300//513 279//473
f 279//499 301//515 282//475
f 282//475 301//515 284//476
f 284//500 302//517 285//478
f 285//478 302//517 287//479
f 287//481 303//519 295//501
f 295//501 303//519 291//484
f 291//484 303//519 289//492
f 289//492 309//503 292//485
f 296//521 335//522 297//523
f 297//523 335//522 336//524
f 336//524 305//525 304//526
f 304//526 305//525 298//527
f 299//528 298//527 305//525
f 297//523 336//524 304//526
f 305//525 306//529 299//528
f 299//528 306//529 300//530
f 300//530 306//529 307//531
f 307//531 308//532 302//533
f 302//533 308//532 303//534
f 309//535 308//532 335//522
f 309//535 335//522 296//521
f 300//530 307//531 301//536
f 301//536 307//531 302//533
f 303//534 308//532 309//535
f 310//537 385//538 382//539
f 319//540 310//541 311//542
f 402//543 411//544 313//545
f 316//546 314//547 315//548
f 377//549 323//550 324//551
f 315//552 322//553 317//554
f 313//545 316//555 402//543
f 310//541 319//540 385//556
f 312//557 311//558 320//559
f 313//545 411//544 314//560
f 322//553 315//552 323//550
f 305//561 324//562 325//563
f 305//564 325//565 306//566
f 314//547 340//567 321//568
f 315//569 341//570 326//571
f 324//562 412//572 325//563
f 396//573 347//574 327//575
f 394//576 328//577 368//578
f 370//579 369//580 367//581
f 370//582 329//583 369//584
f 416//585 331//586 372//587
f 332//588 338//589 417//590
f 372//587 417//591 416//585
f 320//559 311//558 353//592
f 411//544 353//593 340//567
f 321//568 352//594 341//570
f 323//550 326//595 412//596
f 353//592 342//597 356//598
f 352//594 356//598 343//599
f 344//600 343//599 345//601
f 350//602 354//603 355//604
f 349//605 355//606 346//607
f 347//608 306//566 348//609
f 346//607 348//610 349//605
f 345//601 350//611 344//600
f 343//599 351//612 352//594
f 345//601 399//613 354//603
f 348//609 363//614 347//608
f 343//599 356//598 399//613
f 354//603 399//613 357//615
f 355//616 400//617 358//618
f 346//607 358//619 363//614
f 359//620 356//598 342//597
f 358//619 361//621 362//622
f 413//623 364//624 328//625
f 327//626 413//627 328//577
f 327//626 363//614 413//627
f 363//614 358//619 413//627
f 398//628 360//629 361//630
f 362//622 366//631 364//624
f 361//621 365//632 366//633
f 364//624 366//631 328//625
f 368//634 366//631 369//584
f 367//581 369//580 365//635
f 329//636 370//637 371//638
f 330//639 371//638 331//640
f 372//587 331//586 332//641
f 334//642 333//643 380//644
f 335//645 380//644 374//646
f 335//647 374//648 336//649
f 332//650 379//651 373//652
f 333//653 375//654 404//655
f 336//649 376//656 377//657
f 331//586 378//658 379//659
f 373//652 403//660 375//654
f 380//644 404//661 381//662
f 403//660 385//556 386//663
f 384//664 386//665 408//666
f 383//667 409//668 410//669
f 408//666 383//670 384//664
f 386//663 405//671 403//660
f 382//539 379//659 378//658
f 382//539 385//538 379//659
f 408//666 318//672 409//673
f 406//674 410//675 317//554
f 376//656 317//554 322//553
f 377//657 376//656 322//553
f 308//676 337//677 335//645
f 407//678 308//679 387//680
f 414//681 389//682 390//683
f 391//684 394//576 368//578
f 391//685 390//683 394//576
f 388//686 387//687 392//688
f 389//689 392//688 393//690
f 390//683 393//691 394//576
f 394//576 393//691 328//577
f 392//688 396//573 395//692
f 393//691 327//626 328//577
f 393//690 395//692 327//575
f 396//693 307//694 347//695
f 307//694 306//696 347//695
f 305//561 336//697 377//698
f 334//642 337//677 338//589
f 416//585 417//591 415//699
f 330//639 397//700 339//701
f 329//702 391//684 368//578
f 369//584 329//583 368//634
f 360//629 398//628 359//620
f 359//620 398//628 399//613
f 356//598 359//620 399//613
f 357//615 398//628 400//617
f 357//615 355//604 354//603
f 349//605 350//703 355//704
f 400//617 355//604 357//615
f 412//572 350//703 349//605
f 412//596 326//595 350//705
f 350//611 326//706 344//600
f 344//600 326//571 351//612
f 342//597 353//592 311//558
f 342//707 311//542 310//541
f 306//566 325//565 348//609
f 386//665 319//708 318//672
f 409//668 312//709 401//710
f 410//711 402//543 316//555
f 386//663 385//556 319//540
f 403//660 405//671 375//654
f 382//539 378//658 371//638
f 370//637 382//712 371//638
f 386//665 384//664 405//671
f 405//671 404//655 375//654
f 404//655 405//671 384//664
f 383//670 404//713 384//664
f 383//714 381//662 404//661
f 374//648 406//674 336//649
f 404//661 380//644 333//643
f 337//677 334//642 335//645
f 335//645 334//642 380//644
f 407//678 337//677 308//679
f 407//678 388//686 338//589
f 407//678 387//687 388//686
f 373//652 375//654 333//643
f 379//651 385//715 403//716
f 408//666 386//665 318//672
f 374//646 380//644 381//662
f 312//557 318//672 319//708
f 311//558 312//557 319//708
f 409//673 318//672 312//557
f 409//673 383//670 408//666
f 410//669 409//668 401//710
f 406//674 381//662 383//714
f 410//675 406//674 383//714
f 374//646 381//662 406//674
f 411//717 320//718 353//719
f 320//718 411//717 312//709
f 401//710 312//709 402//720
f 402//720 312//709 411//717
f 402//720 410//669 401//710
f 317//554 410//675 316//546
f 376//656 336//649 406//674
f 317//554 376//656 406//674
f 314//560 411//544 340//567
f 314//560 316//555 313//545
f 352//721 340//567 353//593
f 321//568 340//567 352//721
f 315//548 314//547 321//568
f 315//548 317//554 316//546
f 356//722 352//721 353//593
f 315//548 321//568 341//570
f 341//570 352//594 351//612
f 343//599 344//600 351//612
f 351//612 326//571 341//570
f 326//595 323//550 315//552
f 377//657 322//553 323//550
f 324//562 305//561 377//698
f 345//601 343//599 399//613
f 324//551 323//550 412//596
f 354//603 350//611 345//601
f 325//563 412//572 349//605
f 357//615 399//613 398//628
f 348//610 325//563 349//605
f 367//581 365//635 360//629
f 367//723 360//629 359//620
f 365//635 361//630 360//629
f 400//617 398//628 358//618
f 361//630 358//618 398//628
f 346//607 355//606 358//724
f 362//622 361//621 366//633
f 413//627 358//619 362//622
f 413//627 362//622 364//624
f 348//610 346//607 363//614
f 366//633 365//632 369//725
f 328//625 366//631 368//634
f 347//608 363//614 327//626
f 414//681 339//701 397//700
f 388//686 417//590 338//589
f 407//678 338//589 337//677
f 307//694 396//693 387//687
f 307//726 387//680 308//679
f 396//573 327//575 395//692
f 339//701 391//685 329//636
f 414//681 390//683 391//685
f 339//701 414//681 391//685
f 397//700 389//682 414//681
f 397//727 415//699 389//728
f 389//682 393//729 390//683
f 392//688 395//692 393//690
f 330//639 339//701 329//636
f 371//638 330//639 329//636
f 387//687 396//693 392//688
f 415//699 397//727 330//639
f 388//686 392//688 389//689
f 415//699 388//686 389//689
f 415//699 417//591 388//686
f 331//640 371//638 378//658
f 415//699 330//639 416//585
f 416//585 330//639 331//640
f 332//641 331//586 379//659
f 332//641 417//730 372//587
f 373//652 379//651 403//716
f 333//643 332//650 373//652
f 334//642 338//589 332//650
f 333//643 334//642 332//650
f 524//731 419//732 382//733
f 524//731 382//733 418//734
f 418//734 382//733 370//735
f 310//736 419//732 420//737
f 420//737 342//738 310//736
f 420//737 523//739 342//738
f 421//740 342//738 523//739
f 436//741 342//738 421//740
f 342//738 436//741 359//742
f 359//742 436//741 422//743
f 359//742 422//743 423//744
f 423//744 367//745 359//742
f 423//744 424//746 367//745
f 367//745 424//746 425//747
f 425//747 370//735 367//745
f 370//735 425//747 426//748
f 426//748 418//734 370//735
f 310//736 382//733 419//732
f 427//749 515//750 511//751
f 429//752 548//753 434//754
f 431//755 434//754 433//756
f 434//754 549//757 429//752
f 428//758 542//759 427//749
f 547//760 432//761 548//753
f 430//762 433//763 438//764
f 421//765 553//766 436//767
f 427//768 448//768 432//768
f 548//753 432//761 437//769
f 434//754 437//769 551//770
f 433//763 552//771 438//764
f 553//772 435//773 443//774
f 551//770 440//775 552//771
f 438//776 441//777 439//778
f 437//769 550//779 440//780
f 552//771 440//775 441//781
f 435//773 439//782 442//783
f 436//784 451//785 422//786
f 550//779 448//787 449//788
f 441//777 444//789 445//790
f 439//782 446//791 442//783
f 443//792 447//793 452//794
f 440//780 449//795 450//796
f 445//790 444//789 446//791
f 442//783 446//791 447//797
f 452//794 447//793 453//798
f 451//799 453//800 454//801
f 535//802 497//803 456//804
f 531//805 457//806 458//807
f 527//808 458//807 459//809
f 460//810 508//811 461//812
f 466//813 502//814 564//815
f 536//816 462//817 543//818
f 543//818 544//819 536//816
f 462//817 536//816 538//820
f 564//815 538//821 466//813
f 444//789 450//822 467//823
f 446//791 467//823 554//824
f 447//793 468//825 453//798
f 422//786 454//801 556//826
f 423//744 422//743 556//827
f 478//828 470//829 555//830
f 468//825 555//830 471//831
f 477//832 471//831 472//833
f 556//834 474//835 475//836
f 476//837 556//827 475//838
f 471//831 477//832 468//825
f 555//830 468//825 478//828
f 470//839 467//823 450//822
f 469//840 470//841 450//796
f 469//840 479//842 470//841
f 470//841 479//842 480//843
f 473//844 472//833 474//845
f 476//837 475//838 424//846
f 555//830 480//843 481//847
f 471//831 482//848 484//849
f 472//833 484//849 474//845
f 475//850 560//851 487//852
f 475//853 487//854 489//855
f 424//846 475//838 489//856
f 474//835 485//857 560//858
f 424//846 489//856 425//859
f 482//848 481//860 483//861
f 484//849 483//861 485//862
f 560//851 490//863 486//864
f 487//852 486//864 491//865
f 489//866 491//867 488//868
f 425//859 489//856 488//869
f 479//842 540//870 480//843
f 485//857 493//871 490//863
f 425//859 488//869 426//748
f 481//847 540//870 541//872
f 483//861 541//873 493//874
f 490//863 493//871 492//875
f 486//864 492//875 498//876
f 426//748 488//869 455//877
f 491//865 498//878 495//879
f 488//880 495//881 497//882
f 558//883 494//884 561//885
f 495//886 496//887 456//888
f 497//882 495//881 456//889
f 495//879 498//878 499//890
f 561//885 494//884 500//891
f 499//890 500//891 496//892
f 456//888 496//887 457//806
f 496//887 458//807 457//806
f 500//891 501//893 459//894
f 465//895 504//896 502//897
f 564//815 502//814 463//898
f 462//899 463//898 503//900
f 544//901 506//902 545//903
f 504//896 508//811 563//904
f 543//818 505//905 506//902
f 419//906 545//907 420//737
f 502//897 563//904 509//908
f 463//898 510//909 503//900
f 506//902 505//905 507//910
f 545//903 507//910 518//911
f 563//904 511//751 509//908
f 503//912 516//913 512//914
f 505//915 513//916 514//917
f 509//908 511//751 515//750
f 510//909 515//750 516//913
f 512//914 517//918 513//916
f 507//910 514//919 520//920
f 518//921 520//922 521//923
f 518//924 521//925 522//926
f 516//913 515//750 517//918
f 513//916 517//918 546//927
f 514//919 519//928 520//920
f 420//737 522//929 523//739
f 546//927 542//930 519//928
f 520//920 519//928 549//757
f 524//931 464//932 419//906
f 537//933 532//934 529//935
f 526//936 530//937 528//938
f 527//808 531//805 458//807
f 527//808 528//938 531//939
f 527//808 539//940 528//938
f 525//941 529//942 534//943
f 528//938 530//937 531//939
f 524//944 418//945 532//934
f 530//946 534//943 456//804
f 531//805 456//888 457//806
f 531//939 530//937 456//947
f 529//935 532//934 533//948
f 456//804 534//943 535//802
f 534//943 533//949 535//802
f 533//948 418//734 455//877
f 535//802 455//877 497//803
f 535//802 533//949 455//950
f 455//877 418//734 426//748
f 424//846 423//744 476//837
f 544//951 464//932 524//931
f 465//895 562//952 539//940
f 461//812 539//940 459//809
f 460//810 461//812 459//894
f 541//953 483//861 481//860
f 483//861 484//849 482//848
f 484//849 472//833 471//831
f 454//801 477//954 473//844
f 473//844 477//954 472//833
f 454//801 453//800 477//954
f 477//832 453//798 468//825
f 478//828 554//824 467//823
f 469//840 450//796 449//795
f 476//837 423//744 556//827
f 523//739 522//929 430//762
f 430//762 522//955 431//956
f 431//957 522//926 521//925
f 429//752 549//757 519//928
f 547//760 519//928 542//930
f 427//749 517//918 515//750
f 517//918 512//914 516//913
f 512//914 505//958 503//912
f 505//958 512//914 513//916
f 505//958 543//818 503//912
f 544//819 543//818 506//902
f 419//906 464//932 544//951
f 532//934 537//933 524//944
f 536//816 544//819 524//944
f 462//817 503//912 543//818
f 510//909 516//913 503//900
f 542//759 517//918 427//749
f 546//927 517//918 542//759
f 514//917 513//916 546//927
f 507//910 505//905 514//919
f 545//903 506//902 507//910
f 419//906 544//951 545//907
f 547//760 542//930 428//959
f 432//960 428//758 427//749
f 514//917 546//927 519//928
f 432//961 547//760 428//959
f 518//911 507//910 520//962
f 420//737 545//907 518//963
f 429//752 519//928 547//760
f 548//753 429//752 547//760
f 521//923 520//922 549//964
f 448//787 550//779 432//761
f 550//779 437//769 432//761
f 437//769 434//754 548//753
f 420//737 518//963 522//929
f 431//755 549//964 434//754
f 431//755 521//923 549//964
f 449//795 440//780 550//779
f 440//780 551//770 437//769
f 433//763 430//762 431//956
f 551//770 433//756 434//754
f 433//756 551//770 552//771
f 450//822 444//789 440//775
f 444//789 441//781 440//775
f 441//781 438//764 552//771
f 439//778 441//777 445//790
f 435//773 438//764 439//782
f 523//739 430//762 553//772
f 553//772 430//762 438//764
f 553//772 438//764 435//773
f 421//765 523//965 553//766
f 446//791 444//789 467//823
f 439//778 445//790 446//791
f 443//774 435//773 442//783
f 436//767 553//766 443//966
f 478//828 467//823 470//829
f 447//797 446//791 554//824
f 443//774 442//783 447//797
f 480//843 555//830 470//829
f 468//825 554//824 478//828
f 447//797 554//824 468//825
f 451//967 443//966 452//968
f 436//767 443//966 451//967
f 451//967 452//968 453//969
f 481//860 482//848 555//830
f 482//848 471//831 555//830
f 422//786 451//785 454//801
f 540//870 481//847 480//843
f 556//826 454//801 473//844
f 493//874 485//862 483//861
f 485//862 474//845 484//849
f 474//845 556//826 473//844
f 493//871 557//970 558//883
f 492//875 558//883 559//971
f 498//876 559//971 499//890
f 557//972 493//874 541//873
f 490//863 560//858 485//857
f 560//858 475//836 474//835
f 559//971 561//885 499//890
f 494//973 557//972 541//873
f 558//883 492//875 493//871
f 492//875 486//864 490//863
f 486//864 487//852 560//851
f 494//974 558//883 557//970
f 561//885 559//971 558//883
f 559//971 498//876 492//875
f 498//878 491//865 486//864
f 491//975 489//855 487//854
f 501//893 500//891 494//884
f 500//891 499//890 561//885
f 495//879 499//890 496//892
f 488//868 491//867 495//976
f 460//810 459//894 501//893
f 459//809 458//807 500//891
f 458//807 496//892 500//891
f 455//877 488//869 497//803
f 527//808 459//809 539//940
f 526//936 539//940 562//952
f 525//977 466//813 538//821
f 526//936 528//938 539//940
f 562//952 525//978 526//936
f 562//952 466//979 525//978
f 465//895 539//940 461//812
f 504//896 465//895 461//812
f 508//811 504//896 461//812
f 525//978 530//946 526//936
f 525//978 534//943 530//946
f 529//942 533//949 534//943
f 532//934 418//734 533//948
f 466//979 562//952 465//895
f 525//941 538//820 537//933
f 511//751 563//904 508//811
f 563//904 502//897 504//896
f 502//897 466//979 465//895
f 537//933 529//942 525//941
f 509//980 510//909 502//814
f 510//909 463//898 502//814
f 462//899 538//981 564//815
f 463//898 462//899 564//815
f 536//816 537//933 538//820
f 524//944 537//933 536//816
f 515//982 510//909 509//980
f 565//983 511//984 508//985
f 448//787 567//986 568//987
f 448//787 568//987 569//988
f 570//989 469//990 569//988
f 479//991 570//989 606//992
f 479//991 606//992 540//870
f 540//870 606//992 571//993
f 541//872 571//993 572//994
f 572//994 494//884 541//872
f 501//893 572//994 732//995
f 501//893 732//995 573//996
f 573//996 460//997 501//893
f 508//985 573//996 566//998
f 427//999 567//986 448//787
f 448//787 569//988 449//788
f 449//788 569//988 469//990
f 469//990 570//989 479//991
f 540//870 571//993 541//872
f 494//884 572//994 501//893
f 460//997 573//996 508//985
f 566//998 565//983 508//985
f 427//999 511//984 567//986
f 567//986 511//984 565//983
f 580//1000 574//1001 583//1002
f 714//1003 583//1004 742//1005
f 737//1006 744//1007 577//1008
f 746//1009 569//988 713//1010
f 578//1011 713//1012 577//1008
f 576//1013 579//1014 716//1015
f 742//1005 716//1016 714//1003
f 580//1017 583//1018 575//1019
f 574//1001 581//1020 583//1002
f 576//1021 584//1022 598//1023
f 579//1024 598//1025 744//1007
f 577//1026 585//1027 587//1028
f 569//988 746//1009 570//989
f 744//1007 598//1025 585//1029
f 578//1011 587//1030 582//1031
f 746//1032 582//1031 605//1033
f 731//1034 655//1035 589//1036
f 723//1037 591//1038 671//1039
f 761//1040 592//1041 673//1042
f 761//1040 674//1043 592//1041
f 718//1044 753//1045 676//1046
f 596//1047 677//1048 593//1049
f 565//983 594//1050 685//1051
f 594//1050 565//983 595//1052
f 593//1053 595//1054 717//1055
f 676//1046 596//1056 718//1044
f 581//1020 601//1057 583//1002
f 584//1058 583//1004 599//1059
f 585//1027 745//1060 586//1061
f 587//1062 603//1063 608//1064
f 583//1004 601//1065 599//1059
f 598//1025 615//1066 745//1060
f 586//1061 602//1067 603//1063
f 582//1031 608//1068 600//1069
f 605//1070 604//1071 609//1072
f 570//989 609//1073 606//992
f 570//989 605//1074 609//1075
f 601//1076 765//1077 599//1078
f 745//1060 615//1066 602//1067
f 603//1063 602//1067 607//1079
f 608//1068 611//1080 600//1069
f 599//1081 765//1082 615//1083
f 607//1079 617//1084 611//1080
f 600//1085 612//1086 616//1087
f 606//992 609//1073 613//1088
f 765//1089 614//1090 615//1091
f 602//1067 610//1092 617//1093
f 611//1080 617//1084 612//1094
f 604//1095 616//1096 620//1097
f 609//1098 620//1099 624//1100
f 615//1091 614//1090 626//1101
f 612//1086 618//1102 748//1103
f 616//1096 619//1104 620//1097
f 606//992 613//1088 625//1105
f 614//1106 621//1107 626//1108
f 617//1084 747//1109 618//1102
f 748//1103 627//1110 619//1111
f 620//1112 622//1113 623//1114
f 613//1088 631//1115 625//1105
f 618//1102 747//1109 627//1116
f 619//1111 627//1110 628//1117
f 624//1100 623//1118 631//1119
f 621//1107 768//1120 626//1108
f 626//1108 768//1120 629//1121
f 623//1122 750//1123 630//1124
f 625//1125 632//1126 633//1127
f 571//1128 625//1105 633//1129
f 627//1116 629//1130 634//1131
f 628//1132 634//1133 635//1134
f 622//1113 635//1135 750//1136
f 631//1115 636//1137 632//1138
f 750//1136 635//1135 749//1139
f 630//1140 749//1141 636//1142
f 632//1126 637//1143 638//1144
f 633//1127 638//1144 643//1145
f 571//1146 643//1147 644//1148
f 571//1128 633//1129 643//1149
f 734//1150 641//1151 733//1152
f 735//1153 642//1154 649//1155
f 643//1156 649//1157 650//1158
f 642//1159 638//1144 637//1143
f 733//1152 637//1160 734//1150
f 640//1161 636//1142 749//1141
f 647//1162 749//1139 635//1135
f 639//1163 646//1164 645//1165
f 640//1166 647//1167 641//1151
f 733//1152 641//1151 648//1168
f 642//1154 653//1169 649//1155
f 644//1148 650//1170 658//1171
f 572//1172 658//1173 732//1174
f 572//1175 644//1176 658//1177
f 645//1165 646//1164 651//1178
f 648//1168 652//1179 653//1180
f 649//1181 657//1182 654//1183
f 732//1174 658//1173 655//1184
f 646//1164 656//1185 651//1178
f 641//1151 651//1186 652//1187
f 653//1169 659//1188 657//1182
f 650//1158 654//1189 663//1190
f 652//1179 665//1191 659//1192
f 657//1182 659//1188 660//1193
f 654//1189 661//1194 663//1190
f 656//1195 776//1195 651//1196
f 651//1186 776//1197 665//1198
f 660//1193 662//1199 661//1200
f 658//1171 663//1190 589//1201
f 655//1184 658//1173 589//1202
f 659//1188 666//1203 662//1204
f 661//1200 662//1199 751//1205
f 663//1190 664//1206 589//1201
f 776//1207 667//1208 665//1191
f 665//1191 667//1208 666//1203
f 589//1201 664//1206 590//1209
f 662//1204 669//1210 668//1211
f 751//1212 668//1213 670//1214
f 664//1215 670//1216 591//1217
f 590//1209 664//1206 591//1218
f 667//1208 672//1219 666//1203
f 666//1203 672//1219 669//1210
f 670//1214 668//1213 671//1220
f 591//1217 670//1216 671//1221
f 669//1210 672//1219 673//1222
f 668//1213 673//1042 671//1220
f 672//1223 761//1040 673//1042
f 597//1224 682//1225 753//1045
f 676//1046 675//1226 677//1227
f 593//1228 683//1229 684//1230
f 678//1231 684//1232 679//1233
f 674//1043 680//1234 592//1041
f 592//1235 680//1236 682//1237
f 753//1045 682//1225 675//1238
f 677//1227 675//1226 681//1239
f 594//1050 687//1240 685//1051
f 565//983 685//1051 567//986
f 684//1241 755//1242 757//1243
f 679//1233 757//1244 687//1245
f 685//1051 687//1240 688//1246
f 685//1247 688//1248 567//1249
f 680//1236 689//1250 682//1237
f 682//1225 689//1251 690//1252
f 675//1238 690//1252 694//1253
f 681//1254 694//1253 686//1255
f 683//1229 686//1256 755//1242
f 755//1242 686//1256 691//1257
f 757//1258 692//1259 693//1260
f 687//1240 693//1261 695//1262
f 688//1246 695//1262 697//1263
f 567//1264 697//1263 703//1265
f 567//1249 688//1248 697//1266
f 689//1267 698//1268 690//1268
f 690//1269 698//1270 699//1270
f 691//1257 756//1271 692//1259
f 686//1256 699//1272 756//1271
f 692//1259 756//1271 700//1273
f 693//1274 701//1275 702//1276
f 695//1262 702//1277 696//1278
f 697//1263 696//1278 703//1265
f 698//1279 705//1280 699//1272
f 700//1273 707//1281 701//1275
f 703//1282 711//1283 704//1284
f 756//1271 706//1285 707//1281
f 701//1275 707//1281 702//1276
f 696//1278 741//1286 711//1287
f 703//1282 704//1284 568//1288
f 705//1280 710//1289 699//1272
f 699//1272 710//1289 706//1285
f 702//1277 736//1290 738//1291
f 741//1292 740//1293 708//1294
f 568//1288 704//1284 709//1295
f 707//1281 739//1296 736//1297
f 738//1291 736//1290 740//1298
f 711//1287 708//1299 743//1300
f 704//1301 743//1302 712//1303
f 568//1288 709//1295 713//1012
f 710//1289 574//1001 706//1285
f 706//1285 574//1001 580//1000
f 740//1293 714//1003 715//1304
f 708//1299 716//1015 743//1300
f 709//1295 712//1303 713//1012
f 596//1047 717//1305 721//1306
f 718//1307 721//1306 719//1308
f 597//1309 722//1310 720//1311
f 592//1235 720//1311 671//1039
f 673//1042 592//1041 671//1220
f 595//1052 566//998 724//1312
f 719//1308 752//1313 722//1310
f 671//1039 720//1311 723//1037
f 717//1305 754//1314 721//1306
f 722//1310 752//1313 726//1315
f 720//1311 728//1316 723//1037
f 721//1306 754//1314 725//1317
f 752//1318 725//1317 727//1319
f 726//1315 727//1320 728//1316
f 723//1321 590//1209 591//1218
f 723//1037 728//1316 590//1209
f 724//1312 566//998 754//1322
f 728//1316 727//1320 590//1209
f 566//1323 573//1324 754//1314
f 725//1317 729//1325 730//1326
f 727//1319 730//1326 589//1036
f 590//1209 727//1320 589//1201
f 589//1036 730//1326 731//1034
f 729//1325 573//1324 588//1327
f 730//1326 588//1327 731//1034
f 731//1034 588//1327 655//1184
f 588//1327 732//1174 655//1184
f 572//1175 571//1328 644//1176
f 571//1128 606//992 625//1105
f 569//988 568//1329 713//1010
f 568//1330 567//1264 703//1265
f 665//1198 652//1187 651//1186
f 652//1187 648//1168 641//1151
f 636//1137 734//1150 637//1160
f 645//1331 635//1134 634//1133
f 645//1332 634//1131 629//1130
f 639//1333 629//1121 768//1120
f 639//1163 645//1165 629//1334
f 648//1168 642//1335 733//1152
f 733//1152 642//1335 637//1336
f 735//1153 643//1145 638//1144
f 638//1144 633//1127 632//1126
f 739//1296 706//1285 580//1337
f 736//1290 575//1338 714//1339
f 715//1304 714//1003 716//1016
f 743//1340 579//1024 737//1341
f 580//1017 736//1297 739//1296
f 736//1297 580//1017 575//1019
f 736//1297 702//1276 707//1281
f 741//1286 702//1277 738//1291
f 702//1342 695//1262 693//1261
f 696//1278 702//1277 741//1286
f 697//1263 695//1262 696//1278
f 687//1240 695//1262 688//1246
f 700//1273 701//1275 693//1260
f 740//1298 736//1290 714//1339
f 741//1286 738//1291 740//1298
f 583//1343 714//1339 575//1338
f 708//1294 740//1293 715//1304
f 711//1287 741//1286 708//1299
f 703//1265 696//1278 711//1287
f 584//1058 742//1005 583//1004
f 708//1294 715//1304 716//1016
f 576//1344 716//1345 742//1346
f 584//1347 576//1344 742//1346
f 743//1300 716//1015 579//1014
f 704//1284 711//1283 743//1348
f 599//1081 598//1023 584//1022
f 598//1349 579//1014 576//1013
f 712//1303 743//1302 737//1006
f 709//1295 704//1284 712//1303
f 615//1083 598//1023 599//1081
f 744//1007 737//1341 579//1024
f 745//1060 585//1029 598//1025
f 577//1008 712//1303 737//1006
f 585//1029 577//1008 744//1007
f 713//1012 712//1303 577//1008
f 610//1092 602//1067 615//1066
f 602//1067 586//1061 745//1060
f 586//1061 587//1028 585//1027
f 587//1030 578//1011 577//1008
f 626//1350 610//1092 615//1066
f 603//1063 587//1028 586//1061
f 746//1032 713//1351 578//1011
f 626//1352 617//1093 610//1092
f 617//1093 607//1079 602//1067
f 607//1079 608//1064 603//1063
f 608//1068 582//1031 587//1030
f 582//1031 746//1032 578//1011
f 747//1353 617//1093 626//1352
f 611//1080 608//1064 607//1079
f 629//1354 747//1353 626//1352
f 618//1102 612//1094 617//1084
f 612//1094 600//1069 611//1080
f 600//1069 605//1033 582//1031
f 605//1074 570//989 746//1009
f 629//1130 627//1116 747//1109
f 627//1116 748//1103 618//1102
f 748//1103 616//1087 612//1086
f 616//1096 604//1095 600//1069
f 604//1095 605//1033 600//1069
f 619//1111 616//1087 748//1103
f 634//1355 628//1117 627//1110
f 622//1356 628//1357 635//1358
f 628//1357 622//1356 619//1104
f 622//1356 620//1097 619//1104
f 624//1100 620//1099 623//1118
f 620//1359 609//1072 604//1071
f 613//1088 609//1073 624//1100
f 623//1114 622//1113 750//1136
f 647//1360 635//1134 645//1331
f 630//1124 750//1123 749//1361
f 631//1119 623//1118 630//1140
f 613//1088 624//1100 631//1119
f 651//1362 647//1360 645//1331
f 640//1166 749//1363 647//1167
f 631//1119 630//1140 636//1142
f 651//1186 641//1151 647//1167
f 734//1150 636//1137 640//1166
f 641//1151 734//1150 640//1166
f 632//1138 636//1137 637//1160
f 625//1105 631//1115 632//1138
f 659//1192 653//1180 652//1179
f 735//1153 638//1144 642//1154
f 653//1180 642//1335 648//1168
f 666//1203 659//1192 665//1191
f 657//1182 649//1155 653//1169
f 649//1364 643//1145 735//1153
f 669//1210 662//1204 666//1203
f 662//1204 660//1193 659//1188
f 660//1193 654//1183 657//1182
f 654//1189 650//1158 649//1157
f 650//1170 644//1148 643//1147
f 661//1200 654//1183 660//1193
f 668//1365 751//1205 662//1199
f 751//1366 664//1206 661//1194
f 664//1206 663//1190 661//1194
f 663//1190 658//1171 650//1170
f 673//1367 668//1211 669//1210
f 670//1368 664//1206 751//1366
f 726//1315 728//1316 720//1311
f 729//1325 588//1369 730//1326
f 573//1324 732//1174 588//1327
f 597//1309 720//1311 592//1235
f 722//1310 726//1315 720//1311
f 752//1313 727//1370 726//1315
f 725//1317 730//1326 727//1319
f 682//1237 597//1309 592//1235
f 719//1308 722//1310 597//1224
f 754//1314 573//1324 729//1325
f 718//1307 719//1308 597//1224
f 753//1045 718//1307 597//1224
f 721//1306 752//1318 719//1308
f 721//1306 725//1317 752//1318
f 754//1314 729//1325 725//1317
f 690//1252 675//1238 682//1225
f 675//1238 676//1046 753//1045
f 596//1056 721//1371 718//1044
f 677//1227 596//1056 676//1046
f 724//1312 754//1322 717//1055
f 699//1372 694//1253 690//1252
f 694//1373 681//1239 675//1226
f 681//1374 683//1375 677//1048
f 593//1049 717//1305 596//1047
f 683//1375 593//1049 677//1048
f 595//1054 724//1312 717//1055
f 686//1376 683//1375 681//1374
f 678//1377 595//1378 593//1379
f 684//1380 678//1377 593//1379
f 699//1372 686//1255 694//1253
f 755//1242 684//1230 683//1229
f 594//1381 595//1382 678//1231
f 679//1233 594//1381 678//1231
f 565//983 566//998 595//1052
f 706//1285 756//1271 699//1272
f 756//1271 691//1257 686//1256
f 691//1257 757//1243 755//1242
f 757//1383 679//1233 684//1232
f 692//1259 757//1243 691//1257
f 687//1245 594//1381 679//1233
f 739//1296 707//1281 706//1285
f 707//1281 700//1273 756//1271
f 700//1273 693//1260 692//1259
f 693//1384 687//1245 757//1244
f 758//1385 762//1386 574//1387
f 710//1388 758//1385 574//1387
f 758//1385 710//1388 778//1389
f 778//1390 710//1391 705//1391
f 759//1392 705//1393 698//1393
f 777//1394 698//1394 689//1394
f 760//1395 689//1395 680//1395
f 1308//1396 680//1397 674//1397
f 1310//1398 674//1399 761//1400
f 1310//1398 761//1400 1311//1401
f 762//1386 763//1402 574//1387
f 574//1403 763//1404 581//1403
f 581//1405 763//1405 764//1405
f 601//1406 764//1407 766//1406
f 765//1408 766//1408 773//1408
f 614//1409 773//1409 767//1409
f 621//1410 767//1410 774//1410
f 769//1411 768//1412 774//1413
f 769//1411 639//1414 768//1412
f 639//1414 769//1411 775//1415
f 646//1416 775//1416 770//1416
f 656//1417 770//1417 771//1417
f 776//1418 771//1418 772//1418
f 667//1419 772//1419 1312//1419
f 672//1420 1312//1421 1311//1401
f 761//1400 672//1420 1311//1401
f 581//1422 764//1423 601//1422
f 601//1424 766//1424 765//1424
f 765//1425 773//1425 614//1425
f 614//1426 767//1427 621//1426
f 621//1428 774//1413 768//1412
f 639//1429 775//1429 646//1429
f 646//1430 770//1430 656//1431
f 656//1432 771//1432 776//1432
f 776//1433 772//1433 667//1433
f 667//1434 1312//1435 672//1434
f 1310//1436 1308//1437 674//1436
f 1308//1438 760//1438 680//1438
f 760//1439 777//1439 689//1439
f 777//1440 759//1441 698//1440
f 759//1442 778//1442 705//1442
f 779//1443 780//1444 781//1445
f 782//1446 780//1444 779//1443
f 781//1445 963//1447 779//1443
f 779//1443 963//1447 962//1448
f 784//1449 916//1450 785//1451
f 783//1452 916//1450 784//1449
f 785//1451 786//1453 784//1449
f 784//1449 786//1453 787//1454
f 805//1455 816//1456 793//1457
f 789//1458 791//1459 788//1460
f 789//1461 790//447 791//1462
f 789//1461 250//426 790//447
f 794//1463 793//1457 839//1464
f 792//1465 839//1466 788//1460
f 791//1459 792//1465 788//1460
f 839//1464 793//1457 816//1456
f 792//1465 794//1463 839//1466
f 804//1467 803//1468 799//1469
f 796//1470 802//1471 795//1472
f 794//1463 796//1470 793//1457
f 812//1473 806//1474 808//1475
f 797//1476 808//1477 809//1478
f 797//1476 809//1478 811//1479
f 800//1480 811//1481 810//1482
f 800//1480 810//1482 798//440
f 800//1483 799//1484 801//1485
f 797//1486 801//1487 803//1488
f 812//1489 803//1490 795//1491
f 796//1492 805//1455 793//1457
f 802//1493 791//1462 807//1494
f 803//1495 801//1485 799//1484
f 811//1481 800//1480 797//1496
f 797//1486 800//1497 801//1487
f 808//1477 797//1476 812//1498
f 812//1489 797//1499 803//1490
f 806//1474 812//1473 802//1500
f 802//1471 812//1501 795//1472
f 807//1502 806//1474 802//1500
f 796//1470 794//1463 802//1471
f 802//1471 794//1463 792//1465
f 791//1459 802//1471 792//1465
f 790//447 807//1494 791//1462
f 800//1480 813//439 814//1503
f 799//1484 814//1504 815//1505
f 846//1506 815//1507 841//1508
f 846//1506 804//1467 815//1507
f 798//440 813//439 800//1480
f 800//1483 814//1504 799//1484
f 799//1469 815//1507 804//1467
f 816//1456 834//1509 839//1464
f 820//1510 819//1511 821//1512
f 825//1513 821//1512 822//428
f 822//428 821//1512 824//1514
f 819//1511 824//1514 821//1512
f 822//428 835//1515 825//1513
f 825//1516 835//1515 823//1517
f 835//1515 826//1518 823//1517
f 826//1518 827//1519 823//1517
f 823//1517 827//1520 828//1521
f 827//1520 829//1522 828//1521
f 817//1523 819//1511 820//1510
f 817//1524 818//1525 819//1526
f 840//1527 829//1522 827//1520
f 827//1519 826//1518 832//1528
f 830//1529 832//1530 831//1531
f 788//1460 833//1532 789//1458
f 833//1532 839//1466 834//1533
f 1182//1534 833//1532 834//1533
f 833//1535 1182//1536 831//1537
f 832//1538 822//428 244//415
f 832//1538 244//415 836//414
f 831//1531 836//414 837//416
f 831//1531 837//416 245//420
f 833//1535 245//420 838//419
f 833//1535 838//419 248//423
f 789//1461 248//424 250//426
f 1182//1539 830//1540 831//1541
f 832//1542 830//1543 840//1544
f 840//1544 827//1545 832//1542
f 826//1518 835//1515 832//1538
f 835//1515 822//428 832//1538
f 831//1531 832//1530 836//414
f 833//1535 831//1537 245//420
f 789//1461 833//1546 248//424
f 839//1466 833//1532 788//1460
f 815//318 780//318 841//1547
f 780//318 815//318 781//318
f 781//318 815//318 814//318
f 781//318 814//318 813//318
f 813//318 258//318 781//318
f 781//318 258//318 963//318
f 841//1547 780//318 964//1548
f 842//1549 807//1549 845//1549
f 842//1550 806//1474 807//1502
f 806//1474 842//1550 808//1475
f 808//1475 842//1550 843//1551
f 843//1552 811//1479 809//1478
f 843//1553 844//1554 811//1481
f 811//1481 844//1554 810//1482
f 808//1477 843//1552 809//1478
f 810//1482 844//441 798//440
f 845//446 807//1494 790//447
f 848//1555 846//1506 841//1508
f 848//1555 841//1508 941//1556
f 847//1557 941//1556 895//1558
f 847//1557 848//1555 941//1556
f 829//1522 850//1559 828//1521
f 849//1560 828//1521 850//1559
f 191//1561 1303//1562 920//1563
f 920//1563 1303//1562 961//1564
f 852//1565 961//1564 851//1566
f 852//1565 920//1563 961//1564
f 961//1564 1303//1562 853//1567
f 1303//1562 1304//1568 853//1567
f 1306//1569 853//1567 1304//1568
f 1306//1569 824//1514 853//1567
f 824//1514 1306//1569 1321//1570
f 1324//1571 822//428 1321//1570
f 822//428 1324//1571 854//1572
f 854//1572 243//427 822//428
f 854//1572 192//1573 243//427
f 824//1514 1321//1570 822//428
f 853//318 824//318 784//318
f 787//318 853//318 784//318
f 784//318 824//318 819//318
f 783//318 784//318 819//318
f 783//318 819//318 818//1574
f 783//318 818//1574 966//1575
f 873//1576 883//1577 857//1578
f 873//1576 858//1579 883//1577
f 884//1580 866//1581 915//1582
f 884//1583 855//1584 866//1585
f 884//1583 859//1586 855//1584
f 857//1587 883//1588 856//1589
f 856//1589 883//1588 885//1590
f 860//1591 885//1592 915//1593
f 866//1581 860//1594 915//1582
f 860//1591 856//1595 885//1592
f 864//1596 869//1597 863//1598
f 879//1599 872//1600 856//1601
f 879//1602 866//1581 867//1603
f 865//1604 867//1605 868//1606
f 870//1607 869//1597 871//1608
f 870//1607 862//1609 869//1597
f 869//1597 862//1609 863//1598
f 868//1610 864//1611 865//1612
f 872//1613 857//1587 856//1589
f 866//1585 855//1584 880//1614
f 867//1615 880//1616 874//1617
f 867//1615 874//1617 875//1618
f 868//1619 875//1620 876//1621
f 868//1619 876//1621 877//1622
f 869//1623 877//1624 878//1625
f 871//1608 878//1626 852//1565
f 871//1608 869//1627 878//1626
f 862//1609 861//1628 863//1629
f 864//1611 868//1610 869//1623
f 868//1610 877//1624 869//1623
f 867//1630 875//1620 868//1619
f 879//1631 867//1605 865//1604
f 872//1600 879//1599 865//1632
f 880//1616 867//1615 866//1633
f 866//1581 879//1602 860//1594
f 860//1591 879//1634 856//1595
f 870//1607 851//1566 881//1635
f 861//1628 881//1636 882//1637
f 852//1565 851//1566 871//1608
f 871//1608 851//1566 870//1607
f 870//1607 881//1636 862//1609
f 862//1609 881//1636 861//1628
f 883//1588 909//1638 885//1590
f 886//1639 887//1640 894//1641
f 894//1641 887//1642 888//1643
f 889//1644 888//1643 252//432
f 252//432 888//1643 253//435
f 888//1643 887//1642 253//435
f 252//432 910//1645 889//1644
f 889//1646 910//1647 891//1648
f 910//1647 890//1649 891//1648
f 890//1649 896//1650 891//1648
f 891//1648 896//1650 892//1651
f 896//1650 893//1652 892//1651
f 895//1653 886//1639 894//1641
f 895//1558 941//1556 886//1654
f 897//1655 893//1652 896//1650
f 896//1650 890//1649 911//1656
f 912//1657 899//1658 913//1659
f 912//1657 913//1659 900//1660
f 914//1661 900//1660 901//1662
f 914//1661 901//1662 903//1663
f 884//1583 903//1664 859//1586
f 914//1665 915//1582 907//1666
f 912//1667 907//1668 902//1669
f 911//1656 902//1670 897//1655
f 896//1650 911//1656 897//1655
f 898//1671 910//1672 904//1673
f 910//1645 252//432 905//1674
f 907//1675 885//1592 906//1676
f 906//1677 908//1677 907//1677
f 907//1678 908//1679 902//1670
f 902//1670 908//1679 897//1655
f 885//1680 909//1681 906//1682
f 911//1683 910//1647 898//1684
f 910//1672 905//1674 904//1673
f 890//1649 910//1647 911//1683
f 899//1658 898//1685 904//1686
f 902//1687 911//1683 898//1684
f 902//1687 898//1684 912//1688
f 912//1657 898//1685 899//1658
f 907//1668 912//1667 914//1689
f 914//1661 912//1690 900//1660
f 885//1592 907//1675 915//1593
f 915//1582 914//1665 884//1580
f 884//1583 914//1691 903//1664
f 882//1692 881//320 916//320
f 916//320 881//320 785//320
f 785//320 881//320 851//320
f 851//320 961//320 785//320
f 785//320 961//320 786//320
f 882//1692 916//320 965//1693
f 918//1694 880//1694 917//1694
f 918//1695 874//1617 880//1616
f 874//1617 918//1695 875//1618
f 875//1618 918//1695 919//1696
f 919//1697 877//1622 876//1621
f 919//1698 920//1699 877//1624
f 877//1624 920//1699 878//1625
f 875//1620 919//1697 876//1621
f 878//1626 920//1563 852//1565
f 917//1700 880//1614 855//1584
f 859//1586 922//1701 917//1700
f 855//1584 859//1586 917//1700
f 252//432 251//1702 905//1674
f 921//1703 904//1703 251//1703
f 921//1704 899//1658 904//1686
f 899//1658 921//1704 913//1659
f 913//1659 921//1704 1296//1705
f 1296//1706 901//1662 900//1660
f 1296//1707 922//1708 901//1662
f 901//1662 922//1708 903//1663
f 913//1659 1296//1706 900//1660
f 903//1664 922//1701 859//1586
f 251//1702 904//1673 905//1674
f 893//1652 1270//1709 892//1651
f 923//1710 892//1651 1270//1709
f 938//1711 873//1712 924//1713
f 927//379 925//379 938//1711
f 927//379 1128//379 925//379
f 927//379 926//379 1128//379
f 926//379 927//379 1121//379
f 1121//379 927//379 929//379
f 1121//379 929//379 928//379
f 928//379 929//379 930//379
f 931//379 928//379 930//379
f 930//379 929//379 1156//379
f 1156//379 929//379 1155//1714
f 932//1715 1156//379 1155//1714
f 930//379 1154//379 931//379
f 931//379 1154//379 933//379
f 934//379 933//379 1154//379
f 936//1716 1129//379 1154//379
f 936//1716 935//379 1129//379
f 936//1716 937//379 935//379
f 936//1716 938//1711 937//379
f 936//1716 858//1717 938//1711
f 936//1716 1153//1718 858//1717
f 858//1717 873//1712 938//1711
f 925//379 937//379 938//1711
f 1154//379 1129//379 934//379
f 818//1525 817//1524 939//1719
f 940//1720 818//1525 939//1719
f 940//1720 882//1637 818//1525
f 882//1637 940//1720 861//1628
f 255//320 253//435 779//320
f 962//320 255//320 779//320
f 779//320 253//435 887//1642
f 779//320 887//1642 886//320
f 779//320 886//320 782//320
f 782//320 886//320 941//1721
f 782//320 941//1721 942//1722
f 943//1723 958//1724 805//1725
f 946//379 944//379 958//1724
f 946//379 945//379 944//379
f 946//379 1145//379 945//379
f 1145//379 946//379 947//379
f 946//379 1151//379 947//379
f 947//379 1151//379 948//379
f 948//379 1151//379 950//379
f 949//379 948//379 950//379
f 950//379 1151//379 952//379
f 952//379 1151//379 1150//1726
f 952//379 1150//1726 951//1727
f 950//379 955//379 949//379
f 949//379 955//379 953//379
f 1144//379 953//379 955//379
f 954//1728 956//379 955//379
f 954//1728 1135//379 956//379
f 954//1728 1143//379 1135//379
f 954//1728 958//1724 1143//379
f 954//1728 816//1729 958//1724
f 954//1728 957//1730 816//1729
f 816//1729 805//1725 958//1724
f 955//379 956//379 1144//379
f 944//379 1143//379 958//1724
f 847//318 895//1653 959//318
f 894//1641 959//318 895//1653
f 959//318 894//1641 960//318
f 960//318 894//1641 888//1643
f 787//379 786//379 853//379
f 853//379 786//379 961//379
f 962//379 963//379 255//379
f 255//379 963//379 258//379
f 942//1722 941//1721 964//1548
f 964//1548 941//1721 841//1547
f 780//1444 782//1446 964//1731
f 964//1731 782//1446 942//1732
f 966//1575 818//1574 965//1693
f 965//1693 818//1574 882//1692
f 916//1450 783//1452 965//1733
f 965//1733 783//1452 966//1734
f 978//1735 968//1736 969//1737
f 970//1738 969//1737 971//1739
f 972//1740 971//1739 973//1741
f 979//1742 973//1741 982//1743
f 974//1744 982//1743 975//1745
f 980//1746 975//1745 976//1747
f 980//1746 976//1747 981//1748
f 967//1749 981//1750 968//1736
f 967//1749 968//1736 978//1735
f 978//1735 969//1737 970//1738
f 970//1738 971//1739 972//1740
f 972//1740 973//1741 979//1742
f 979//1742 982//1743 974//1744
f 974//1744 975//1745 980//1746
f 980//1751 981//1750 977//1752
f 977//1752 981//1750 967//1749
f 981//379 982//379 968//379
f 982//379 981//379 975//1745
f 975//1745 981//379 976//1747
f 968//379 982//379 973//379
f 968//379 973//379 971//1739
f 968//379 971//1739 969//1737
f 984//1753 983//1754 990//1755
f 990//1755 983//1754 985//1756
f 991//1757 985//1756 986//1758
f 991//1757 986//1758 987//1759
f 993//1760 987//1761 988//1762
f 994//1763 988//1762 997//1764
f 989//1765 997//1764 996//1766
f 984//1753 996//1767 983//1754
f 990//1755 985//1756 991//1757
f 991//1768 987//1761 992//1769
f 992//1769 987//1761 993//1760
f 993//1760 988//1762 994//1763
f 994//1763 997//1764 989//1765
f 989//1770 996//1767 995//1771
f 995//1771 996//1767 984//1753
f 983//379 996//1766 988//379
f 988//379 996//1766 997//1764
f 983//379 988//379 987//379
f 985//1756 987//379 986//1758
f 983//379 987//379 985//1756
f 959//334 960//334 999//334
f 999//334 960//334 998//334
f 889//1646 891//1648 998//320
f 998//320 891//1648 999//320
f 892//1651 999//320 891//1648
f 999//320 892//1651 923//320
f 888//379 889//379 960//379
f 960//379 889//379 998//379
f 1000//1568 1002//1568 1001//1568
f 1001//1568 1002//1568 1003//1568
f 939//320 817//1523 1000//320
f 820//1510 1000//320 817//1523
f 1000//320 820//1510 1002//320
f 1002//320 820//1510 821//1512
f 825//1516 823//1517 1003//318
f 1003//318 823//1517 1001//318
f 828//1521 1001//318 823//1517
f 1001//318 828//1521 849//318
f 821//379 825//379 1002//379
f 1002//379 825//379 1003//379
f 923//1710 1270//1709 999//1772
f 999//1772 1270//1709 1110//1773
f 959//1774 1111//1775 847//1557
f 847//1557 1111//1775 848//1555
f 1000//1776 1099//1777 939//1719
f 939//1719 1099//1777 940//1720
f 849//1560 850//1559 1001//1778
f 1001//1778 850//1559 1098//1779
f 1019//1780 1020//1781 1004//1782
f 1004//1782 1020//1781 1006//1783
f 1006//1783 1005//1784 1004//1782
f 1112//1785 1005//1784 1006//1783
f 1005//1784 1112//1785 1012//1786
f 1012//1786 1112//1785 1013//1787
f 1014//1788 1008//1789 1009//1790
f 1010//1791 1009//1790 1011//1792
f 1013//1787 1011//1792 1012//1786
f 1007//1793 1008//1789 1014//1788
f 1014//1788 1009//1790 1010//1791
f 1010//1791 1011//1792 1013//1787
f 1008//1789 1007//1793 1016//1794
f 1016//1794 1007//1793 1017//1795
f 1017//1795 1015//1796 1016//1794
f 1018//1797 1015//1796 1017//1795
f 1015//1796 1018//1797 1026//1798
f 1026//1798 1018//1797 1022//1799
f 1023//1800 1019//1780 1021//1801
f 1024//1802 1021//1801 1025//1803
f 1024//1802 1025//1803 1026//1804
f 1020//1781 1019//1780 1023//1800
f 1023//1800 1021//1801 1024//1802
f 1024//1805 1026//1798 1022//1799
f 1004//1782 1015//379 1019//379
f 1004//1782 1016//379 1015//379
f 1004//1782 1005//1784 1016//379
f 1012//1786 1016//379 1005//1784
f 1012//1786 1008//1789 1016//379
f 1012//1786 1011//1792 1008//1789
f 1008//1789 1011//1792 1009//1790
f 1015//379 1026//379 1019//379
f 1021//1801 1026//379 1025//1803
f 1019//379 1026//379 1021//1801
f 1027//1806 1028//1807 1029//1808
f 1027//1809 1029//1810 1030//1811
f 1028//1807 1027//1806 1036//1812
f 1036//1812 1027//1806 1037//1813
f 1038//1814 1031//1815 1033//1816
f 1032//1817 1033//1818 1034//1819
f 1039//1820 1034//1821 1035//1822
f 1037//1813 1035//1823 1036//1812
f 1038//1824 1033//1818 1032//1817
f 1032//1825 1034//1821 1039//1820
f 1039//1826 1035//1823 1037//1813
f 1031//1815 1038//1814 1049//1827
f 1049//1827 1038//1814 1042//1828
f 1040//1829 1041//1830 1049//1831
f 1040//1832 1049//1827 1042//1828
f 1041//1830 1040//1829 1047//1833
f 1047//1833 1040//1829 1046//1834
f 1048//1835 1043//1836 1050//1837
f 1044//1838 1050//1837 1045//1839
f 1044//1838 1045//1839 1047//1840
f 1102//1841 1043//1836 1048//1835
f 1048//1835 1050//1837 1044//1838
f 1044//1842 1047//1833 1046//1834
f 1043//1836 1102//1841 1029//1810
f 1029//1810 1102//1841 1030//1811
f 1036//1812 1049//379 1028//1807
f 1036//1812 1031//1815 1049//379
f 1036//1812 1034//379 1031//1815
f 1036//1812 1035//1823 1034//379
f 1031//1815 1034//379 1033//1816
f 1041//379 1029//1808 1049//379
f 1043//379 1041//379 1047//379
f 1050//1837 1047//379 1045//1839
f 1028//1807 1049//379 1029//1808
f 1029//1808 1041//379 1043//379
f 1043//379 1047//379 1050//1837
f 1051//1843 1066//1844 1052//1845
f 1052//1845 1066//1844 1053//1846
f 1054//1847 1055//1848 1059//1849
f 1056//1850 1059//1851 1057//1852
f 1058//1853 1057//1852 1060//1854
f 1053//1846 1060//1854 1052//1845
f 1054//1855 1059//1851 1056//1850
f 1056//1850 1057//1852 1058//1853
f 1058//1853 1060//1854 1053//1846
f 1055//1848 1054//1847 1065//1856
f 1065//1856 1054//1847 1067//1857
f 1066//1844 1051//1843 1061//1858
f 1062//1859 1061//1858 1064//1860
f 1067//1857 1064//1861 1065//1856
f 1066//1844 1061//1858 1062//1859
f 1062//1862 1064//1861 1063//1863
f 1063//1863 1064//1861 1067//1857
f 1061//1858 1051//1843 1052//1845
f 1061//1858 1052//1845 1060//1854
f 1061//1858 1060//1854 1064//379
f 1064//379 1060//1854 1057//379
f 1057//379 1059//379 1064//379
f 1065//1856 1059//379 1055//1848
f 1064//379 1059//379 1065//1856
f 1068//1864 1069//1865 1070//1866
f 1072//1867 1070//1868 1073//1869
f 1071//1870 1073//1869 1074//1871
f 1094//1872 1074//1871 1083//1873
f 1068//1874 1070//1868 1072//1867
f 1072//1867 1073//1869 1071//1870
f 1071//1870 1074//1871 1094//1872
f 1069//1865 1068//1864 1084//1875
f 1084//1875 1068//1864 1075//1876
f 1077//1877 1076//1878 1078//1879
f 1079//1880 1078//1881 1082//1882
f 1080//1883 1082//1884 1084//1885
f 1081//1886 1076//1878 1077//1877
f 1077//1887 1078//1881 1079//1880
f 1079//1888 1082//1884 1080//1883
f 1080//1889 1084//1875 1075//1876
f 1076//1878 1081//1886 1083//1873
f 1083//1873 1081//1886 1094//1872
f 1083//1873 1074//1871 1076//379
f 1076//379 1074//1871 1078//379
f 1078//379 1074//1871 1073//379
f 1078//379 1073//379 1082//379
f 1082//379 1073//379 1070//379
f 1082//379 1070//379 1084//1875
f 1070//379 1069//1865 1084//1875
f 977//379 967//379 1038//379
f 977//379 1038//379 1085//379
f 1090//379 977//379 1085//379
f 1090//379 1086//379 977//379
f 977//379 1086//379 980//379
f 980//379 1086//379 1087//1890
f 1087//1890 1044//1891 1046//379
f 967//379 1042//1828 1038//379
f 967//379 978//379 1042//1828
f 978//379 970//379 1042//1828
f 972//379 1042//1828 970//379
f 972//379 1040//1832 1042//1828
f 979//379 1040//1832 972//379
f 1046//379 979//379 974//379
f 980//379 1046//379 974//379
f 1046//379 980//379 1087//1890
f 1040//1832 979//379 1046//379
f 995//379 984//379 1018//1797
f 1022//379 984//379 990//379
f 991//379 1022//379 990//379
f 1022//379 991//379 1088//1892
f 1022//379 1088//1892 1024//1893
f 1018//1797 984//379 1022//379
f 1088//1892 991//379 1106//379
f 1106//379 991//379 992//379
f 1105//379 992//379 1089//379
f 1105//379 1089//379 1090//379
f 1085//379 1105//379 1090//379
f 1089//379 992//379 1007//379
f 1007//379 992//379 993//379
f 1007//379 993//379 994//379
f 994//379 989//379 1017//1795
f 995//379 1017//1795 989//379
f 1017//1795 995//379 1018//1797
f 1007//379 994//379 1017//1795
f 1091//379 1080//379 1075//379
f 1080//379 1091//379 1079//379
f 1079//379 1091//379 1092//379
f 1079//379 1092//379 1077//379
f 1077//379 1092//379 1267//379
f 1077//379 1267//379 1081//379
f 1081//379 1267//379 1093//379
f 1095//1894 1081//379 1093//379
f 1095//1894 1094//379 1081//379
f 1095//1894 1071//379 1094//379
f 1095//1894 1072//1895 1071//379
f 1091//379 1075//379 1265//379
f 1265//379 1075//379 1038//379
f 1265//379 1038//379 1032//379
f 1032//379 1096//379 1265//379
f 1032//379 1039//379 1096//379
f 1037//379 1097//379 1039//379
f 1097//379 1037//379 1098//379
f 1037//379 1001//379 1098//379
f 1037//379 1000//379 1001//379
f 1037//379 1027//379 1000//379
f 1000//379 1027//379 1099//379
f 1101//379 1027//379 1030//379
f 1030//379 1100//379 1101//379
f 1100//379 1030//379 1165//379
f 1165//379 1030//379 1102//379
f 1157//379 1102//379 1048//1896
f 1048//1896 1044//1896 1157//379
f 1068//379 1103//379 1075//379
f 1068//379 1104//1897 1103//379
f 1068//379 1072//1895 1104//1897
f 1075//379 1103//379 1038//379
f 1103//379 1085//379 1038//379
f 1105//379 1106//379 992//379
f 1089//379 1007//379 1067//379
f 1107//379 1067//379 1054//379
f 1107//379 1054//379 1120//1898
f 1007//379 1014//379 1108//379
f 1010//379 1108//379 1014//379
f 1010//379 1109//379 1108//379
f 1013//379 1271//379 1010//379
f 1271//379 1013//379 1110//379
f 1013//379 999//379 1110//379
f 1013//379 959//379 999//379
f 1013//379 1112//379 959//379
f 959//379 1112//379 1111//379
f 1114//379 1112//379 1006//379
f 1006//379 1113//379 1114//379
f 1113//379 1006//379 1173//379
f 1173//379 1006//379 1152//379
f 1152//379 1006//379 1020//379
f 1023//379 1152//379 1020//379
f 1152//379 1023//379 1024//379
f 1109//379 1010//379 1271//379
f 1111//379 1112//379 1114//379
f 1007//379 1108//379 1067//379
f 1067//379 1115//379 1063//379
f 1063//379 1115//379 1116//379
f 1063//379 1116//379 1062//379
f 1062//379 1116//379 1117//379
f 1066//379 1062//379 1117//379
f 1066//379 1117//379 1118//379
f 1066//379 1118//379 1119//1899
f 1053//379 1066//379 1119//1899
f 1119//1899 1056//1900 1058//379
f 1119//1899 1058//379 1053//379
f 1108//379 1115//379 1067//379
f 1089//379 1067//379 1107//379
f 1054//379 1056//1900 1120//1898
f 1096//379 1039//379 1097//379
f 1099//379 1027//379 1101//379
f 1165//379 1102//379 1157//379
f 1132//1901 1122//1902 1121//1903
f 926//1904 1122//1902 1123//1905
f 1128//1906 1123//1905 1124//1907
f 925//1908 1124//1907 1134//1909
f 937//1910 1134//1909 1125//1911
f 937//1910 1125//1911 1133//1912
f 1129//1913 1133//1914 1126//1915
f 934//1916 1126//1915 1127//1917
f 933//1918 1127//1917 1130//1919
f 931//1920 1130//1919 1131//1921
f 928//1922 1131//1921 1132//1923
f 1121//1903 928//1924 1132//1901
f 1121//1903 1122//1902 926//1904
f 926//1904 1123//1905 1128//1906
f 1128//1906 1124//1907 925//1908
f 925//1908 1134//1909 937//1910
f 937//1925 1133//1914 935//1926
f 935//1926 1133//1914 1129//1913
f 1129//1913 1126//1915 934//1916
f 934//1916 1127//1917 933//1918
f 933//1918 1130//1919 931//1920
f 931//1920 1131//1921 928//1922
f 1131//379 1133//379 1132//379
f 1133//379 1131//379 1126//379
f 1126//379 1131//379 1130//1919
f 1126//379 1130//1919 1127//1917
f 1132//379 1133//379 1125//379
f 1122//379 1125//379 1134//379
f 1123//1905 1134//379 1124//1907
f 1132//379 1125//379 1122//379
f 1122//379 1134//379 1123//1905
f 1135//1927 1136//1928 956//1929
f 956//1929 1136//1928 1137//1930
f 1144//1931 1137//1930 1138//1932
f 953//1933 1138//1932 1149//1934
f 949//1935 1149//1934 1139//1936
f 948//1937 1139//1936 1140//1938
f 947//1939 1140//1940 1141//1941
f 1145//1942 1141//1941 1148//1943
f 945//1944 1148//1943 1142//1945
f 944//1946 1142//1945 1146//1947
f 1143//1948 1146//1947 1147//1949
f 1143//1948 1147//1949 1136//1950
f 1135//1927 1143//1951 1136//1928
f 956//1929 1137//1930 1144//1931
f 1144//1931 1138//1932 953//1933
f 953//1933 1149//1934 949//1935
f 949//1935 1139//1936 948//1937
f 948//1952 1140//1940 947//1939
f 947//1939 1141//1941 1145//1942
f 1145//1942 1148//1943 945//1944
f 945//1944 1142//1945 944//1946
f 944//1946 1146//1947 1143//1948
f 1147//379 1140//379 1136//379
f 1147//379 1141//379 1140//379
f 1141//379 1147//379 1146//379
f 1148//1943 1146//379 1142//1945
f 1141//379 1146//379 1148//1943
f 1136//379 1140//379 1139//379
f 1137//379 1139//379 1149//1934
f 1136//379 1139//379 1137//379
f 1137//379 1149//1934 1138//1932
f 1095//318 1093//1953 954//1728
f 954//1728 1093//1953 957//1730
f 1095//1894 954//1954 1072//1895
f 1072//1895 954//1954 955//1955
f 1104//1897 1072//1895 955//1955
f 946//1956 1024//1893 1088//1892
f 946//1956 1088//1892 1151//1957
f 1151//1958 1088//1959 1106//1960
f 1150//1726 1106//1961 1105//1962
f 951//1963 1105//1964 1085//1965
f 952//1966 1085//1967 1103//1968
f 950//1969 1103//1968 1104//1897
f 1151//1958 1106//1960 1150//1970
f 1150//1726 1105//1962 951//1727
f 951//1963 1085//1965 952//1971
f 952//1966 1103//1968 950//1969
f 950//1969 1104//1897 955//1955
f 1024//1893 946//1956 958//1972
f 1152//1973 1024//1893 958//1972
f 1173//1974 1152//1975 943//1723
f 943//1723 1152//1975 958//1724
f 1119//320 1118//1976 936//1716
f 936//1716 1118//1976 1153//1718
f 1119//1899 936//1977 1056//1900
f 1056//1900 936//1977 1154//1978
f 1120//1898 1056//1900 1154//1978
f 927//1979 1044//1891 1087//1890
f 1087//1890 929//1980 927//1979
f 929//1980 1087//1890 1086//1981
f 1155//1714 1086//1982 1090//1983
f 932//1984 1090//1985 1089//1986
f 1156//1987 1089//1986 1107//1988
f 930//1989 1107//1988 1120//1898
f 929//1980 1086//1981 1155//1990
f 1155//1714 1090//1983 932//1715
f 932//1984 1089//1986 1156//1987
f 1156//1987 1107//1988 930//1989
f 930//1989 1120//1898 1154//1978
f 1044//1891 927//1979 938//1991
f 1157//1992 1044//1891 938//1991
f 1165//320 1157//320 924//320
f 924//320 1157//320 938//320
f 1158//1993 940//1720 1166//1994
f 940//1995 1158//1995 861//1995
f 861//1996 1158//1996 1159//1997
f 861//1998 1159//1999 863//2000
f 863//2001 1159//2002 1160//2003
f 863//2004 1160//2005 864//2005
f 864//2006 1160//2007 1162//2008
f 865//2009 1162//2010 1161//2011
f 864//2012 1162//2013 865//2013
f 1161//2014 1163//2014 865//2015
f 865//2016 1163//2017 872//2016
f 872//2018 1163//2019 1167//2018
f 872//2020 1167//2020 857//2021
f 1167//2022 1168//2022 857//2023
f 857//1578 1168//2024 873//1576
f 873//2025 1168//2025 1164//2026
f 1100//2027 924//2028 1164//2029
f 1100//2027 1165//2030 924//2028
f 873//2031 1164//2029 924//2028
f 1164//2029 1169//2032 1100//2027
f 1100//2033 1169//2034 1101//2035
f 1101//2035 1169//2034 1166//2036
f 1101//2037 1166//1994 1099//1777
f 1099//1777 1166//1994 940//1720
f 1167//379 1166//379 1168//379
f 1168//379 1166//379 1169//2032
f 1168//379 1169//2032 1164//2029
f 1167//379 1163//379 1166//379
f 1166//379 1163//379 1158//379
f 1158//379 1163//379 1161//379
f 1159//379 1161//379 1162//2008
f 1158//379 1161//379 1159//379
f 1159//379 1162//2008 1160//2007
f 796//2038 1170//2038 805//2038
f 805//2039 1170//2039 1171//2040
f 943//2041 1171//2042 1174//2043
f 943//2044 1174//2045 1172//2046
f 1113//2047 943//2044 1172//2046
f 1113//2047 1173//2048 943//2044
f 805//1725 1171//2049 943//1723
f 1113//2047 1172//2046 1114//2050
f 1114//2050 1172//2046 1177//2051
f 1111//2052 1177//2051 1181//2053
f 848//1555 1181//2054 1175//2055
f 846//2056 1175//2057 1176//2057
f 1114//2050 1177//2051 1111//2052
f 1111//1775 1181//2054 848//1555
f 848//2058 1175//2058 846//2058
f 846//1506 1176//2059 804//1467
f 804//2060 1176//2061 1178//2060
f 804//2062 1178//2062 803//2062
f 803//2063 1178//2064 1179//2065
f 795//2066 1179//2067 1180//2067
f 803//2068 1179//2069 795//2070
f 795//2071 1180//2071 1170//2071
f 796//2072 795//2073 1170//2073
f 1180//379 1175//379 1170//379
f 1175//379 1180//379 1176//379
f 1176//379 1180//379 1179//2065
f 1176//379 1179//2065 1178//2064
f 1175//379 1181//379 1170//379
f 1170//379 1181//379 1177//379
f 1171//379 1177//379 1172//2046
f 1170//379 1177//379 1171//379
f 1171//379 1172//2046 1174//2045
f 1182//2074 1185//2075 1183//2076
f 830//2077 1182//2077 1183//2078
f 834//2079 1185//2080 1182//2081
f 1183//2082 1184//2083 830//2083
f 830//2084 1184//2085 840//2086
f 1185//2075 1184//379 1183//2076
f 1184//379 1185//2075 1249//2087
f 1249//2087 1263//379 1184//379
f 1263//379 1249//2087 1242//2088
f 1199//379 1242//2088 1241//2089
f 1199//379 1241//2089 1200//2090
f 1186//379 1200//2090 1188//2091
f 1187//379 1186//379 1188//2091
f 1191//379 1189//2092 1185//2075
f 1191//379 1190//2093 1189//2092
f 1190//2093 1191//379 1268//379
f 1192//2094 1268//379 1193//379
f 1232//2095 1193//379 1194//379
f 1194//379 1238//2096 1232//2095
f 1194//379 1195//379 1238//2096
f 1197//2097 1195//379 1198//379
f 1196//2098 1198//379 1266//379
f 1266//379 1264//379 1196//2098
f 1188//2091 1264//379 1187//379
f 1190//2093 1268//379 1192//2094
f 1192//2094 1193//379 1232//2095
f 1238//2096 1195//379 1197//2097
f 1197//2097 1198//379 1196//2098
f 1196//2098 1264//379 1188//2091
f 1186//379 1199//379 1200//2090
f 1199//379 1263//379 1242//2088
f 1185//2075 1189//2092 1249//2087
f 1191//2099 834//2079 816//2100
f 1191//2099 1185//2080 834//2079
f 1204//2101 1205//2102 1203//2103
f 1205//2102 1213//2104 1202//2105
f 1203//2103 1208//2106 1206//2107
f 1206//2107 1208//2106 1207//2108
f 1207//2108 1210//2109 1209//2110
f 1209//2110 1210//2109 1211//2111
f 1202//2105 1213//2104 1201//2112
f 1213//2104 1212//2113 1201//2112
f 1204//2101 1213//2104 1205//2102
f 1203//2103 1205//2102 1214//2114
f 1203//2103 1214//2114 1208//2106
f 1207//2108 1208//2106 1215//2115
f 1207//2108 1215//2115 1210//2109
f 1201//2112 1212//2113 1226//2116
f 1226//2116 1212//2113 1224//2117
f 1217//2118 1219//2119 1218//2120
f 1219//2119 1217//2118 1216//2121
f 1218//2120 1221//2122 1220//2123
f 1220//2123 1223//2124 1222//2125
f 1222//2125 1225//2126 1224//2117
f 1224//2117 1225//2126 1226//2116
f 1216//2121 1228//2127 1227//2128
f 1217//2118 1228//2129 1216//2121
f 1218//2120 1219//2119 1221//2122
f 1220//2123 1221//2122 1229//2130
f 1220//2123 1229//2130 1223//2124
f 1222//2125 1223//2124 1225//2126
f 1227//2128 1228//2127 1211//2111
f 1211//2111 1228//2127 1209//2110
f 1227//2128 1211//2111 1201//2112
f 1226//2116 1227//2128 1201//2112
f 1227//2128 1226//2116 1225//2126
f 1223//2124 1227//2128 1225//2126
f 1227//2128 1223//2124 1229//2130
f 1221//2122 1227//2128 1229//2130
f 1227//2128 1221//2122 1216//2121
f 1216//2121 1221//2122 1219//2119
f 1201//2112 1211//2111 1210//2109
f 1210//2109 1215//2115 1201//2112
f 1201//2112 1215//2115 1208//2106
f 1208//2106 1214//2114 1201//2112
f 1201//2112 1214//2114 1202//2105
f 1202//2105 1214//2114 1205//2102
f 1232//2095 1233//2131 1192//2094
f 1192//2094 1234//2132 1190//2093
f 1190//2093 1235//2133 1189//2092
f 1189//2092 1236//2134 1237//2135
f 1231//2136 1238//2096 1230//2137
f 1238//2096 1197//2097 1230//2137
f 1232//2095 1238//2096 1231//2136
f 1233//2131 1232//2095 1231//2136
f 1192//2094 1233//2131 1234//2132
f 1190//2093 1234//2132 1235//2133
f 1189//2092 1235//2133 1236//2134
f 1230//2137 1197//2097 1248//2138
f 1248//2138 1197//2097 1196//2098
f 1242//2088 1240//2139 1241//2089
f 1240//2139 1242//2088 1243//2140
f 1241//2089 1244//2141 1200//2090
f 1200//2090 1245//2142 1188//2091
f 1188//2091 1247//2109 1196//2098
f 1196//2098 1247//2109 1248//2138
f 1243//2140 1249//2143 1239//2144
f 1242//2088 1249//2087 1243//2140
f 1241//2089 1240//2139 1244//2141
f 1200//2090 1244//2141 1245//2142
f 1188//2091 1245//2142 1246//2115
f 1188//2091 1246//2115 1247//2109
f 1239//2144 1249//2143 1237//2135
f 1237//2135 1249//2143 1189//2092
f 1237//2135 1236//2134 1230//2137
f 1230//2137 1236//2134 1235//2133
f 1235//2133 1234//2132 1230//2137
f 1230//2137 1234//2132 1233//2131
f 1230//2137 1233//2131 1231//2136
f 1230//2137 1248//2138 1237//2135
f 1237//2135 1248//2138 1239//2144
f 1247//2109 1239//2144 1248//2138
f 1239//2144 1247//2109 1246//2115
f 1245//2142 1239//2144 1246//2115
f 1239//2144 1245//2142 1244//2141
f 1239//2144 1244//2141 1243//2140
f 1244//2141 1240//2139 1243//2140
f 906//2145 1256//2145 1250//2145
f 906//2146 1250//2146 908//2147
f 1250//2148 1251//2149 908//2150
f 908//2151 1251//2152 897//2153
f 1212//2113 1272//379 1262//379
f 1212//2113 1213//2104 1272//379
f 1253//379 1213//2104 1204//2101
f 1253//379 1204//2101 1252//379
f 1272//379 1213//2104 1253//379
f 1204//2101 1203//2103 1252//379
f 1254//379 1203//2103 1206//2107
f 1254//379 1206//2107 1207//2108
f 1255//379 1207//2108 1209//2110
f 1209//2110 1256//379 1255//379
f 1256//379 1209//2110 1251//2149
f 1256//379 1251//2149 1250//2148
f 1252//379 1203//2103 1254//379
f 1254//379 1207//2108 1255//379
f 1209//2110 1228//2129 1251//2149
f 1217//2118 1257//379 1228//2129
f 1257//379 1217//2118 1269//379
f 1269//379 1217//2118 1218//2120
f 1258//379 1218//2120 1220//2123
f 1259//379 1258//379 1220//2123
f 1251//2149 1228//2129 1257//379
f 1269//379 1218//2120 1258//379
f 1220//2123 1222//2125 1259//379
f 1259//379 1222//2125 1260//379
f 1260//379 1222//2125 1224//2117
f 1261//379 1224//2117 1212//2113
f 1262//379 1261//379 1212//2113
f 1260//379 1224//2117 1261//379
f 906//2154 909//2155 1256//2156
f 1255//2157 909//2155 883//2158
f 1255//2157 1256//2156 909//2155
f 829//2159 1263//2159 1199//2160
f 829//2161 1199//2161 850//2161
f 850//2162 1199//2163 1186//2164
f 850//2162 1186//2164 1098//2165
f 1098//2166 1186//2167 1097//2168
f 1097//2169 1186//2169 1187//2169
f 1096//2170 1187//2171 1264//2171
f 1265//2172 1264//2173 1266//2174
f 1097//2175 1187//2176 1096//2176
f 1096//2177 1264//2178 1265//2178
f 1198//2179 1091//2180 1266//2174
f 1266//2174 1091//2180 1265//2172
f 1091//2180 1198//2179 1195//2181
f 1092//2182 1195//2183 1194//2183
f 1267//2184 1194//2184 1193//2184
f 1093//2185 1193//2186 957//2187
f 1093//2188 1267//2189 1193//2190
f 1091//2191 1195//2191 1092//2192
f 1092//2193 1194//2194 1267//2193
f 957//2187 1193//2186 1268//2195
f 957//2196 1268//2196 816//2197
f 1268//2198 1191//2199 816//2199
f 840//2086 1184//2085 1263//2200
f 829//2201 840//2086 1263//2200
f 893//2202 1257//2202 1269//2203
f 893//2204 1269//2204 1270//2204
f 1270//2205 1269//2206 1258//2207
f 1270//2205 1258//2207 1110//2208
f 1110//2209 1258//2209 1271//2210
f 1271//2211 1258//2211 1259//2211
f 1109//2212 1259//2212 1260//2212
f 1108//2213 1260//2214 1261//2215
f 1271//2216 1259//2217 1109//2217
f 1109//2218 1260//2219 1108//2218
f 1262//2220 1115//2221 1261//2215
f 1261//2215 1115//2221 1108//2213
f 1115//2221 1262//2220 1272//2222
f 1116//2223 1272//2224 1253//2225
f 1117//2226 1253//2227 1252//2227
f 1118//2228 1252//2229 1153//2230
f 1118//2231 1117//2231 1252//2231
f 1115//2232 1272//2233 1116//2232
f 1116//2234 1253//2235 1117//2234
f 1153//2230 1252//2229 1254//2236
f 1153//2237 1254//2238 858//2239
f 1254//2240 1255//2241 858//2241
f 858//1579 1255//2242 883//1577
f 897//2153 1251//2152 1257//2243
f 893//2244 897//2153 1257//2243
f 1302//2245 1273//2246 259//2247
f 259//2247 1273//2246 1274//2248
f 1275//2249 1273//2250 1286//2251
f 257//2252 1286//2253 1276//2254
f 256//2255 1276//2254 1287//2256
f 1277//2257 1287//2256 1278//2258
f 254//2259 1278//2258 1279//2260
f 1280//2261 1279//2260 1301//2262
f 1281//2263 1301//2262 1288//2264
f 1282//2265 1288//2264 1283//2266
f 1289//2267 1283//2268 1300//2269
f 1284//2270 1300//2271 1285//2272
f 1274//2248 1273//2246 1275//2273
f 1275//2249 1286//2251 257//2274
f 257//2252 1276//2254 256//2255
f 256//2255 1287//2256 1277//2257
f 1277//2257 1278//2258 254//2259
f 254//2259 1279//2260 1280//2261
f 1280//2261 1301//2262 1281//2263
f 1281//2263 1288//2264 1282//2265
f 1282//2265 1283//2266 1289//2275
f 1289//2267 1300//2269 1284//2276
f 1285//2272 1290//2277 1284//2270
f 1284//2270 1290//2277 1295//2278
f 1291//210 196//210 243//210
f 243//210 196//210 246//210
f 246//210 196//210 195//210
f 247//210 195//210 1292//210
f 247//210 1292//210 249//210
f 246//210 195//210 247//210
f 249//210 1292//210 194//210
f 217//210 249//210 194//210
f 217//210 845//210 249//210
f 845//210 217//210 1293//210
f 842//210 1293//210 843//210
f 845//210 1293//210 842//210
f 1293//210 216//210 843//210
f 843//210 216//210 214//210
f 843//210 214//210 844//210
f 214//210 1294//210 844//210
f 259//210 1294//210 210//210
f 1295//210 210//210 251//210
f 1295//210 259//210 210//210
f 1295//210 1302//210 259//210
f 1295//210 1290//210 1302//210
f 844//210 1294//210 259//210
f 251//210 210//210 208//210
f 251//210 208//210 921//210
f 921//210 208//210 211//210
f 1296//210 211//210 922//210
f 921//210 211//210 1296//210
f 211//210 206//210 922//210
f 917//210 206//210 1297//210
f 1297//210 203//210 917//210
f 917//210 203//210 918//210
f 918//210 203//210 919//210
f 922//210 206//210 917//210
f 203//210 1298//210 919//210
f 919//210 1298//210 201//210
f 919//210 201//210 920//210
f 201//210 1299//210 920//210
f 191//210 1299//210 1291//210
f 192//210 1291//210 243//210
f 192//210 191//210 1291//210
f 920//210 1299//210 191//210
f 1285//334 1300//334 1273//334
f 1273//334 1300//334 1286//334
f 1286//334 1300//334 1283//334
f 1276//334 1283//334 1288//334
f 1288//334 1301//334 1276//334
f 1276//334 1301//334 1287//334
f 1287//334 1301//334 1279//2260
f 1290//334 1285//334 1302//334
f 1302//334 1285//334 1273//334
f 1286//334 1283//334 1276//334
f 1287//334 1279//2260 1278//2258
f 108//209 116//208 86//233
f 86//233 116//208 131//234
f 112//218 81//217 111//229
f 111//229 81//217 130//230
f 1304//2279 1317//2280 1305//2281
f 1306//2282 1305//2281 1307//2283
f 1303//2284 1317//2280 1304//2279
f 1304//2279 1305//2281 1306//2282
f 758//2285 1319//2286 762//1568
f 1319//2286 758//2285 778//1568
f 778//1568 759//1568 1319//2286
f 1309//1568 759//1568 777//1568
f 777//1568 760//1568 1309//1568
f 1308//1568 1309//1568 760//1568
f 1309//1568 1308//1568 1317//1568
f 1317//1568 1308//1568 1310//2287
f 1317//1568 1310//2287 1311//1568
f 1311//1568 1307//2283 1317//1568
f 1311//1568 1312//1568 1307//2283
f 772//1568 1307//2283 1312//1568
f 1307//2283 772//1568 771//1568
f 771//1568 1322//2288 1307//2283
f 771//1568 770//1568 1322//2288
f 775//1568 1322//2288 770//1568
f 1322//2288 775//1568 769//2285
f 769//2285 1323//1568 1322//2288
f 1323//1568 769//2285 774//2289
f 1323//1568 774//2289 767//1568
f 767//1568 1313//1568 1323//1568
f 767//1568 773//1568 1313//1568
f 766//1568 1313//1568 773//1568
f 1313//1568 766//1568 764//1568
f 763//1568 1314//2290 764//1568
f 1314//2290 763//1568 762//1568
f 1314//2290 762//1568 1319//2286
f 1319//2286 759//1568 1309//1568
f 1309//1568 1315//2291 1319//2286
f 1313//1568 764//1568 1314//2290
f 1313//1568 1314//2290 1316//2292
f 1317//1568 1307//2283 1305//2281
f 1318//2293 1322//2288 1323//1568
f 1303//2284 191//2294 1317//2280
f 1317//2280 191//2294 1309//2295
f 1309//2295 191//2294 1320//2296
f 239//2297 1319//2286 1315//2291
f 240//2298 1315//2299 1309//2299
f 237//2300 1319//2286 239//2297
f 239//2301 1315//2301 240//2301
f 240//2302 1309//2295 1320//2296
f 1324//2303 1322//2288 1318//2293
f 854//2304 1318//2293 1323//2305
f 1321//2306 1322//2288 1324//2303
f 1324//2303 1318//2293 854//2304
f 854//2304 1323//2305 192//2307
f 192//2307 1323//2305 1313//2308
f 229//2309 192//2307 1313//2308
f 1313//2308 1325//2310 229//2309
f 1313//2311 1316//2311 1325//2312
f 1326//2313 1316//2292 1314//2290
f 1325//2314 1316//2314 1326//2314
f 1326//2313 1314//2290 238//2315
f 1307//2283 1322//2288 1306//2282
f 1306//2282 1322//2288 1321//2306
f 237//2300 238//2315 1319//2286
f 1319//2286 238//2315 1314//2290
